solid OpenSCAD_Model
  facet normal -1 0 0
    outer loop
      vertex -53.4 -53.4 1.6
      vertex -53.4 -53.4 5.6
      vertex -53.4 53.4 5.6
    endloop
  endfacet
  facet normal 0 0 1
    outer loop
      vertex -53.4 -53.4 5.6
      vertex -51.8 -51.8 5.6
      vertex -51.8 51.8 5.6
    endloop
  endfacet
  facet normal 0 -1 0
    outer loop
      vertex -53.4 -53.4 1.6
      vertex 53.4 -53.4 5.6
      vertex -53.4 -53.4 5.6
    endloop
  endfacet
  facet normal 0 0 1
    outer loop
      vertex -53.4 -53.4 5.6
      vertex 51.8 -51.8 5.6
      vertex -51.8 -51.8 5.6
    endloop
  endfacet
  facet normal -1 0 0
    outer loop
      vertex -53.4 -53.4 1.6
      vertex -53.4 53.4 5.6
      vertex -53.4 53.4 1.6
    endloop
  endfacet
  facet normal 0 0 1
    outer loop
      vertex -53.4 -53.4 5.6
      vertex -51.8 51.8 5.6
      vertex -53.4 53.4 5.6
    endloop
  endfacet
  facet normal 0 1 0
    outer loop
      vertex -53.4 53.4 1.6
      vertex -53.4 53.4 5.6
      vertex 53.4 53.4 1.6
    endloop
  endfacet
  facet normal 0 0 1
    outer loop
      vertex -53.4 53.4 5.6
      vertex -51.8 51.8 5.6
      vertex 53.4 53.4 5.6
    endloop
  endfacet
  facet normal 0 -1 0
    outer loop
      vertex -53.4 -53.4 1.6
      vertex 53.4 -53.4 1.6
      vertex 53.4 -53.4 5.6
    endloop
  endfacet
  facet normal 0 0 1
    outer loop
      vertex -53.4 -53.4 5.6
      vertex 53.4 -53.4 5.6
      vertex 51.8 -51.8 5.6
    endloop
  endfacet
  facet normal 1 0 0
    outer loop
      vertex 53.4 -53.4 1.6
      vertex 53.4 53.4 1.6
      vertex 53.4 -53.4 5.6
    endloop
  endfacet
  facet normal 0 0 1
    outer loop
      vertex 51.8 -51.8 5.6
      vertex 53.4 -53.4 5.6
      vertex 53.4 53.4 5.6
    endloop
  endfacet
  facet normal 0 1 0
    outer loop
      vertex -53.4 53.4 5.6
      vertex 53.4 53.4 5.6
      vertex 53.4 53.4 1.6
    endloop
  endfacet
  facet normal 0 0 1
    outer loop
      vertex -51.8 51.8 5.6
      vertex 51.8 51.8 5.6
      vertex 53.4 53.4 5.6
    endloop
  endfacet
  facet normal 1 0 0
    outer loop
      vertex 53.4 -53.4 5.6
      vertex 53.4 53.4 1.6
      vertex 53.4 53.4 5.6
    endloop
  endfacet
  facet normal 0 0 1
    outer loop
      vertex 51.8 -51.8 5.6
      vertex 53.4 53.4 5.6
      vertex 51.8 51.8 5.6
    endloop
  endfacet
  facet normal 1 0 0
    outer loop
      vertex -51.8 -51.8 1.6
      vertex -51.8 51.8 5.6
      vertex -51.8 -51.8 5.6
    endloop
  endfacet
  facet normal 0 1 0
    outer loop
      vertex -51.8 -51.8 1.6
      vertex -51.8 -51.8 5.6
      vertex 51.8 -51.8 1.6
    endloop
  endfacet
  facet normal 1 0 0
    outer loop
      vertex -51.8 -51.8 1.6
      vertex -51.8 51.8 1.6
      vertex -51.8 51.8 5.6
    endloop
  endfacet
  facet normal 0 -1 0
    outer loop
      vertex -51.8 51.8 1.6
      vertex 51.8 51.8 5.6
      vertex -51.8 51.8 5.6
    endloop
  endfacet
  facet normal 0 1 0
    outer loop
      vertex -51.8 -51.8 5.6
      vertex 51.8 -51.8 5.6
      vertex 51.8 -51.8 1.6
    endloop
  endfacet
  facet normal -1 0 0
    outer loop
      vertex 51.8 -51.8 1.6
      vertex 51.8 -51.8 5.6
      vertex 51.8 51.8 1.6
    endloop
  endfacet
  facet normal 0 -1 0
    outer loop
      vertex -51.8 51.8 1.6
      vertex 51.8 51.8 1.6
      vertex 51.8 51.8 5.6
    endloop
  endfacet
  facet normal -1 0 0
    outer loop
      vertex 51.8 -51.8 5.6
      vertex 51.8 51.8 5.6
      vertex 51.8 51.8 1.6
    endloop
  endfacet
  facet normal -1 0 0
    outer loop
      vertex -55.5 -55.5 0
      vertex -55.5 -55.5 1.6
      vertex -55.5 55.5 1.6
    endloop
  endfacet
  facet normal 0 0 -1
    outer loop
      vertex -55.5 -55.5 0
      vertex -13.913880671464417 -12.580569354508924 0
      vertex -13.847759065022574 -12.76536686473018 0
    endloop
  endfacet
  facet normal 0 0 -1
    outer loop
      vertex -55.5 -55.5 0
      vertex -13.96157056080646 -12.390180644032256 0
      vertex -13.913880671464417 -12.580569354508924 0
    endloop
  endfacet
  facet normal 0 0 -1
    outer loop
      vertex -55.5 -55.5 0
      vertex -13.990369453344394 -12.196034280659122 0
      vertex -13.96157056080646 -12.390180644032256 0
    endloop
  endfacet
  facet normal 0 0 -1
    outer loop
      vertex -55.5 -55.5 0
      vertex -14 -12 0
      vertex -13.990369453344394 -12.196034280659122 0
    endloop
  endfacet
  facet normal 0 0 -1
    outer loop
      vertex -55.5 -55.5 0
      vertex -13.990369453344394 -11.803965719340878 0
      vertex -14 -12 0
    endloop
  endfacet
  facet normal 0 0 -1
    outer loop
      vertex -55.5 -55.5 0
      vertex -13.96157056080646 -11.609819355967744 0
      vertex -13.990369453344394 -11.803965719340878 0
    endloop
  endfacet
  facet normal 0 0 -1
    outer loop
      vertex -55.5 -55.5 0
      vertex -13.913880671464417 -11.419430645491076 0
      vertex -13.96157056080646 -11.609819355967744 0
    endloop
  endfacet
  facet normal 0 0 -1
    outer loop
      vertex -55.5 -55.5 0
      vertex -13.847759065022574 -11.23463313526982 0
      vertex -13.913880671464417 -11.419430645491076 0
    endloop
  endfacet
  facet normal 0 0 -1
    outer loop
      vertex -55.5 -55.5 0
      vertex -13.913880671464417 -0.5805693545089247 0
      vertex -13.847759065022574 -0.7653668647301796 0
    endloop
  endfacet
  facet normal 0 0 -1
    outer loop
      vertex -55.5 -55.5 0
      vertex -13.96157056080646 -0.3901806440322565 0
      vertex -13.913880671464417 -0.5805693545089247 0
    endloop
  endfacet
  facet normal 0 0 -1
    outer loop
      vertex -55.5 -55.5 0
      vertex -13.990369453344394 -0.1960342806591212 0
      vertex -13.96157056080646 -0.3901806440322565 0
    endloop
  endfacet
  facet normal 0 0 -1
    outer loop
      vertex -55.5 -55.5 0
      vertex -14 0 0
      vertex -13.990369453344394 -0.1960342806591212 0
    endloop
  endfacet
  facet normal 0 0 1
    outer loop
      vertex -55.5 -55.5 1.6
      vertex -53.4 -53.4 1.6
      vertex -53.4 53.4 1.6
    endloop
  endfacet
  facet normal 0 -1 0
    outer loop
      vertex -55.5 -55.5 0
      vertex 55.5 -55.5 1.6
      vertex -55.5 -55.5 1.6
    endloop
  endfacet
  facet normal 0 0 -1
    outer loop
      vertex -55.5 -55.5 0
      vertex -12.76536686473018 -13.847759065022574 0
      vertex -12.580569354508924 -13.913880671464417 0
    endloop
  endfacet
  facet normal 0 0 -1
    outer loop
      vertex -55.5 -55.5 0
      vertex -12.580569354508924 -13.913880671464417 0
      vertex -12.390180644032256 -13.96157056080646 0
    endloop
  endfacet
  facet normal 0 0 -1
    outer loop
      vertex -55.5 -55.5 0
      vertex -12.390180644032256 -13.96157056080646 0
      vertex -12.196034280659122 -13.990369453344394 0
    endloop
  endfacet
  facet normal 0 0 -1
    outer loop
      vertex -55.5 -55.5 0
      vertex -12.196034280659122 -13.990369453344394 0
      vertex 55.5 -55.5 0
    endloop
  endfacet
  facet normal 0 0 1
    outer loop
      vertex -55.5 -55.5 1.6
      vertex 53.4 -53.4 1.6
      vertex -53.4 -53.4 1.6
    endloop
  endfacet
  facet normal 0 0 -1
    outer loop
      vertex -55.5 -55.5 0
      vertex -13.546020906725474 -13.268786568327291 0
      vertex -13.414213562373096 -13.414213562373096 0
    endloop
  endfacet
  facet normal 0 0 -1
    outer loop
      vertex -55.5 -55.5 0
      vertex -13.414213562373096 -13.414213562373096 0
      vertex -13.268786568327291 -13.546020906725474 0
    endloop
  endfacet
  facet normal 0 0 -1
    outer loop
      vertex -55.5 -55.5 0
      vertex -13.76384252869671 -12.942793473651996 0
      vertex -13.66293922460509 -13.111140466039204 0
    endloop
  endfacet
  facet normal 0 0 -1
    outer loop
      vertex -55.5 -55.5 0
      vertex -13.66293922460509 -13.111140466039204 0
      vertex -13.546020906725474 -13.268786568327291 0
    endloop
  endfacet
  facet normal 0 0 -1
    outer loop
      vertex -55.5 -55.5 0
      vertex -13.847759065022574 -12.76536686473018 0
      vertex -13.76384252869671 -12.942793473651996 0
    endloop
  endfacet
  facet normal 0 0 -1
    outer loop
      vertex -55.5 -55.5 0
      vertex -13.268786568327291 -13.546020906725474 0
      vertex -13.111140466039204 -13.66293922460509 0
    endloop
  endfacet
  facet normal 0 0 -1
    outer loop
      vertex -55.5 -55.5 0
      vertex -13.111140466039204 -13.66293922460509 0
      vertex -12.942793473651996 -13.76384252869671 0
    endloop
  endfacet
  facet normal 0 0 -1
    outer loop
      vertex -55.5 -55.5 0
      vertex -12.942793473651996 -13.76384252869671 0
      vertex -12.76536686473018 -13.847759065022574 0
    endloop
  endfacet
  facet normal 0 0 -1
    outer loop
      vertex -55.5 -55.5 0
      vertex -13.76384252869671 -11.057206526348004 0
      vertex -13.847759065022574 -11.23463313526982 0
    endloop
  endfacet
  facet normal 0 0 -1
    outer loop
      vertex -55.5 -55.5 0
      vertex -13.66293922460509 -10.888859533960796 0
      vertex -13.76384252869671 -11.057206526348004 0
    endloop
  endfacet
  facet normal 0 0 -1
    outer loop
      vertex -55.5 -55.5 0
      vertex -13.546020906725474 -10.731213431672709 0
      vertex -13.66293922460509 -10.888859533960796 0
    endloop
  endfacet
  facet normal 0 0 -1
    outer loop
      vertex -55.5 -55.5 0
      vertex -13.414213562373096 -10.585786437626904 0
      vertex -13.546020906725474 -10.731213431672709 0
    endloop
  endfacet
  facet normal 0 0 -1
    outer loop
      vertex -55.5 -55.5 0
      vertex -11.419430645491076 -1.9138806714644176 0
      vertex -13.414213562373096 -10.585786437626904 0
    endloop
  endfacet
  facet normal 0 0 -1
    outer loop
      vertex -55.5 -55.5 0
      vertex -13.76384252869671 -0.9427934736519953 0
      vertex -13.66293922460509 -1.1111404660392044 0
    endloop
  endfacet
  facet normal 0 0 -1
    outer loop
      vertex -55.5 -55.5 0
      vertex -13.66293922460509 -1.1111404660392044 0
      vertex -13.546020906725474 -1.268786568327291 0
    endloop
  endfacet
  facet normal 0 0 -1
    outer loop
      vertex -55.5 -55.5 0
      vertex -13.546020906725474 -1.268786568327291 0
      vertex -13.414213562373096 -1.4142135623730951 0
    endloop
  endfacet
  facet normal 0 0 -1
    outer loop
      vertex -55.5 -55.5 0
      vertex -13.414213562373096 -1.4142135623730951 0
      vertex -13.268786568327291 -1.546020906725474 0
    endloop
  endfacet
  facet normal 0 0 -1
    outer loop
      vertex -55.5 -55.5 0
      vertex -13.268786568327291 -1.546020906725474 0
      vertex -13.111140466039204 -1.6629392246050905 0
    endloop
  endfacet
  facet normal 0 0 -1
    outer loop
      vertex -55.5 -55.5 0
      vertex -13.111140466039204 -1.6629392246050905 0
      vertex -12.942793473651996 -1.76384252869671 0
    endloop
  endfacet
  facet normal 0 0 -1
    outer loop
      vertex -55.5 -55.5 0
      vertex -12.76536686473018 -1.8477590650225735 0
      vertex -12.580569354508924 -1.9138806714644176 0
    endloop
  endfacet
  facet normal 0 0 -1
    outer loop
      vertex -55.5 -55.5 0
      vertex -12.942793473651996 -1.76384252869671 0
      vertex -12.76536686473018 -1.8477590650225735 0
    endloop
  endfacet
  facet normal 0 0 -1
    outer loop
      vertex -55.5 -55.5 0
      vertex -12.580569354508924 -1.9138806714644176 0
      vertex -12.390180644032256 -1.9615705608064609 0
    endloop
  endfacet
  facet normal 0 0 -1
    outer loop
      vertex -55.5 -55.5 0
      vertex -12.390180644032256 -1.9615705608064609 0
      vertex -12.196034280659122 -1.9903694533443939 0
    endloop
  endfacet
  facet normal 0 0 -1
    outer loop
      vertex -55.5 -55.5 0
      vertex -12.196034280659122 -1.9903694533443939 0
      vertex -12 -2 0
    endloop
  endfacet
  facet normal 0 0 -1
    outer loop
      vertex -55.5 -55.5 0
      vertex -12 -2 0
      vertex -11.803965719340878 -1.9903694533443939 0
    endloop
  endfacet
  facet normal 0 0 -1
    outer loop
      vertex -55.5 -55.5 0
      vertex -11.803965719340878 -1.9903694533443939 0
      vertex -11.609819355967744 -1.9615705608064609 0
    endloop
  endfacet
  facet normal 0 0 -1
    outer loop
      vertex -55.5 -55.5 0
      vertex -11.609819355967744 -1.9615705608064609 0
      vertex -11.419430645491076 -1.9138806714644176 0
    endloop
  endfacet
  facet normal 0 0 -1
    outer loop
      vertex -55.5 -55.5 0
      vertex -13.847759065022574 -0.7653668647301796 0
      vertex -13.76384252869671 -0.9427934736519953 0
    endloop
  endfacet
  facet normal 0 0 -1
    outer loop
      vertex -13.268786568327291 -10.453979093274526 0
      vertex -13.414213562373096 -10.585786437626904 0
      vertex -11.419430645491076 -1.9138806714644176 0
    endloop
  endfacet
  facet normal 0 0 -1
    outer loop
      vertex -13.111140466039204 -10.33706077539491 0
      vertex -13.268786568327291 -10.453979093274526 0
      vertex -11.419430645491076 -1.9138806714644176 0
    endloop
  endfacet
  facet normal 0 0 -1
    outer loop
      vertex -12.942793473651996 -10.23615747130329 0
      vertex -13.111140466039204 -10.33706077539491 0
      vertex -11.419430645491076 -1.9138806714644176 0
    endloop
  endfacet
  facet normal 0 0 -1
    outer loop
      vertex -12.76536686473018 -10.152240934977426 0
      vertex -12.942793473651996 -10.23615747130329 0
      vertex -11.419430645491076 -1.9138806714644176 0
    endloop
  endfacet
  facet normal 0 0 -1
    outer loop
      vertex -12.580569354508924 -10.086119328535583 0
      vertex -12.76536686473018 -10.152240934977426 0
      vertex -11.419430645491076 -1.9138806714644176 0
    endloop
  endfacet
  facet normal 0 0 -1
    outer loop
      vertex -12.390180644032256 -10.03842943919354 0
      vertex -12.580569354508924 -10.086119328535583 0
      vertex -11.419430645491076 -1.9138806714644176 0
    endloop
  endfacet
  facet normal 0 0 -1
    outer loop
      vertex -10.585786437626904 -13.414213562373096 0
      vertex -10.453979093274526 -13.268786568327291 0
      vertex -1.4142135623730951 -13.414213562373096 0
    endloop
  endfacet
  facet normal 0 0 -1
    outer loop
      vertex -10.33706077539491 -13.111140466039204 0
      vertex -1.546020906725474 -13.268786568327291 0
      vertex -10.453979093274526 -13.268786568327291 0
    endloop
  endfacet
  facet normal 0 0 -1
    outer loop
      vertex -10.23615747130329 -12.942793473651996 0
      vertex -1.6629392246050905 -13.111140466039204 0
      vertex -10.33706077539491 -13.111140466039204 0
    endloop
  endfacet
  facet normal 0 0 -1
    outer loop
      vertex -10.152240934977426 -12.76536686473018 0
      vertex -1.76384252869671 -12.942793473651996 0
      vertex -10.23615747130329 -12.942793473651996 0
    endloop
  endfacet
  facet normal 0 0 -1
    outer loop
      vertex -10.086119328535583 -12.580569354508924 0
      vertex -1.8477590650225735 -12.76536686473018 0
      vertex -10.152240934977426 -12.76536686473018 0
    endloop
  endfacet
  facet normal 0 0 -1
    outer loop
      vertex -10.03842943919354 -12.390180644032256 0
      vertex -1.9138806714644176 -12.580569354508924 0
      vertex -10.086119328535583 -12.580569354508924 0
    endloop
  endfacet
  facet normal 0 0 -1
    outer loop
      vertex -10.009630546655606 -12.196034280659122 0
      vertex -1.9615705608064609 -12.390180644032256 0
      vertex -10.03842943919354 -12.390180644032256 0
    endloop
  endfacet
  facet normal 0 0 -1
    outer loop
      vertex -10.152240934977426 -11.23463313526982 0
      vertex -1.9138806714644176 -11.419430645491076 0
      vertex -10.086119328535583 -11.419430645491076 0
    endloop
  endfacet
  facet normal 0 0 -1
    outer loop
      vertex -10 -12 0
      vertex -1.9903694533443939 -12.196034280659122 0
      vertex -10.009630546655606 -12.196034280659122 0
    endloop
  endfacet
  facet normal 0 0 -1
    outer loop
      vertex -10.009630546655606 -11.803965719340878 0
      vertex -2 -12 0
      vertex -10 -12 0
    endloop
  endfacet
  facet normal 0 0 -1
    outer loop
      vertex -10.03842943919354 -11.609819355967744 0
      vertex -1.9903694533443939 -11.803965719340878 0
      vertex -10.009630546655606 -11.803965719340878 0
    endloop
  endfacet
  facet normal 0 0 -1
    outer loop
      vertex -10.086119328535583 -11.419430645491076 0
      vertex -1.9615705608064609 -11.609819355967744 0
      vertex -10.03842943919354 -11.609819355967744 0
    endloop
  endfacet
  facet normal 0 0 -1
    outer loop
      vertex -11.23463313526982 -10.152240934977426 0
      vertex -11.419430645491076 -10.086119328535583 0
      vertex -1.8477590650225735 -0.7653668647301796 0
    endloop
  endfacet
  facet normal 0 0 -1
    outer loop
      vertex -10.888859533960796 -10.33706077539491 0
      vertex -11.057206526348004 -10.23615747130329 0
      vertex -1.6629392246050905 -1.1111404660392044 0
    endloop
  endfacet
  facet normal 0 0 -1
    outer loop
      vertex -11.057206526348004 -10.23615747130329 0
      vertex -11.23463313526982 -10.152240934977426 0
      vertex -1.76384252869671 -0.9427934736519953 0
    endloop
  endfacet
  facet normal 0 0 -1
    outer loop
      vertex -10.33706077539491 -10.888859533960796 0
      vertex -0.9427934736519953 -1.76384252869671 0
      vertex -10.23615747130329 -11.057206526348004 0
    endloop
  endfacet
  facet normal 0 0 -1
    outer loop
      vertex -10.23615747130329 -11.057206526348004 0
      vertex -0.7653668647301796 -1.8477590650225735 0
      vertex -10.152240934977426 -11.23463313526982 0
    endloop
  endfacet
  facet normal 0 0 -1
    outer loop
      vertex -10.585786437626904 -10.585786437626904 0
      vertex -1.268786568327291 -1.546020906725474 0
      vertex -10.453979093274526 -10.731213431672709 0
    endloop
  endfacet
  facet normal 0 0 -1
    outer loop
      vertex -1.4142135623730951 -1.4142135623730951 0
      vertex -10.585786437626904 -10.585786437626904 0
      vertex -10.731213431672709 -10.453979093274526 0
    endloop
  endfacet
  facet normal 0 0 -1
    outer loop
      vertex -10.731213431672709 -10.453979093274526 0
      vertex -10.888859533960796 -10.33706077539491 0
      vertex -1.546020906725474 -1.268786568327291 0
    endloop
  endfacet
  facet normal 0 0 -1
    outer loop
      vertex -10.453979093274526 -10.731213431672709 0
      vertex -1.1111404660392044 -1.6629392246050905 0
      vertex -10.33706077539491 -10.888859533960796 0
    endloop
  endfacet
  facet normal 0 0 -1
    outer loop
      vertex -12.390180644032256 -10.03842943919354 0
      vertex -11.419430645491076 -1.9138806714644176 0
      vertex -11.23463313526982 -1.8477590650225735 0
    endloop
  endfacet
  facet normal 0 0 -1
    outer loop
      vertex -12.390180644032256 -10.03842943919354 0
      vertex -11.23463313526982 -1.8477590650225735 0
      vertex -11.057206526348004 -1.76384252869671 0
    endloop
  endfacet
  facet normal 0 0 -1
    outer loop
      vertex -12.390180644032256 -10.03842943919354 0
      vertex -11.057206526348004 -1.76384252869671 0
      vertex -10.888859533960796 -1.6629392246050905 0
    endloop
  endfacet
  facet normal 0 0 -1
    outer loop
      vertex -12.390180644032256 -10.03842943919354 0
      vertex -10.888859533960796 -1.6629392246050905 0
      vertex -10.731213431672709 -1.546020906725474 0
    endloop
  endfacet
  facet normal 0 0 -1
    outer loop
      vertex -12.390180644032256 -10.03842943919354 0
      vertex -10.731213431672709 -1.546020906725474 0
      vertex -10.585786437626904 -1.4142135623730951 0
    endloop
  endfacet
  facet normal 0 0 -1
    outer loop
      vertex -12.390180644032256 -10.03842943919354 0
      vertex -10.585786437626904 -1.4142135623730951 0
      vertex -10.453979093274526 -1.268786568327291 0
    endloop
  endfacet
  facet normal 0 0 -1
    outer loop
      vertex -12.390180644032256 -10.03842943919354 0
      vertex -10.453979093274526 -1.268786568327291 0
      vertex -10.33706077539491 -1.1111404660392044 0
    endloop
  endfacet
  facet normal 0 0 -1
    outer loop
      vertex -12.390180644032256 -10.03842943919354 0
      vertex -10.33706077539491 -1.1111404660392044 0
      vertex -10.23615747130329 -0.9427934736519953 0
    endloop
  endfacet
  facet normal 0 0 -1
    outer loop
      vertex -12.390180644032256 -10.03842943919354 0
      vertex -10.23615747130329 -0.9427934736519953 0
      vertex -10.152240934977426 -0.7653668647301796 0
    endloop
  endfacet
  facet normal 0 0 -1
    outer loop
      vertex -12.196034280659122 -10.009630546655606 0
      vertex -12.390180644032256 -10.03842943919354 0
      vertex -1.9903694533443939 0.1960342806591212 0
    endloop
  endfacet
  facet normal 0 0 -1
    outer loop
      vertex -12 -10 0
      vertex -12.196034280659122 -10.009630546655606 0
      vertex -2 0 0
    endloop
  endfacet
  facet normal 0 0 -1
    outer loop
      vertex -11.803965719340878 -10.009630546655606 0
      vertex -12 -10 0
      vertex -1.9903694533443939 -0.1960342806591212 0
    endloop
  endfacet
  facet normal 0 0 -1
    outer loop
      vertex -11.609819355967744 -10.03842943919354 0
      vertex -11.803965719340878 -10.009630546655606 0
      vertex -1.9615705608064609 -0.3901806440322565 0
    endloop
  endfacet
  facet normal 0 0 -1
    outer loop
      vertex -11.419430645491076 -10.086119328535583 0
      vertex -11.609819355967744 -10.03842943919354 0
      vertex -1.9138806714644176 -0.5805693545089247 0
    endloop
  endfacet
  facet normal 0 0 -1
    outer loop
      vertex -12.390180644032256 -10.03842943919354 0
      vertex -10.152240934977426 -0.7653668647301796 0
      vertex -1.9615705608064609 0.3901806440322565 0
    endloop
  endfacet
  facet normal 0 0 -1
    outer loop
      vertex -10.086119328535583 -0.5805693545089247 0
      vertex -1.9615705608064609 0.3901806440322565 0
      vertex -10.152240934977426 -0.7653668647301796 0
    endloop
  endfacet
  facet normal 0 0 -1
    outer loop
      vertex -10.03842943919354 -0.3901806440322565 0
      vertex -1.9615705608064609 0.3901806440322565 0
      vertex -10.086119328535583 -0.5805693545089247 0
    endloop
  endfacet
  facet normal 0 0 -1
    outer loop
      vertex -10.585786437626904 -13.414213562373096 0
      vertex -1.4142135623730951 -13.414213562373096 0
      vertex -1.268786568327291 -13.546020906725474 0
    endloop
  endfacet
  facet normal 0 0 -1
    outer loop
      vertex -10.453979093274526 -13.268786568327291 0
      vertex -1.546020906725474 -13.268786568327291 0
      vertex -1.4142135623730951 -13.414213562373096 0
    endloop
  endfacet
  facet normal 0 0 -1
    outer loop
      vertex -1.546020906725474 -13.268786568327291 0
      vertex -10.33706077539491 -13.111140466039204 0
      vertex -1.6629392246050905 -13.111140466039204 0
    endloop
  endfacet
  facet normal 0 0 -1
    outer loop
      vertex -10.23615747130329 -12.942793473651996 0
      vertex -1.76384252869671 -12.942793473651996 0
      vertex -1.6629392246050905 -13.111140466039204 0
    endloop
  endfacet
  facet normal 0 0 -1
    outer loop
      vertex -10.152240934977426 -12.76536686473018 0
      vertex -1.8477590650225735 -12.76536686473018 0
      vertex -1.76384252869671 -12.942793473651996 0
    endloop
  endfacet
  facet normal 0 0 -1
    outer loop
      vertex -1.8477590650225735 -12.76536686473018 0
      vertex -10.086119328535583 -12.580569354508924 0
      vertex -1.9138806714644176 -12.580569354508924 0
    endloop
  endfacet
  facet normal 0 0 -1
    outer loop
      vertex -1.9138806714644176 -12.580569354508924 0
      vertex -10.03842943919354 -12.390180644032256 0
      vertex -1.9615705608064609 -12.390180644032256 0
    endloop
  endfacet
  facet normal 0 0 -1
    outer loop
      vertex -1.9615705608064609 -12.390180644032256 0
      vertex -10.009630546655606 -12.196034280659122 0
      vertex -1.9903694533443939 -12.196034280659122 0
    endloop
  endfacet
  facet normal 0 0 -1
    outer loop
      vertex -10.585786437626904 -13.414213562373096 0
      vertex -1.268786568327291 -13.546020906725474 0
      vertex -1.1111404660392044 -13.66293922460509 0
    endloop
  endfacet
  facet normal 0 0 -1
    outer loop
      vertex -10 -12 0
      vertex -2 -12 0
      vertex -1.9903694533443939 -12.196034280659122 0
    endloop
  endfacet
  facet normal 0 0 -1
    outer loop
      vertex -10.009630546655606 -11.803965719340878 0
      vertex -1.9903694533443939 -11.803965719340878 0
      vertex -2 -12 0
    endloop
  endfacet
  facet normal 0 0 -1
    outer loop
      vertex -10.03842943919354 -11.609819355967744 0
      vertex -1.9615705608064609 -11.609819355967744 0
      vertex -1.9903694533443939 -11.803965719340878 0
    endloop
  endfacet
  facet normal 0 0 -1
    outer loop
      vertex -10.086119328535583 -11.419430645491076 0
      vertex -1.9138806714644176 -11.419430645491076 0
      vertex -1.9615705608064609 -11.609819355967744 0
    endloop
  endfacet
  facet normal 0 0 -1
    outer loop
      vertex -10.152240934977426 -11.23463313526982 0
      vertex -1.8477590650225735 -11.23463313526982 0
      vertex -1.9138806714644176 -11.419430645491076 0
    endloop
  endfacet
  facet normal 0 0 -1
    outer loop
      vertex -0.7653668647301796 -1.8477590650225735 0
      vertex -1.8477590650225735 -11.23463313526982 0
      vertex -10.152240934977426 -11.23463313526982 0
    endloop
  endfacet
  facet normal 0 0 -1
    outer loop
      vertex -1.8477590650225735 -11.23463313526982 0
      vertex -0.7653668647301796 -1.8477590650225735 0
      vertex -1.76384252869671 -11.057206526348004 0
    endloop
  endfacet
  facet normal 0 0 -1
    outer loop
      vertex -1.76384252869671 -11.057206526348004 0
      vertex -0.7653668647301796 -1.8477590650225735 0
      vertex -1.6629392246050905 -10.888859533960796 0
    endloop
  endfacet
  facet normal 0 0 -1
    outer loop
      vertex -1.6629392246050905 -10.888859533960796 0
      vertex -0.7653668647301796 -1.8477590650225735 0
      vertex -1.546020906725474 -10.731213431672709 0
    endloop
  endfacet
  facet normal 0 0 -1
    outer loop
      vertex -1.546020906725474 -10.731213431672709 0
      vertex -0.7653668647301796 -1.8477590650225735 0
      vertex -1.4142135623730951 -10.585786437626904 0
    endloop
  endfacet
  facet normal 0 0 -1
    outer loop
      vertex -1.268786568327291 -10.453979093274526 0
      vertex -1.4142135623730951 -10.585786437626904 0
      vertex -0.7653668647301796 -1.8477590650225735 0
    endloop
  endfacet
  facet normal 0 0 -1
    outer loop
      vertex -1.1111404660392044 -10.33706077539491 0
      vertex -1.268786568327291 -10.453979093274526 0
      vertex -0.7653668647301796 -1.8477590650225735 0
    endloop
  endfacet
  facet normal 0 0 -1
    outer loop
      vertex -0.9427934736519953 -10.23615747130329 0
      vertex -1.1111404660392044 -10.33706077539491 0
      vertex -0.7653668647301796 -1.8477590650225735 0
    endloop
  endfacet
  facet normal 0 0 -1
    outer loop
      vertex -0.7653668647301796 -10.152240934977426 0
      vertex -0.9427934736519953 -10.23615747130329 0
      vertex -0.7653668647301796 -1.8477590650225735 0
    endloop
  endfacet
  facet normal 0 0 -1
    outer loop
      vertex -0.5805693545089247 -10.086119328535583 0
      vertex -0.7653668647301796 -10.152240934977426 0
      vertex -0.5805693545089247 -1.9138806714644176 0
    endloop
  endfacet
  facet normal 0 0 -1
    outer loop
      vertex -0.3901806440322565 -10.03842943919354 0
      vertex -0.5805693545089247 -10.086119328535583 0
      vertex -0.3901806440322565 -1.9615705608064609 0
    endloop
  endfacet
  facet normal 0 0 -1
    outer loop
      vertex -0.1960342806591212 -10.009630546655606 0
      vertex -0.3901806440322565 -10.03842943919354 0
      vertex -0.1960342806591212 -1.9903694533443939 0
    endloop
  endfacet
  facet normal 0 0 -1
    outer loop
      vertex -0.1960342806591212 -10.009630546655606 0
      vertex 0 -2 0
      vertex 0 -10 0
    endloop
  endfacet
  facet normal 0 0 -1
    outer loop
      vertex -11.803965719340878 -10.009630546655606 0
      vertex -1.9903694533443939 -0.1960342806591212 0
      vertex -1.9615705608064609 -0.3901806440322565 0
    endloop
  endfacet
  facet normal 0 0 -1
    outer loop
      vertex -1.4142135623730951 -1.4142135623730951 0
      vertex -10.731213431672709 -10.453979093274526 0
      vertex -1.546020906725474 -1.268786568327291 0
    endloop
  endfacet
  facet normal 0 0 -1
    outer loop
      vertex -10.585786437626904 -10.585786437626904 0
      vertex -1.4142135623730951 -1.4142135623730951 0
      vertex -1.268786568327291 -1.546020906725474 0
    endloop
  endfacet
  facet normal 0 0 -1
    outer loop
      vertex -11.23463313526982 -10.152240934977426 0
      vertex -1.8477590650225735 -0.7653668647301796 0
      vertex -1.76384252869671 -0.9427934736519953 0
    endloop
  endfacet
  facet normal 0 0 -1
    outer loop
      vertex -11.057206526348004 -10.23615747130329 0
      vertex -1.76384252869671 -0.9427934736519953 0
      vertex -1.6629392246050905 -1.1111404660392044 0
    endloop
  endfacet
  facet normal 0 0 -1
    outer loop
      vertex -1.8477590650225735 -0.7653668647301796 0
      vertex -11.419430645491076 -10.086119328535583 0
      vertex -1.9138806714644176 -0.5805693545089247 0
    endloop
  endfacet
  facet normal 0 0 -1
    outer loop
      vertex -1.9138806714644176 -0.5805693545089247 0
      vertex -11.609819355967744 -10.03842943919354 0
      vertex -1.9615705608064609 -0.3901806440322565 0
    endloop
  endfacet
  facet normal 0 0 -1
    outer loop
      vertex -1.546020906725474 -1.268786568327291 0
      vertex -10.888859533960796 -10.33706077539491 0
      vertex -1.6629392246050905 -1.1111404660392044 0
    endloop
  endfacet
  facet normal 0 0 -1
    outer loop
      vertex -1.1111404660392044 -1.6629392246050905 0
      vertex -0.9427934736519953 -1.76384252869671 0
      vertex -10.33706077539491 -10.888859533960796 0
    endloop
  endfacet
  facet normal 0 0 -1
    outer loop
      vertex -0.9427934736519953 -1.76384252869671 0
      vertex -0.7653668647301796 -1.8477590650225735 0
      vertex -10.23615747130329 -11.057206526348004 0
    endloop
  endfacet
  facet normal 0 0 -1
    outer loop
      vertex -10.453979093274526 -10.731213431672709 0
      vertex -1.268786568327291 -1.546020906725474 0
      vertex -1.1111404660392044 -1.6629392246050905 0
    endloop
  endfacet
  facet normal 0 0 -1
    outer loop
      vertex -12.390180644032256 -10.03842943919354 0
      vertex -1.9615705608064609 0.3901806440322565 0
      vertex -1.9903694533443939 0.1960342806591212 0
    endloop
  endfacet
  facet normal 0 0 -1
    outer loop
      vertex -1.9903694533443939 -0.1960342806591212 0
      vertex -12 -10 0
      vertex -2 0 0
    endloop
  endfacet
  facet normal 0 0 -1
    outer loop
      vertex -12.196034280659122 -10.009630546655606 0
      vertex -1.9903694533443939 0.1960342806591212 0
      vertex -2 0 0
    endloop
  endfacet
  facet normal 0 0 -1
    outer loop
      vertex -0.7653668647301796 -10.152240934977426 0
      vertex -0.7653668647301796 -1.8477590650225735 0
      vertex -0.5805693545089247 -1.9138806714644176 0
    endloop
  endfacet
  facet normal 0 0 -1
    outer loop
      vertex -0.5805693545089247 -10.086119328535583 0
      vertex -0.5805693545089247 -1.9138806714644176 0
      vertex -0.3901806440322565 -1.9615705608064609 0
    endloop
  endfacet
  facet normal 0 0 -1
    outer loop
      vertex -0.3901806440322565 -10.03842943919354 0
      vertex -0.3901806440322565 -1.9615705608064609 0
      vertex -0.1960342806591212 -1.9903694533443939 0
    endloop
  endfacet
  facet normal 0 0 -1
    outer loop
      vertex -0.1960342806591212 -10.009630546655606 0
      vertex -0.1960342806591212 -1.9903694533443939 0
      vertex 0 -2 0
    endloop
  endfacet
  facet normal 0 0 1
    outer loop
      vertex -51.8 -51.8 1.6
      vertex -13.414213562373096 -13.414213562373096 1.6
      vertex -13.546020906725474 -13.268786568327291 1.6
    endloop
  endfacet
  facet normal 0 0 1
    outer loop
      vertex -51.8 -51.8 1.6
      vertex -13.546020906725474 -13.268786568327291 1.6
      vertex -13.66293922460509 -13.111140466039204 1.6
    endloop
  endfacet
  facet normal 0 0 1
    outer loop
      vertex -51.8 -51.8 1.6
      vertex -13.268786568327291 -13.546020906725474 1.6
      vertex -13.414213562373096 -13.414213562373096 1.6
    endloop
  endfacet
  facet normal 0 0 1
    outer loop
      vertex -51.8 -51.8 1.6
      vertex -13.111140466039204 -13.66293922460509 1.6
      vertex -13.268786568327291 -13.546020906725474 1.6
    endloop
  endfacet
  facet normal 0 0 1
    outer loop
      vertex -51.8 -51.8 1.6
      vertex -13.76384252869671 -12.942793473651996 1.6
      vertex -13.847759065022574 -12.76536686473018 1.6
    endloop
  endfacet
  facet normal 0 0 1
    outer loop
      vertex -51.8 -51.8 1.6
      vertex -13.913880671464417 -12.580569354508924 1.6
      vertex -13.96157056080646 -12.390180644032256 1.6
    endloop
  endfacet
  facet normal 0 0 1
    outer loop
      vertex -51.8 -51.8 1.6
      vertex -13.847759065022574 -12.76536686473018 1.6
      vertex -13.913880671464417 -12.580569354508924 1.6
    endloop
  endfacet
  facet normal 0 0 1
    outer loop
      vertex -51.8 -51.8 1.6
      vertex -13.96157056080646 -12.390180644032256 1.6
      vertex -13.990369453344394 -12.196034280659122 1.6
    endloop
  endfacet
  facet normal 0 0 1
    outer loop
      vertex -51.8 -51.8 1.6
      vertex -13.990369453344394 -12.196034280659122 1.6
      vertex -14 -12 1.6
    endloop
  endfacet
  facet normal 0 0 1
    outer loop
      vertex -51.8 -51.8 1.6
      vertex -14 -12 1.6
      vertex -13.990369453344394 -11.803965719340878 1.6
    endloop
  endfacet
  facet normal 0 0 1
    outer loop
      vertex -51.8 -51.8 1.6
      vertex -13.66293922460509 -13.111140466039204 1.6
      vertex -13.76384252869671 -12.942793473651996 1.6
    endloop
  endfacet
  facet normal 0 0 1
    outer loop
      vertex -51.8 -51.8 1.6
      vertex -12.76536686473018 -13.847759065022574 1.6
      vertex -12.942793473651996 -13.76384252869671 1.6
    endloop
  endfacet
  facet normal 0 0 1
    outer loop
      vertex -51.8 -51.8 1.6
      vertex -12.580569354508924 -13.913880671464417 1.6
      vertex -12.76536686473018 -13.847759065022574 1.6
    endloop
  endfacet
  facet normal 0 0 1
    outer loop
      vertex -51.8 -51.8 1.6
      vertex -12.390180644032256 -13.96157056080646 1.6
      vertex -12.580569354508924 -13.913880671464417 1.6
    endloop
  endfacet
  facet normal 0 0 1
    outer loop
      vertex -51.8 -51.8 1.6
      vertex -12.942793473651996 -13.76384252869671 1.6
      vertex -13.111140466039204 -13.66293922460509 1.6
    endloop
  endfacet
  facet normal 0 0 1
    outer loop
      vertex -51.8 -51.8 1.6
      vertex -12.196034280659122 -13.990369453344394 1.6
      vertex -12.390180644032256 -13.96157056080646 1.6
    endloop
  endfacet
  facet normal 0 0 1
    outer loop
      vertex -51.8 -51.8 1.6
      vertex -12 -14 1.6
      vertex -12.196034280659122 -13.990369453344394 1.6
    endloop
  endfacet
  facet normal 0 0 1
    outer loop
      vertex -51.8 -51.8 1.6
      vertex -11.803965719340878 -13.990369453344394 1.6
      vertex -12 -14 1.6
    endloop
  endfacet
  facet normal 0 0 1
    outer loop
      vertex -51.8 -51.8 1.6
      vertex -11.609819355967744 -13.96157056080646 1.6
      vertex -11.803965719340878 -13.990369453344394 1.6
    endloop
  endfacet
  facet normal 0 0 1
    outer loop
      vertex -51.8 -51.8 1.6
      vertex -11.419430645491076 -13.913880671464417 1.6
      vertex -11.609819355967744 -13.96157056080646 1.6
    endloop
  endfacet
  facet normal 0 0 1
    outer loop
      vertex -51.8 -51.8 1.6
      vertex -11.23463313526982 -13.847759065022574 1.6
      vertex -11.419430645491076 -13.913880671464417 1.6
    endloop
  endfacet
  facet normal 0 0 1
    outer loop
      vertex -51.8 -51.8 1.6
      vertex -11.057206526348004 -13.76384252869671 1.6
      vertex -11.23463313526982 -13.847759065022574 1.6
    endloop
  endfacet
  facet normal 0 0 1
    outer loop
      vertex -51.8 -51.8 1.6
      vertex -10.888859533960796 -13.66293922460509 1.6
      vertex -11.057206526348004 -13.76384252869671 1.6
    endloop
  endfacet
  facet normal 0 0 1
    outer loop
      vertex -51.8 -51.8 1.6
      vertex -13.990369453344394 -11.803965719340878 1.6
      vertex -14 0 1.6
    endloop
  endfacet
  facet normal 0 0 1
    outer loop
      vertex -51.8 -51.8 1.6
      vertex -1.1111404660392044 -13.66293922460509 1.6
      vertex -10.888859533960796 -13.66293922460509 1.6
    endloop
  endfacet
  facet normal 0 0 1
    outer loop
      vertex -51.8 -51.8 1.6
      vertex -14 0 1.6
      vertex -13.990369453344394 0.1960342806591212 1.6
    endloop
  endfacet
  facet normal 0 0 1
    outer loop
      vertex -51.8 -51.8 1.6
      vertex -13.990369453344394 0.1960342806591212 1.6
      vertex -13.96157056080646 0.3901806440322565 1.6
    endloop
  endfacet
  facet normal 0 0 1
    outer loop
      vertex -51.8 -51.8 1.6
      vertex -13.96157056080646 0.3901806440322565 1.6
      vertex -13.913880671464417 0.5805693545089247 1.6
    endloop
  endfacet
  facet normal 0 0 1
    outer loop
      vertex -51.8 -51.8 1.6
      vertex -13.913880671464417 0.5805693545089247 1.6
      vertex -13.847759065022574 0.7653668647301796 1.6
    endloop
  endfacet
  facet normal 0 0 1
    outer loop
      vertex -51.8 -51.8 1.6
      vertex -13.847759065022574 0.7653668647301796 1.6
      vertex -13.76384252869671 0.9427934736519953 1.6
    endloop
  endfacet
  facet normal 0 0 1
    outer loop
      vertex -51.8 -51.8 1.6
      vertex -13.76384252869671 0.9427934736519953 1.6
      vertex -13.66293922460509 1.1111404660392044 1.6
    endloop
  endfacet
  facet normal 0 0 1
    outer loop
      vertex -51.8 -51.8 1.6
      vertex -0.7653668647301796 -13.847759065022574 1.6
      vertex -0.9427934736519953 -13.76384252869671 1.6
    endloop
  endfacet
  facet normal 0 0 1
    outer loop
      vertex -51.8 -51.8 1.6
      vertex -0.9427934736519953 -13.76384252869671 1.6
      vertex -1.1111404660392044 -13.66293922460509 1.6
    endloop
  endfacet
  facet normal 0 0 1
    outer loop
      vertex -51.8 -51.8 1.6
      vertex -0.5805693545089247 -13.913880671464417 1.6
      vertex -0.7653668647301796 -13.847759065022574 1.6
    endloop
  endfacet
  facet normal 0 0 1
    outer loop
      vertex -51.8 -51.8 1.6
      vertex -0.3901806440322565 -13.96157056080646 1.6
      vertex -0.5805693545089247 -13.913880671464417 1.6
    endloop
  endfacet
  facet normal 0 0 1
    outer loop
      vertex -51.8 -51.8 1.6
      vertex -0.1960342806591212 -13.990369453344394 1.6
      vertex -0.3901806440322565 -13.96157056080646 1.6
    endloop
  endfacet
  facet normal 0 0 1
    outer loop
      vertex -51.8 -51.8 1.6
      vertex 0 -14 1.6
      vertex -0.1960342806591212 -13.990369453344394 1.6
    endloop
  endfacet
  facet normal 0 0 1
    outer loop
      vertex -51.8 -51.8 1.6
      vertex 0.1960342806591212 -13.990369453344394 1.6
      vertex 0 -14 1.6
    endloop
  endfacet
  facet normal 0 0 1
    outer loop
      vertex -51.8 -51.8 1.6
      vertex 0.3901806440322565 -13.96157056080646 1.6
      vertex 0.1960342806591212 -13.990369453344394 1.6
    endloop
  endfacet
  facet normal 0 0 1
    outer loop
      vertex -51.8 -51.8 1.6
      vertex 0.5805693545089247 -13.913880671464417 1.6
      vertex 0.3901806440322565 -13.96157056080646 1.6
    endloop
  endfacet
  facet normal 0 0 1
    outer loop
      vertex -51.8 -51.8 1.6
      vertex 0.7653668647301796 -13.847759065022574 1.6
      vertex 0.5805693545089247 -13.913880671464417 1.6
    endloop
  endfacet
  facet normal 0 0 1
    outer loop
      vertex -51.8 -51.8 1.6
      vertex 0.9427934736519953 -13.76384252869671 1.6
      vertex 0.7653668647301796 -13.847759065022574 1.6
    endloop
  endfacet
  facet normal 0 0 1
    outer loop
      vertex -51.8 -51.8 1.6
      vertex 1.1111404660392044 -13.66293922460509 1.6
      vertex 0.9427934736519953 -13.76384252869671 1.6
    endloop
  endfacet
  facet normal 0 0 1
    outer loop
      vertex -51.8 -51.8 1.6
      vertex -13.66293922460509 1.1111404660392044 1.6
      vertex -13.414213562373096 10.585786437626904 1.6
    endloop
  endfacet
  facet normal 0 0 1
    outer loop
      vertex -51.8 -51.8 1.6
      vertex -13.76384252869671 11.057206526348004 1.6
      vertex -13.847759065022574 11.23463313526982 1.6
    endloop
  endfacet
  facet normal 0 0 1
    outer loop
      vertex -51.8 -51.8 1.6
      vertex -13.913880671464417 11.419430645491076 1.6
      vertex -13.96157056080646 11.609819355967744 1.6
    endloop
  endfacet
  facet normal 0 0 1
    outer loop
      vertex -51.8 -51.8 1.6
      vertex -13.847759065022574 11.23463313526982 1.6
      vertex -13.913880671464417 11.419430645491076 1.6
    endloop
  endfacet
  facet normal 0 0 1
    outer loop
      vertex -51.8 -51.8 1.6
      vertex -13.414213562373096 10.585786437626904 1.6
      vertex -13.546020906725474 10.731213431672709 1.6
    endloop
  endfacet
  facet normal 0 0 1
    outer loop
      vertex -51.8 -51.8 1.6
      vertex -13.546020906725474 10.731213431672709 1.6
      vertex -13.66293922460509 10.888859533960796 1.6
    endloop
  endfacet
  facet normal 0 0 1
    outer loop
      vertex -51.8 -51.8 1.6
      vertex -13.66293922460509 10.888859533960796 1.6
      vertex -13.76384252869671 11.057206526348004 1.6
    endloop
  endfacet
  facet normal 0 0 1
    outer loop
      vertex -51.8 -51.8 1.6
      vertex -13.96157056080646 11.609819355967744 1.6
      vertex -13.990369453344394 11.803965719340878 1.6
    endloop
  endfacet
  facet normal 0 0 1
    outer loop
      vertex -51.8 -51.8 1.6
      vertex -13.990369453344394 11.803965719340878 1.6
      vertex -14 12 1.6
    endloop
  endfacet
  facet normal 0 0 1
    outer loop
      vertex -13.96157056080646 -11.609819355967744 1.6
      vertex -13.990369453344394 -0.1960342806591212 1.6
      vertex -13.990369453344394 -11.803965719340878 1.6
    endloop
  endfacet
  facet normal 0 0 1
    outer loop
      vertex -13.913880671464417 -11.419430645491076 1.6
      vertex -13.96157056080646 -0.3901806440322565 1.6
      vertex -13.96157056080646 -11.609819355967744 1.6
    endloop
  endfacet
  facet normal 0 0 1
    outer loop
      vertex -13.847759065022574 -11.23463313526982 1.6
      vertex -13.913880671464417 -0.5805693545089247 1.6
      vertex -13.913880671464417 -11.419430645491076 1.6
    endloop
  endfacet
  facet normal 0 0 1
    outer loop
      vertex -13.913880671464417 -11.419430645491076 1.6
      vertex -13.913880671464417 -0.5805693545089247 1.6
      vertex -13.96157056080646 -0.3901806440322565 1.6
    endloop
  endfacet
  facet normal 0 0 1
    outer loop
      vertex -14 0 1.6
      vertex -13.990369453344394 -11.803965719340878 1.6
      vertex -13.990369453344394 -0.1960342806591212 1.6
    endloop
  endfacet
  facet normal 0 0 1
    outer loop
      vertex -13.96157056080646 -11.609819355967744 1.6
      vertex -13.96157056080646 -0.3901806440322565 1.6
      vertex -13.990369453344394 -0.1960342806591212 1.6
    endloop
  endfacet
  facet normal 0 0 1
    outer loop
      vertex -51.8 -51.8 1.6
      vertex 10.585786437626904 -13.414213562373096 1.6
      vertex 1.1111404660392044 -13.66293922460509 1.6
    endloop
  endfacet
  facet normal 0 0 1
    outer loop
      vertex -51.8 -51.8 1.6
      vertex 10.731213431672709 -13.546020906725474 1.6
      vertex 10.585786437626904 -13.414213562373096 1.6
    endloop
  endfacet
  facet normal 0 0 1
    outer loop
      vertex -51.8 -51.8 1.6
      vertex 10.888859533960796 -13.66293922460509 1.6
      vertex 10.731213431672709 -13.546020906725474 1.6
    endloop
  endfacet
  facet normal 0 0 1
    outer loop
      vertex -51.8 -51.8 1.6
      vertex 11.23463313526982 -13.847759065022574 1.6
      vertex 11.057206526348004 -13.76384252869671 1.6
    endloop
  endfacet
  facet normal 0 0 1
    outer loop
      vertex -51.8 -51.8 1.6
      vertex 11.419430645491076 -13.913880671464417 1.6
      vertex 11.23463313526982 -13.847759065022574 1.6
    endloop
  endfacet
  facet normal 0 0 1
    outer loop
      vertex -51.8 -51.8 1.6
      vertex 11.609819355967744 -13.96157056080646 1.6
      vertex 11.419430645491076 -13.913880671464417 1.6
    endloop
  endfacet
  facet normal 0 0 1
    outer loop
      vertex -51.8 -51.8 1.6
      vertex 11.057206526348004 -13.76384252869671 1.6
      vertex 10.888859533960796 -13.66293922460509 1.6
    endloop
  endfacet
  facet normal 0 0 1
    outer loop
      vertex -51.8 -51.8 1.6
      vertex 11.803965719340878 -13.990369453344394 1.6
      vertex 11.609819355967744 -13.96157056080646 1.6
    endloop
  endfacet
  facet normal 0 0 1
    outer loop
      vertex -51.8 -51.8 1.6
      vertex 12 -14 1.6
      vertex 11.803965719340878 -13.990369453344394 1.6
    endloop
  endfacet
  facet normal 0 0 1
    outer loop
      vertex -13.76384252869671 -11.057206526348004 1.6
      vertex -13.847759065022574 -0.7653668647301796 1.6
      vertex -13.847759065022574 -11.23463313526982 1.6
    endloop
  endfacet
  facet normal 0 0 1
    outer loop
      vertex -13.66293922460509 -10.888859533960796 1.6
      vertex -13.76384252869671 -0.9427934736519953 1.6
      vertex -13.76384252869671 -11.057206526348004 1.6
    endloop
  endfacet
  facet normal 0 0 1
    outer loop
      vertex -13.546020906725474 -10.731213431672709 1.6
      vertex -13.66293922460509 -1.1111404660392044 1.6
      vertex -13.66293922460509 -10.888859533960796 1.6
    endloop
  endfacet
  facet normal 0 0 1
    outer loop
      vertex -13.414213562373096 -10.585786437626904 1.6
      vertex -13.546020906725474 -1.268786568327291 1.6
      vertex -13.546020906725474 -10.731213431672709 1.6
    endloop
  endfacet
  facet normal 0 0 1
    outer loop
      vertex -13.414213562373096 -10.585786437626904 1.6
      vertex -13.268786568327291 -10.453979093274526 1.6
      vertex -13.414213562373096 -1.4142135623730951 1.6
    endloop
  endfacet
  facet normal 0 0 1
    outer loop
      vertex -13.268786568327291 -10.453979093274526 1.6
      vertex -13.111140466039204 -10.33706077539491 1.6
      vertex -13.268786568327291 -1.546020906725474 1.6
    endloop
  endfacet
  facet normal 0 0 1
    outer loop
      vertex -13.111140466039204 -10.33706077539491 1.6
      vertex -12.942793473651996 -10.23615747130329 1.6
      vertex -13.111140466039204 -1.6629392246050905 1.6
    endloop
  endfacet
  facet normal 0 0 1
    outer loop
      vertex -12.942793473651996 -10.23615747130329 1.6
      vertex -12.76536686473018 -10.152240934977426 1.6
      vertex -12.942793473651996 -1.76384252869671 1.6
    endloop
  endfacet
  facet normal 0 0 1
    outer loop
      vertex -12.76536686473018 -10.152240934977426 1.6
      vertex -12.580569354508924 -10.086119328535583 1.6
      vertex -12.76536686473018 -1.8477590650225735 1.6
    endloop
  endfacet
  facet normal 0 0 1
    outer loop
      vertex -12.580569354508924 -10.086119328535583 1.6
      vertex -12.390180644032256 -10.03842943919354 1.6
      vertex -12.580569354508924 -1.9138806714644176 1.6
    endloop
  endfacet
  facet normal 0 0 1
    outer loop
      vertex -12.390180644032256 -10.03842943919354 1.6
      vertex -12.196034280659122 -10.009630546655606 1.6
      vertex -12.390180644032256 -1.9615705608064609 1.6
    endloop
  endfacet
  facet normal 0 0 1
    outer loop
      vertex -12.196034280659122 -10.009630546655606 1.6
      vertex -12 -10 1.6
      vertex -12.196034280659122 -1.9903694533443939 1.6
    endloop
  endfacet
  facet normal 0 0 1
    outer loop
      vertex -12 -10 1.6
      vertex -11.803965719340878 -10.009630546655606 1.6
      vertex -12 -2 1.6
    endloop
  endfacet
  facet normal 0 0 1
    outer loop
      vertex -11.803965719340878 -10.009630546655606 1.6
      vertex -11.609819355967744 -10.03842943919354 1.6
      vertex -11.803965719340878 -1.9903694533443939 1.6
    endloop
  endfacet
  facet normal 0 0 1
    outer loop
      vertex -11.419430645491076 -10.086119328535583 1.6
      vertex -11.23463313526982 -10.152240934977426 1.6
      vertex -11.419430645491076 -1.9138806714644176 1.6
    endloop
  endfacet
  facet normal 0 0 1
    outer loop
      vertex -11.609819355967744 -10.03842943919354 1.6
      vertex -11.419430645491076 -10.086119328535583 1.6
      vertex -11.609819355967744 -1.9615705608064609 1.6
    endloop
  endfacet
  facet normal 0 0 1
    outer loop
      vertex -11.23463313526982 -10.152240934977426 1.6
      vertex -11.057206526348004 -10.23615747130329 1.6
      vertex -11.23463313526982 -1.8477590650225735 1.6
    endloop
  endfacet
  facet normal 0 0 1
    outer loop
      vertex -11.057206526348004 -10.23615747130329 1.6
      vertex -10.888859533960796 -10.33706077539491 1.6
      vertex -11.057206526348004 -1.76384252869671 1.6
    endloop
  endfacet
  facet normal 0 0 1
    outer loop
      vertex -10.731213431672709 -10.453979093274526 1.6
      vertex -10.585786437626904 -10.585786437626904 1.6
      vertex -10.888859533960796 -1.6629392246050905 1.6
    endloop
  endfacet
  facet normal 0 0 1
    outer loop
      vertex -10.888859533960796 -10.33706077539491 1.6
      vertex -10.731213431672709 -10.453979093274526 1.6
      vertex -10.888859533960796 -1.6629392246050905 1.6
    endloop
  endfacet
  facet normal 0 0 1
    outer loop
      vertex -10.731213431672709 -13.546020906725474 1.6
      vertex -10.888859533960796 -13.66293922460509 1.6
      vertex -1.268786568327291 -13.546020906725474 1.6
    endloop
  endfacet
  facet normal 0 0 1
    outer loop
      vertex -10.585786437626904 -13.414213562373096 1.6
      vertex -10.731213431672709 -13.546020906725474 1.6
      vertex -1.4142135623730951 -13.414213562373096 1.6
    endloop
  endfacet
  facet normal 0 0 1
    outer loop
      vertex -10.585786437626904 -13.414213562373096 1.6
      vertex -1.546020906725474 -13.268786568327291 1.6
      vertex -10.453979093274526 -13.268786568327291 1.6
    endloop
  endfacet
  facet normal 0 0 1
    outer loop
      vertex -10.453979093274526 -13.268786568327291 1.6
      vertex -1.6629392246050905 -13.111140466039204 1.6
      vertex -10.33706077539491 -13.111140466039204 1.6
    endloop
  endfacet
  facet normal 0 0 1
    outer loop
      vertex -10.33706077539491 -13.111140466039204 1.6
      vertex -1.76384252869671 -12.942793473651996 1.6
      vertex -10.23615747130329 -12.942793473651996 1.6
    endloop
  endfacet
  facet normal 0 0 1
    outer loop
      vertex -10.23615747130329 -12.942793473651996 1.6
      vertex -1.8477590650225735 -12.76536686473018 1.6
      vertex -10.152240934977426 -12.76536686473018 1.6
    endloop
  endfacet
  facet normal 0 0 1
    outer loop
      vertex -10.152240934977426 -12.76536686473018 1.6
      vertex -1.9138806714644176 -12.580569354508924 1.6
      vertex -10.086119328535583 -12.580569354508924 1.6
    endloop
  endfacet
  facet normal 0 0 1
    outer loop
      vertex -10.086119328535583 -12.580569354508924 1.6
      vertex -1.9615705608064609 -12.390180644032256 1.6
      vertex -10.03842943919354 -12.390180644032256 1.6
    endloop
  endfacet
  facet normal 0 0 1
    outer loop
      vertex -10.03842943919354 -12.390180644032256 1.6
      vertex -1.9903694533443939 -12.196034280659122 1.6
      vertex -10.009630546655606 -12.196034280659122 1.6
    endloop
  endfacet
  facet normal 0 0 1
    outer loop
      vertex -10.009630546655606 -12.196034280659122 1.6
      vertex -2 -12 1.6
      vertex -10 -12 1.6
    endloop
  endfacet
  facet normal 0 0 1
    outer loop
      vertex -10 -12 1.6
      vertex -1.9903694533443939 -11.803965719340878 1.6
      vertex -10.009630546655606 -11.803965719340878 1.6
    endloop
  endfacet
  facet normal 0 0 1
    outer loop
      vertex -10.009630546655606 -11.803965719340878 1.6
      vertex -1.9615705608064609 -11.609819355967744 1.6
      vertex -10.03842943919354 -11.609819355967744 1.6
    endloop
  endfacet
  facet normal 0 0 1
    outer loop
      vertex -10.03842943919354 -11.609819355967744 1.6
      vertex -1.9138806714644176 -11.419430645491076 1.6
      vertex -10.086119328535583 -11.419430645491076 1.6
    endloop
  endfacet
  facet normal 0 0 1
    outer loop
      vertex -10.086119328535583 -11.419430645491076 1.6
      vertex -1.8477590650225735 -11.23463313526982 1.6
      vertex -10.152240934977426 -11.23463313526982 1.6
    endloop
  endfacet
  facet normal 0 0 1
    outer loop
      vertex -10.152240934977426 -11.23463313526982 1.6
      vertex -1.76384252869671 -11.057206526348004 1.6
      vertex -10.23615747130329 -11.057206526348004 1.6
    endloop
  endfacet
  facet normal 0 0 1
    outer loop
      vertex -10.23615747130329 -11.057206526348004 1.6
      vertex -1.6629392246050905 -10.888859533960796 1.6
      vertex -10.33706077539491 -10.888859533960796 1.6
    endloop
  endfacet
  facet normal 0 0 1
    outer loop
      vertex -10.453979093274526 -10.731213431672709 1.6
      vertex -1.4142135623730951 -10.585786437626904 1.6
      vertex -10.585786437626904 -10.585786437626904 1.6
    endloop
  endfacet
  facet normal 0 0 1
    outer loop
      vertex -10.33706077539491 -10.888859533960796 1.6
      vertex -1.546020906725474 -10.731213431672709 1.6
      vertex -10.453979093274526 -10.731213431672709 1.6
    endloop
  endfacet
  facet normal 0 0 1
    outer loop
      vertex -10.888859533960796 -1.6629392246050905 1.6
      vertex -10.585786437626904 -10.585786437626904 1.6
      vertex -1.4142135623730951 -10.585786437626904 1.6
    endloop
  endfacet
  facet normal 0 0 1
    outer loop
      vertex -13.546020906725474 -10.731213431672709 1.6
      vertex -13.546020906725474 -1.268786568327291 1.6
      vertex -13.66293922460509 -1.1111404660392044 1.6
    endloop
  endfacet
  facet normal 0 0 1
    outer loop
      vertex -13.414213562373096 -10.585786437626904 1.6
      vertex -13.414213562373096 -1.4142135623730951 1.6
      vertex -13.546020906725474 -1.268786568327291 1.6
    endloop
  endfacet
  facet normal 0 0 1
    outer loop
      vertex -13.268786568327291 -10.453979093274526 1.6
      vertex -13.268786568327291 -1.546020906725474 1.6
      vertex -13.414213562373096 -1.4142135623730951 1.6
    endloop
  endfacet
  facet normal 0 0 1
    outer loop
      vertex -13.111140466039204 -1.6629392246050905 1.6
      vertex -13.268786568327291 -1.546020906725474 1.6
      vertex -13.111140466039204 -10.33706077539491 1.6
    endloop
  endfacet
  facet normal 0 0 1
    outer loop
      vertex -13.76384252869671 -11.057206526348004 1.6
      vertex -13.76384252869671 -0.9427934736519953 1.6
      vertex -13.847759065022574 -0.7653668647301796 1.6
    endloop
  endfacet
  facet normal 0 0 1
    outer loop
      vertex -13.847759065022574 -11.23463313526982 1.6
      vertex -13.847759065022574 -0.7653668647301796 1.6
      vertex -13.913880671464417 -0.5805693545089247 1.6
    endloop
  endfacet
  facet normal 0 0 1
    outer loop
      vertex -13.66293922460509 -10.888859533960796 1.6
      vertex -13.66293922460509 -1.1111404660392044 1.6
      vertex -13.76384252869671 -0.9427934736519953 1.6
    endloop
  endfacet
  facet normal 0 0 1
    outer loop
      vertex -12.942793473651996 -10.23615747130329 1.6
      vertex -12.942793473651996 -1.76384252869671 1.6
      vertex -13.111140466039204 -1.6629392246050905 1.6
    endloop
  endfacet
  facet normal 0 0 1
    outer loop
      vertex -12.76536686473018 -1.8477590650225735 1.6
      vertex -12.942793473651996 -1.76384252869671 1.6
      vertex -12.76536686473018 -10.152240934977426 1.6
    endloop
  endfacet
  facet normal 0 0 1
    outer loop
      vertex -12.580569354508924 -1.9138806714644176 1.6
      vertex -12.76536686473018 -1.8477590650225735 1.6
      vertex -12.580569354508924 -10.086119328535583 1.6
    endloop
  endfacet
  facet normal 0 0 1
    outer loop
      vertex -12.390180644032256 -1.9615705608064609 1.6
      vertex -12.580569354508924 -1.9138806714644176 1.6
      vertex -12.390180644032256 -10.03842943919354 1.6
    endloop
  endfacet
  facet normal 0 0 1
    outer loop
      vertex -12.196034280659122 -1.9903694533443939 1.6
      vertex -12.390180644032256 -1.9615705608064609 1.6
      vertex -12.196034280659122 -10.009630546655606 1.6
    endloop
  endfacet
  facet normal 0 0 1
    outer loop
      vertex -12 -2 1.6
      vertex -12.196034280659122 -1.9903694533443939 1.6
      vertex -12 -10 1.6
    endloop
  endfacet
  facet normal 0 0 1
    outer loop
      vertex -11.803965719340878 -10.009630546655606 1.6
      vertex -11.803965719340878 -1.9903694533443939 1.6
      vertex -12 -2 1.6
    endloop
  endfacet
  facet normal 0 0 1
    outer loop
      vertex -11.609819355967744 -10.03842943919354 1.6
      vertex -11.609819355967744 -1.9615705608064609 1.6
      vertex -11.803965719340878 -1.9903694533443939 1.6
    endloop
  endfacet
  facet normal 0 0 1
    outer loop
      vertex -11.419430645491076 -10.086119328535583 1.6
      vertex -11.419430645491076 -1.9138806714644176 1.6
      vertex -11.609819355967744 -1.9615705608064609 1.6
    endloop
  endfacet
  facet normal 0 0 1
    outer loop
      vertex -11.23463313526982 -10.152240934977426 1.6
      vertex -11.23463313526982 -1.8477590650225735 1.6
      vertex -11.419430645491076 -1.9138806714644176 1.6
    endloop
  endfacet
  facet normal 0 0 1
    outer loop
      vertex -11.057206526348004 -10.23615747130329 1.6
      vertex -11.057206526348004 -1.76384252869671 1.6
      vertex -11.23463313526982 -1.8477590650225735 1.6
    endloop
  endfacet
  facet normal 0 0 1
    outer loop
      vertex -10.888859533960796 -10.33706077539491 1.6
      vertex -10.888859533960796 -1.6629392246050905 1.6
      vertex -11.057206526348004 -1.76384252869671 1.6
    endloop
  endfacet
  facet normal 0 0 1
    outer loop
      vertex -10.731213431672709 -1.546020906725474 1.6
      vertex -10.888859533960796 -1.6629392246050905 1.6
      vertex -1.4142135623730951 -10.585786437626904 1.6
    endloop
  endfacet
  facet normal 0 0 1
    outer loop
      vertex -10.585786437626904 -1.4142135623730951 1.6
      vertex -10.731213431672709 -1.546020906725474 1.6
      vertex -1.4142135623730951 -10.585786437626904 1.6
    endloop
  endfacet
  facet normal 0 0 1
    outer loop
      vertex -10.585786437626904 -1.4142135623730951 1.6
      vertex -1.546020906725474 -1.268786568327291 1.6
      vertex -10.453979093274526 -1.268786568327291 1.6
    endloop
  endfacet
  facet normal 0 0 1
    outer loop
      vertex -10.453979093274526 -1.268786568327291 1.6
      vertex -1.6629392246050905 -1.1111404660392044 1.6
      vertex -10.33706077539491 -1.1111404660392044 1.6
    endloop
  endfacet
  facet normal 0 0 1
    outer loop
      vertex -10.33706077539491 -1.1111404660392044 1.6
      vertex -1.76384252869671 -0.9427934736519953 1.6
      vertex -10.23615747130329 -0.9427934736519953 1.6
    endloop
  endfacet
  facet normal 0 0 1
    outer loop
      vertex -10.23615747130329 -0.9427934736519953 1.6
      vertex -1.8477590650225735 -0.7653668647301796 1.6
      vertex -10.152240934977426 -0.7653668647301796 1.6
    endloop
  endfacet
  facet normal 0 0 1
    outer loop
      vertex -10.152240934977426 -0.7653668647301796 1.6
      vertex -1.9138806714644176 -0.5805693545089247 1.6
      vertex -10.086119328535583 -0.5805693545089247 1.6
    endloop
  endfacet
  facet normal 0 0 1
    outer loop
      vertex -10.086119328535583 -0.5805693545089247 1.6
      vertex -1.9615705608064609 -0.3901806440322565 1.6
      vertex -10.03842943919354 -0.3901806440322565 1.6
    endloop
  endfacet
  facet normal 0 0 1
    outer loop
      vertex -10.03842943919354 -0.3901806440322565 1.6
      vertex -1.9903694533443939 -0.1960342806591212 1.6
      vertex -10.009630546655606 -0.1960342806591212 1.6
    endloop
  endfacet
  facet normal 0 0 1
    outer loop
      vertex -10.009630546655606 -0.1960342806591212 1.6
      vertex -2 0 1.6
      vertex -10 0 1.6
    endloop
  endfacet
  facet normal 0 0 1
    outer loop
      vertex -10.731213431672709 -13.546020906725474 1.6
      vertex -1.268786568327291 -13.546020906725474 1.6
      vertex -1.4142135623730951 -13.414213562373096 1.6
    endloop
  endfacet
  facet normal 0 0 1
    outer loop
      vertex -10.888859533960796 -13.66293922460509 1.6
      vertex -1.1111404660392044 -13.66293922460509 1.6
      vertex -1.268786568327291 -13.546020906725474 1.6
    endloop
  endfacet
  facet normal 0 0 1
    outer loop
      vertex -10.453979093274526 -13.268786568327291 1.6
      vertex -1.546020906725474 -13.268786568327291 1.6
      vertex -1.6629392246050905 -13.111140466039204 1.6
    endloop
  endfacet
  facet normal 0 0 1
    outer loop
      vertex -10.33706077539491 -13.111140466039204 1.6
      vertex -1.6629392246050905 -13.111140466039204 1.6
      vertex -1.76384252869671 -12.942793473651996 1.6
    endloop
  endfacet
  facet normal 0 0 1
    outer loop
      vertex -10.585786437626904 -13.414213562373096 1.6
      vertex -1.4142135623730951 -13.414213562373096 1.6
      vertex -1.546020906725474 -13.268786568327291 1.6
    endloop
  endfacet
  facet normal 0 0 1
    outer loop
      vertex -10.23615747130329 -12.942793473651996 1.6
      vertex -1.76384252869671 -12.942793473651996 1.6
      vertex -1.8477590650225735 -12.76536686473018 1.6
    endloop
  endfacet
  facet normal 0 0 1
    outer loop
      vertex -10.152240934977426 -12.76536686473018 1.6
      vertex -1.8477590650225735 -12.76536686473018 1.6
      vertex -1.9138806714644176 -12.580569354508924 1.6
    endloop
  endfacet
  facet normal 0 0 1
    outer loop
      vertex -10.086119328535583 -12.580569354508924 1.6
      vertex -1.9138806714644176 -12.580569354508924 1.6
      vertex -1.9615705608064609 -12.390180644032256 1.6
    endloop
  endfacet
  facet normal 0 0 1
    outer loop
      vertex -10.03842943919354 -12.390180644032256 1.6
      vertex -1.9615705608064609 -12.390180644032256 1.6
      vertex -1.9903694533443939 -12.196034280659122 1.6
    endloop
  endfacet
  facet normal 0 0 1
    outer loop
      vertex -10.009630546655606 -12.196034280659122 1.6
      vertex -1.9903694533443939 -12.196034280659122 1.6
      vertex -2 -12 1.6
    endloop
  endfacet
  facet normal 0 0 1
    outer loop
      vertex -10 -12 1.6
      vertex -2 -12 1.6
      vertex -1.9903694533443939 -11.803965719340878 1.6
    endloop
  endfacet
  facet normal 0 0 1
    outer loop
      vertex -1.9615705608064609 -11.609819355967744 1.6
      vertex -10.009630546655606 -11.803965719340878 1.6
      vertex -1.9903694533443939 -11.803965719340878 1.6
    endloop
  endfacet
  facet normal 0 0 1
    outer loop
      vertex -1.9138806714644176 -11.419430645491076 1.6
      vertex -10.03842943919354 -11.609819355967744 1.6
      vertex -1.9615705608064609 -11.609819355967744 1.6
    endloop
  endfacet
  facet normal 0 0 1
    outer loop
      vertex -1.8477590650225735 -11.23463313526982 1.6
      vertex -10.086119328535583 -11.419430645491076 1.6
      vertex -1.9138806714644176 -11.419430645491076 1.6
    endloop
  endfacet
  facet normal 0 0 1
    outer loop
      vertex -10.152240934977426 -11.23463313526982 1.6
      vertex -1.8477590650225735 -11.23463313526982 1.6
      vertex -1.76384252869671 -11.057206526348004 1.6
    endloop
  endfacet
  facet normal 0 0 1
    outer loop
      vertex -10.23615747130329 -11.057206526348004 1.6
      vertex -1.76384252869671 -11.057206526348004 1.6
      vertex -1.6629392246050905 -10.888859533960796 1.6
    endloop
  endfacet
  facet normal 0 0 1
    outer loop
      vertex -1.546020906725474 -10.731213431672709 1.6
      vertex -10.33706077539491 -10.888859533960796 1.6
      vertex -1.6629392246050905 -10.888859533960796 1.6
    endloop
  endfacet
  facet normal 0 0 1
    outer loop
      vertex -10.453979093274526 -10.731213431672709 1.6
      vertex -1.546020906725474 -10.731213431672709 1.6
      vertex -1.4142135623730951 -10.585786437626904 1.6
    endloop
  endfacet
  facet normal 0 0 1
    outer loop
      vertex -10.585786437626904 -1.4142135623730951 1.6
      vertex -1.4142135623730951 -10.585786437626904 1.6
      vertex -1.268786568327291 -10.453979093274526 1.6
    endloop
  endfacet
  facet normal 0 0 1
    outer loop
      vertex -1.268786568327291 -10.453979093274526 1.6
      vertex -1.1111404660392044 -10.33706077539491 1.6
      vertex -1.268786568327291 -1.546020906725474 1.6
    endloop
  endfacet
  facet normal 0 0 1
    outer loop
      vertex -1.1111404660392044 -10.33706077539491 1.6
      vertex -0.9427934736519953 -10.23615747130329 1.6
      vertex -1.1111404660392044 -1.6629392246050905 1.6
    endloop
  endfacet
  facet normal 0 0 1
    outer loop
      vertex -0.9427934736519953 -10.23615747130329 1.6
      vertex -0.7653668647301796 -10.152240934977426 1.6
      vertex -0.9427934736519953 -1.76384252869671 1.6
    endloop
  endfacet
  facet normal 0 0 1
    outer loop
      vertex -0.7653668647301796 -10.152240934977426 1.6
      vertex -0.5805693545089247 -10.086119328535583 1.6
      vertex -0.7653668647301796 -1.8477590650225735 1.6
    endloop
  endfacet
  facet normal 0 0 1
    outer loop
      vertex -0.5805693545089247 -10.086119328535583 1.6
      vertex -0.3901806440322565 -10.03842943919354 1.6
      vertex -0.5805693545089247 -1.9138806714644176 1.6
    endloop
  endfacet
  facet normal 0 0 1
    outer loop
      vertex -0.3901806440322565 -10.03842943919354 1.6
      vertex -0.1960342806591212 -10.009630546655606 1.6
      vertex -0.3901806440322565 -1.9615705608064609 1.6
    endloop
  endfacet
  facet normal 0 0 1
    outer loop
      vertex 0 -10 1.6
      vertex -0.1960342806591212 -1.9903694533443939 1.6
      vertex -0.1960342806591212 -10.009630546655606 1.6
    endloop
  endfacet
  facet normal 0 0 1
    outer loop
      vertex -10.585786437626904 -1.4142135623730951 1.6
      vertex -1.268786568327291 -10.453979093274526 1.6
      vertex -1.4142135623730951 -1.4142135623730951 1.6
    endloop
  endfacet
  facet normal 0 0 1
    outer loop
      vertex -10.585786437626904 -1.4142135623730951 1.6
      vertex -1.4142135623730951 -1.4142135623730951 1.6
      vertex -1.546020906725474 -1.268786568327291 1.6
    endloop
  endfacet
  facet normal 0 0 1
    outer loop
      vertex -10.453979093274526 -1.268786568327291 1.6
      vertex -1.546020906725474 -1.268786568327291 1.6
      vertex -1.6629392246050905 -1.1111404660392044 1.6
    endloop
  endfacet
  facet normal 0 0 1
    outer loop
      vertex -10.33706077539491 -1.1111404660392044 1.6
      vertex -1.6629392246050905 -1.1111404660392044 1.6
      vertex -1.76384252869671 -0.9427934736519953 1.6
    endloop
  endfacet
  facet normal 0 0 1
    outer loop
      vertex -10.23615747130329 -0.9427934736519953 1.6
      vertex -1.76384252869671 -0.9427934736519953 1.6
      vertex -1.8477590650225735 -0.7653668647301796 1.6
    endloop
  endfacet
  facet normal 0 0 1
    outer loop
      vertex -10.152240934977426 -0.7653668647301796 1.6
      vertex -1.8477590650225735 -0.7653668647301796 1.6
      vertex -1.9138806714644176 -0.5805693545089247 1.6
    endloop
  endfacet
  facet normal 0 0 1
    outer loop
      vertex -10.086119328535583 -0.5805693545089247 1.6
      vertex -1.9138806714644176 -0.5805693545089247 1.6
      vertex -1.9615705608064609 -0.3901806440322565 1.6
    endloop
  endfacet
  facet normal 0 0 1
    outer loop
      vertex -10.03842943919354 -0.3901806440322565 1.6
      vertex -1.9615705608064609 -0.3901806440322565 1.6
      vertex -1.9903694533443939 -0.1960342806591212 1.6
    endloop
  endfacet
  facet normal 0 0 1
    outer loop
      vertex -2 0 1.6
      vertex -10.009630546655606 -0.1960342806591212 1.6
      vertex -1.9903694533443939 -0.1960342806591212 1.6
    endloop
  endfacet
  facet normal 0 0 1
    outer loop
      vertex -1.268786568327291 -10.453979093274526 1.6
      vertex -1.268786568327291 -1.546020906725474 1.6
      vertex -1.4142135623730951 -1.4142135623730951 1.6
    endloop
  endfacet
  facet normal 0 0 1
    outer loop
      vertex -1.1111404660392044 -1.6629392246050905 1.6
      vertex -1.268786568327291 -1.546020906725474 1.6
      vertex -1.1111404660392044 -10.33706077539491 1.6
    endloop
  endfacet
  facet normal 0 0 1
    outer loop
      vertex -0.9427934736519953 -1.76384252869671 1.6
      vertex -1.1111404660392044 -1.6629392246050905 1.6
      vertex -0.9427934736519953 -10.23615747130329 1.6
    endloop
  endfacet
  facet normal 0 0 1
    outer loop
      vertex -0.7653668647301796 -1.8477590650225735 1.6
      vertex -0.9427934736519953 -1.76384252869671 1.6
      vertex -0.7653668647301796 -10.152240934977426 1.6
    endloop
  endfacet
  facet normal 0 0 1
    outer loop
      vertex -0.5805693545089247 -1.9138806714644176 1.6
      vertex -0.7653668647301796 -1.8477590650225735 1.6
      vertex -0.5805693545089247 -10.086119328535583 1.6
    endloop
  endfacet
  facet normal 0 0 1
    outer loop
      vertex -0.3901806440322565 -10.03842943919354 1.6
      vertex -0.3901806440322565 -1.9615705608064609 1.6
      vertex -0.5805693545089247 -1.9138806714644176 1.6
    endloop
  endfacet
  facet normal 0 0 1
    outer loop
      vertex -0.1960342806591212 -1.9903694533443939 1.6
      vertex -0.3901806440322565 -1.9615705608064609 1.6
      vertex -0.1960342806591212 -10.009630546655606 1.6
    endloop
  endfacet
  facet normal 0 0 1
    outer loop
      vertex 0 -10 1.6
      vertex 0 -2 1.6
      vertex -0.1960342806591212 -1.9903694533443939 1.6
    endloop
  endfacet
  facet normal 0 0 -1
    outer loop
      vertex -55.5 -55.5 0
      vertex -55.5 55.5 0
      vertex -14 0 0
    endloop
  endfacet
  facet normal -1 0 0
    outer loop
      vertex -55.5 -55.5 0
      vertex -55.5 55.5 1.6
      vertex -55.5 55.5 0
    endloop
  endfacet
  facet normal 0 0 -1
    outer loop
      vertex -55.5 55.5 0
      vertex -14 12 0
      vertex -14 0 0
    endloop
  endfacet
  facet normal 0 0 -1
    outer loop
      vertex -55.5 55.5 0
      vertex -13.990369453344394 12.196034280659122 0
      vertex -14 12 0
    endloop
  endfacet
  facet normal 0 0 -1
    outer loop
      vertex -55.5 55.5 0
      vertex -13.96157056080646 12.390180644032256 0
      vertex -13.990369453344394 12.196034280659122 0
    endloop
  endfacet
  facet normal 0 0 -1
    outer loop
      vertex -55.5 55.5 0
      vertex -13.913880671464417 12.580569354508924 0
      vertex -13.96157056080646 12.390180644032256 0
    endloop
  endfacet
  facet normal 0 0 -1
    outer loop
      vertex -55.5 55.5 0
      vertex -13.847759065022574 12.76536686473018 0
      vertex -13.913880671464417 12.580569354508924 0
    endloop
  endfacet
  facet normal 0 0 1
    outer loop
      vertex -55.5 -55.5 1.6
      vertex -53.4 53.4 1.6
      vertex -55.5 55.5 1.6
    endloop
  endfacet
  facet normal 0 0 1
    outer loop
      vertex -51.8 -51.8 1.6
      vertex -14 12 1.6
      vertex -51.8 51.8 1.6
    endloop
  endfacet
  facet normal 0 0 -1
    outer loop
      vertex -14 0 0
      vertex -13.990369453344394 11.803965719340878 0
      vertex -13.990369453344394 0.1960342806591212 0
    endloop
  endfacet
  facet normal 0 0 -1
    outer loop
      vertex -13.990369453344394 0.1960342806591212 0
      vertex -13.96157056080646 11.609819355967744 0
      vertex -13.96157056080646 0.3901806440322565 0
    endloop
  endfacet
  facet normal 0 0 -1
    outer loop
      vertex -13.96157056080646 0.3901806440322565 0
      vertex -13.913880671464417 11.419430645491076 0
      vertex -13.913880671464417 0.5805693545089247 0
    endloop
  endfacet
  facet normal 0 0 -1
    outer loop
      vertex -13.913880671464417 0.5805693545089247 0
      vertex -13.913880671464417 11.419430645491076 0
      vertex -13.847759065022574 11.23463313526982 0
    endloop
  endfacet
  facet normal 0 0 -1
    outer loop
      vertex -14 0 0
      vertex -14 12 0
      vertex -13.990369453344394 11.803965719340878 0
    endloop
  endfacet
  facet normal 0 0 -1
    outer loop
      vertex -13.990369453344394 0.1960342806591212 0
      vertex -13.990369453344394 11.803965719340878 0
      vertex -13.96157056080646 11.609819355967744 0
    endloop
  endfacet
  facet normal 0 0 -1
    outer loop
      vertex -13.96157056080646 0.3901806440322565 0
      vertex -13.96157056080646 11.609819355967744 0
      vertex -13.913880671464417 11.419430645491076 0
    endloop
  endfacet
  facet normal 0 0 -1
    outer loop
      vertex -55.5 55.5 0
      vertex -13.76384252869671 12.942793473651996 0
      vertex -13.847759065022574 12.76536686473018 0
    endloop
  endfacet
  facet normal 0 0 -1
    outer loop
      vertex -55.5 55.5 0
      vertex -13.66293922460509 13.111140466039204 0
      vertex -13.76384252869671 12.942793473651996 0
    endloop
  endfacet
  facet normal 0 0 -1
    outer loop
      vertex -55.5 55.5 0
      vertex -13.546020906725474 13.268786568327291 0
      vertex -13.66293922460509 13.111140466039204 0
    endloop
  endfacet
  facet normal 0 0 -1
    outer loop
      vertex -55.5 55.5 0
      vertex -13.414213562373096 13.414213562373096 0
      vertex -13.546020906725474 13.268786568327291 0
    endloop
  endfacet
  facet normal 0 0 -1
    outer loop
      vertex -55.5 55.5 0
      vertex -13.268786568327291 13.546020906725474 0
      vertex -13.414213562373096 13.414213562373096 0
    endloop
  endfacet
  facet normal 0 0 -1
    outer loop
      vertex -55.5 55.5 0
      vertex -13.111140466039204 13.66293922460509 0
      vertex -13.268786568327291 13.546020906725474 0
    endloop
  endfacet
  facet normal 0 0 -1
    outer loop
      vertex -55.5 55.5 0
      vertex -12.942793473651996 13.76384252869671 0
      vertex -13.111140466039204 13.66293922460509 0
    endloop
  endfacet
  facet normal 0 0 -1
    outer loop
      vertex -55.5 55.5 0
      vertex -12.76536686473018 13.847759065022574 0
      vertex -12.942793473651996 13.76384252869671 0
    endloop
  endfacet
  facet normal 0 0 -1
    outer loop
      vertex -13.913880671464417 0.5805693545089247 0
      vertex -13.847759065022574 11.23463313526982 0
      vertex -13.847759065022574 0.7653668647301796 0
    endloop
  endfacet
  facet normal 0 0 -1
    outer loop
      vertex -13.847759065022574 0.7653668647301796 0
      vertex -13.76384252869671 11.057206526348004 0
      vertex -13.76384252869671 0.9427934736519953 0
    endloop
  endfacet
  facet normal 0 0 -1
    outer loop
      vertex -13.76384252869671 0.9427934736519953 0
      vertex -13.66293922460509 10.888859533960796 0
      vertex -13.66293922460509 1.1111404660392044 0
    endloop
  endfacet
  facet normal 0 0 -1
    outer loop
      vertex -13.66293922460509 1.1111404660392044 0
      vertex -13.546020906725474 10.731213431672709 0
      vertex -13.546020906725474 1.268786568327291 0
    endloop
  endfacet
  facet normal 0 0 -1
    outer loop
      vertex -13.546020906725474 1.268786568327291 0
      vertex -13.414213562373096 10.585786437626904 0
      vertex -13.414213562373096 1.4142135623730951 0
    endloop
  endfacet
  facet normal 0 0 -1
    outer loop
      vertex -13.268786568327291 1.546020906725474 0
      vertex -13.414213562373096 1.4142135623730951 0
      vertex -13.268786568327291 10.453979093274526 0
    endloop
  endfacet
  facet normal 0 0 -1
    outer loop
      vertex -13.111140466039204 1.6629392246050905 0
      vertex -13.268786568327291 1.546020906725474 0
      vertex -13.111140466039204 10.33706077539491 0
    endloop
  endfacet
  facet normal 0 0 -1
    outer loop
      vertex -12.942793473651996 1.76384252869671 0
      vertex -13.111140466039204 1.6629392246050905 0
      vertex -12.942793473651996 10.23615747130329 0
    endloop
  endfacet
  facet normal 0 0 -1
    outer loop
      vertex -12.76536686473018 1.8477590650225735 0
      vertex -12.942793473651996 1.76384252869671 0
      vertex -12.76536686473018 10.152240934977426 0
    endloop
  endfacet
  facet normal 0 0 -1
    outer loop
      vertex -12.580569354508924 1.9138806714644176 0
      vertex -12.76536686473018 1.8477590650225735 0
      vertex -12.580569354508924 10.086119328535583 0
    endloop
  endfacet
  facet normal 0 0 -1
    outer loop
      vertex -12.390180644032256 1.9615705608064609 0
      vertex -12.580569354508924 1.9138806714644176 0
      vertex -12.390180644032256 10.03842943919354 0
    endloop
  endfacet
  facet normal 0 0 -1
    outer loop
      vertex -12.196034280659122 1.9903694533443939 0
      vertex -12.390180644032256 1.9615705608064609 0
      vertex -12.196034280659122 10.009630546655606 0
    endloop
  endfacet
  facet normal 0 0 -1
    outer loop
      vertex -12 2 0
      vertex -12.196034280659122 1.9903694533443939 0
      vertex -12 10 0
    endloop
  endfacet
  facet normal 0 0 -1
    outer loop
      vertex -11.803965719340878 1.9903694533443939 0
      vertex -12 2 0
      vertex -11.803965719340878 10.009630546655606 0
    endloop
  endfacet
  facet normal 0 0 -1
    outer loop
      vertex -11.609819355967744 1.9615705608064609 0
      vertex -11.803965719340878 1.9903694533443939 0
      vertex -11.609819355967744 10.03842943919354 0
    endloop
  endfacet
  facet normal 0 0 -1
    outer loop
      vertex -11.419430645491076 1.9138806714644176 0
      vertex -11.609819355967744 1.9615705608064609 0
      vertex -11.419430645491076 10.086119328535583 0
    endloop
  endfacet
  facet normal 0 0 -1
    outer loop
      vertex -11.23463313526982 1.8477590650225735 0
      vertex -11.419430645491076 1.9138806714644176 0
      vertex -11.23463313526982 10.152240934977426 0
    endloop
  endfacet
  facet normal 0 0 -1
    outer loop
      vertex -11.057206526348004 1.76384252869671 0
      vertex -11.23463313526982 1.8477590650225735 0
      vertex -11.057206526348004 10.23615747130329 0
    endloop
  endfacet
  facet normal 0 0 -1
    outer loop
      vertex -10.888859533960796 1.6629392246050905 0
      vertex -11.057206526348004 1.76384252869671 0
      vertex -10.888859533960796 10.33706077539491 0
    endloop
  endfacet
  facet normal 0 0 -1
    outer loop
      vertex -10.731213431672709 1.546020906725474 0
      vertex -10.888859533960796 1.6629392246050905 0
      vertex -10.731213431672709 10.453979093274526 0
    endloop
  endfacet
  facet normal 0 0 -1
    outer loop
      vertex -10.152240934977426 0.7653668647301796 0
      vertex -0.5805693545089247 10.086119328535583 0
      vertex -10.086119328535583 0.5805693545089247 0
    endloop
  endfacet
  facet normal 0 0 -1
    outer loop
      vertex -10.33706077539491 1.1111404660392044 0
      vertex -0.9427934736519953 10.23615747130329 0
      vertex -10.23615747130329 0.9427934736519953 0
    endloop
  endfacet
  facet normal 0 0 -1
    outer loop
      vertex -10.453979093274526 1.268786568327291 0
      vertex -1.1111404660392044 10.33706077539491 0
      vertex -10.33706077539491 1.1111404660392044 0
    endloop
  endfacet
  facet normal 0 0 -1
    outer loop
      vertex -10.23615747130329 0.9427934736519953 0
      vertex -0.7653668647301796 10.152240934977426 0
      vertex -10.152240934977426 0.7653668647301796 0
    endloop
  endfacet
  facet normal 0 0 -1
    outer loop
      vertex -10.731213431672709 1.546020906725474 0
      vertex -1.4142135623730951 10.585786437626904 0
      vertex -10.585786437626904 1.4142135623730951 0
    endloop
  endfacet
  facet normal 0 0 -1
    outer loop
      vertex -10.585786437626904 1.4142135623730951 0
      vertex -1.268786568327291 10.453979093274526 0
      vertex -10.453979093274526 1.268786568327291 0
    endloop
  endfacet
  facet normal 0 0 -1
    outer loop
      vertex -13.847759065022574 0.7653668647301796 0
      vertex -13.847759065022574 11.23463313526982 0
      vertex -13.76384252869671 11.057206526348004 0
    endloop
  endfacet
  facet normal 0 0 -1
    outer loop
      vertex -13.76384252869671 0.9427934736519953 0
      vertex -13.76384252869671 11.057206526348004 0
      vertex -13.66293922460509 10.888859533960796 0
    endloop
  endfacet
  facet normal 0 0 -1
    outer loop
      vertex -13.66293922460509 1.1111404660392044 0
      vertex -13.66293922460509 10.888859533960796 0
      vertex -13.546020906725474 10.731213431672709 0
    endloop
  endfacet
  facet normal 0 0 -1
    outer loop
      vertex -13.546020906725474 1.268786568327291 0
      vertex -13.546020906725474 10.731213431672709 0
      vertex -13.414213562373096 10.585786437626904 0
    endloop
  endfacet
  facet normal 0 0 -1
    outer loop
      vertex -13.414213562373096 1.4142135623730951 0
      vertex -13.414213562373096 10.585786437626904 0
      vertex -13.268786568327291 10.453979093274526 0
    endloop
  endfacet
  facet normal 0 0 -1
    outer loop
      vertex -13.268786568327291 1.546020906725474 0
      vertex -13.268786568327291 10.453979093274526 0
      vertex -13.111140466039204 10.33706077539491 0
    endloop
  endfacet
  facet normal 0 0 -1
    outer loop
      vertex -13.111140466039204 1.6629392246050905 0
      vertex -13.111140466039204 10.33706077539491 0
      vertex -12.942793473651996 10.23615747130329 0
    endloop
  endfacet
  facet normal 0 0 -1
    outer loop
      vertex -12.76536686473018 1.8477590650225735 0
      vertex -12.76536686473018 10.152240934977426 0
      vertex -12.580569354508924 10.086119328535583 0
    endloop
  endfacet
  facet normal 0 0 -1
    outer loop
      vertex -12.942793473651996 1.76384252869671 0
      vertex -12.942793473651996 10.23615747130329 0
      vertex -12.76536686473018 10.152240934977426 0
    endloop
  endfacet
  facet normal 0 0 -1
    outer loop
      vertex -12.580569354508924 1.9138806714644176 0
      vertex -12.580569354508924 10.086119328535583 0
      vertex -12.390180644032256 10.03842943919354 0
    endloop
  endfacet
  facet normal 0 0 -1
    outer loop
      vertex -12.390180644032256 1.9615705608064609 0
      vertex -12.390180644032256 10.03842943919354 0
      vertex -12.196034280659122 10.009630546655606 0
    endloop
  endfacet
  facet normal 0 0 -1
    outer loop
      vertex -12.196034280659122 1.9903694533443939 0
      vertex -12.196034280659122 10.009630546655606 0
      vertex -12 10 0
    endloop
  endfacet
  facet normal 0 0 -1
    outer loop
      vertex -12 2 0
      vertex -12 10 0
      vertex -11.803965719340878 10.009630546655606 0
    endloop
  endfacet
  facet normal 0 0 -1
    outer loop
      vertex -11.803965719340878 10.009630546655606 0
      vertex -11.609819355967744 10.03842943919354 0
      vertex -11.803965719340878 1.9903694533443939 0
    endloop
  endfacet
  facet normal 0 0 -1
    outer loop
      vertex -11.609819355967744 10.03842943919354 0
      vertex -11.419430645491076 10.086119328535583 0
      vertex -11.609819355967744 1.9615705608064609 0
    endloop
  endfacet
  facet normal 0 0 -1
    outer loop
      vertex -11.419430645491076 10.086119328535583 0
      vertex -11.23463313526982 10.152240934977426 0
      vertex -11.419430645491076 1.9138806714644176 0
    endloop
  endfacet
  facet normal 0 0 -1
    outer loop
      vertex -11.23463313526982 1.8477590650225735 0
      vertex -11.23463313526982 10.152240934977426 0
      vertex -11.057206526348004 10.23615747130329 0
    endloop
  endfacet
  facet normal 0 0 -1
    outer loop
      vertex -11.057206526348004 1.76384252869671 0
      vertex -11.057206526348004 10.23615747130329 0
      vertex -10.888859533960796 10.33706077539491 0
    endloop
  endfacet
  facet normal 0 0 -1
    outer loop
      vertex -10.888859533960796 10.33706077539491 0
      vertex -10.731213431672709 10.453979093274526 0
      vertex -10.888859533960796 1.6629392246050905 0
    endloop
  endfacet
  facet normal 0 0 -1
    outer loop
      vertex -10.731213431672709 1.546020906725474 0
      vertex -10.731213431672709 10.453979093274526 0
      vertex -10.585786437626904 10.585786437626904 0
    endloop
  endfacet
  facet normal 0 0 -1
    outer loop
      vertex -10.585786437626904 10.585786437626904 0
      vertex -1.4142135623730951 10.585786437626904 0
      vertex -10.731213431672709 1.546020906725474 0
    endloop
  endfacet
  facet normal 0 0 -1
    outer loop
      vertex -10.585786437626904 10.585786437626904 0
      vertex -10.453979093274526 10.731213431672709 0
      vertex -1.4142135623730951 10.585786437626904 0
    endloop
  endfacet
  facet normal 0 0 -1
    outer loop
      vertex -10.33706077539491 10.888859533960796 0
      vertex -1.546020906725474 10.731213431672709 0
      vertex -10.453979093274526 10.731213431672709 0
    endloop
  endfacet
  facet normal 0 0 -1
    outer loop
      vertex -10.23615747130329 11.057206526348004 0
      vertex -1.6629392246050905 10.888859533960796 0
      vertex -10.33706077539491 10.888859533960796 0
    endloop
  endfacet
  facet normal 0 0 -1
    outer loop
      vertex -10.152240934977426 11.23463313526982 0
      vertex -1.76384252869671 11.057206526348004 0
      vertex -10.23615747130329 11.057206526348004 0
    endloop
  endfacet
  facet normal 0 0 -1
    outer loop
      vertex -10.086119328535583 11.419430645491076 0
      vertex -1.8477590650225735 11.23463313526982 0
      vertex -10.152240934977426 11.23463313526982 0
    endloop
  endfacet
  facet normal 0 0 -1
    outer loop
      vertex -10.03842943919354 11.609819355967744 0
      vertex -1.9138806714644176 11.419430645491076 0
      vertex -10.086119328535583 11.419430645491076 0
    endloop
  endfacet
  facet normal 0 0 -1
    outer loop
      vertex -10.009630546655606 11.803965719340878 0
      vertex -1.9615705608064609 11.609819355967744 0
      vertex -10.03842943919354 11.609819355967744 0
    endloop
  endfacet
  facet normal 0 0 -1
    outer loop
      vertex -10 12 0
      vertex -1.9903694533443939 11.803965719340878 0
      vertex -10.009630546655606 11.803965719340878 0
    endloop
  endfacet
  facet normal 0 0 -1
    outer loop
      vertex -10.009630546655606 12.196034280659122 0
      vertex -2 12 0
      vertex -10 12 0
    endloop
  endfacet
  facet normal 0 0 -1
    outer loop
      vertex -10.152240934977426 12.76536686473018 0
      vertex -1.9138806714644176 12.580569354508924 0
      vertex -10.086119328535583 12.580569354508924 0
    endloop
  endfacet
  facet normal 0 0 -1
    outer loop
      vertex -10.23615747130329 12.942793473651996 0
      vertex -1.8477590650225735 12.76536686473018 0
      vertex -10.152240934977426 12.76536686473018 0
    endloop
  endfacet
  facet normal 0 0 -1
    outer loop
      vertex -10.33706077539491 13.111140466039204 0
      vertex -1.76384252869671 12.942793473651996 0
      vertex -10.23615747130329 12.942793473651996 0
    endloop
  endfacet
  facet normal 0 0 -1
    outer loop
      vertex -10.03842943919354 12.390180644032256 0
      vertex -1.9903694533443939 12.196034280659122 0
      vertex -10.009630546655606 12.196034280659122 0
    endloop
  endfacet
  facet normal 0 0 -1
    outer loop
      vertex -10.086119328535583 12.580569354508924 0
      vertex -1.9615705608064609 12.390180644032256 0
      vertex -10.03842943919354 12.390180644032256 0
    endloop
  endfacet
  facet normal 0 0 -1
    outer loop
      vertex -10.453979093274526 13.268786568327291 0
      vertex -1.6629392246050905 13.111140466039204 0
      vertex -10.33706077539491 13.111140466039204 0
    endloop
  endfacet
  facet normal 0 0 -1
    outer loop
      vertex -10.009630546655606 -0.1960342806591212 0
      vertex 0.3901806440322565 10.03842943919354 0
      vertex -10.03842943919354 -0.3901806440322565 0
    endloop
  endfacet
  facet normal 0 0 -1
    outer loop
      vertex -10 0 0
      vertex -10.009630546655606 0.1960342806591212 0
      vertex 0 10 0
    endloop
  endfacet
  facet normal 0 0 -1
    outer loop
      vertex -10.009630546655606 -0.1960342806591212 0
      vertex -10 0 0
      vertex 0.1960342806591212 10.009630546655606 0
    endloop
  endfacet
  facet normal 0 0 -1
    outer loop
      vertex -10.03842943919354 -0.3901806440322565 0
      vertex -1.9138806714644176 0.5805693545089247 0
      vertex -1.9615705608064609 0.3901806440322565 0
    endloop
  endfacet
  facet normal 0 0 -1
    outer loop
      vertex -10.03842943919354 -0.3901806440322565 0
      vertex -1.8477590650225735 0.7653668647301796 0
      vertex -1.9138806714644176 0.5805693545089247 0
    endloop
  endfacet
  facet normal 0 0 -1
    outer loop
      vertex -10.03842943919354 -0.3901806440322565 0
      vertex -1.76384252869671 0.9427934736519953 0
      vertex -1.8477590650225735 0.7653668647301796 0
    endloop
  endfacet
  facet normal 0 0 -1
    outer loop
      vertex -10.03842943919354 -0.3901806440322565 0
      vertex -1.6629392246050905 1.1111404660392044 0
      vertex -1.76384252869671 0.9427934736519953 0
    endloop
  endfacet
  facet normal 0 0 -1
    outer loop
      vertex -10.03842943919354 -0.3901806440322565 0
      vertex -1.546020906725474 1.268786568327291 0
      vertex -1.6629392246050905 1.1111404660392044 0
    endloop
  endfacet
  facet normal 0 0 -1
    outer loop
      vertex -10.03842943919354 -0.3901806440322565 0
      vertex -1.268786568327291 1.546020906725474 0
      vertex -1.4142135623730951 1.4142135623730951 0
    endloop
  endfacet
  facet normal 0 0 -1
    outer loop
      vertex -10.03842943919354 -0.3901806440322565 0
      vertex -1.4142135623730951 1.4142135623730951 0
      vertex -1.546020906725474 1.268786568327291 0
    endloop
  endfacet
  facet normal 0 0 -1
    outer loop
      vertex -10.03842943919354 -0.3901806440322565 0
      vertex -1.1111404660392044 1.6629392246050905 0
      vertex -1.268786568327291 1.546020906725474 0
    endloop
  endfacet
  facet normal 0 0 -1
    outer loop
      vertex -10.03842943919354 -0.3901806440322565 0
      vertex -0.9427934736519953 1.76384252869671 0
      vertex -1.1111404660392044 1.6629392246050905 0
    endloop
  endfacet
  facet normal 0 0 -1
    outer loop
      vertex -10.03842943919354 -0.3901806440322565 0
      vertex -0.7653668647301796 1.8477590650225735 0
      vertex -0.9427934736519953 1.76384252869671 0
    endloop
  endfacet
  facet normal 0 0 -1
    outer loop
      vertex -10.086119328535583 0.5805693545089247 0
      vertex -0.3901806440322565 10.03842943919354 0
      vertex -10.03842943919354 0.3901806440322565 0
    endloop
  endfacet
  facet normal 0 0 -1
    outer loop
      vertex -10.03842943919354 0.3901806440322565 0
      vertex -0.1960342806591212 10.009630546655606 0
      vertex -10.009630546655606 0.1960342806591212 0
    endloop
  endfacet
  facet normal 0 0 -1
    outer loop
      vertex -10.03842943919354 -0.3901806440322565 0
      vertex 0.3901806440322565 10.03842943919354 0
      vertex -0.7653668647301796 1.8477590650225735 0
    endloop
  endfacet
  facet normal 0 0 -1
    outer loop
      vertex -10.086119328535583 0.5805693545089247 0
      vertex -0.5805693545089247 10.086119328535583 0
      vertex -0.3901806440322565 10.03842943919354 0
    endloop
  endfacet
  facet normal 0 0 -1
    outer loop
      vertex -10.03842943919354 0.3901806440322565 0
      vertex -0.3901806440322565 10.03842943919354 0
      vertex -0.1960342806591212 10.009630546655606 0
    endloop
  endfacet
  facet normal 0 0 -1
    outer loop
      vertex -10 0 0
      vertex 0 10 0
      vertex 0.1960342806591212 10.009630546655606 0
    endloop
  endfacet
  facet normal 0 0 -1
    outer loop
      vertex -10.009630546655606 0.1960342806591212 0
      vertex -0.1960342806591212 10.009630546655606 0
      vertex 0 10 0
    endloop
  endfacet
  facet normal 0 0 -1
    outer loop
      vertex -10.009630546655606 -0.1960342806591212 0
      vertex 0.1960342806591212 10.009630546655606 0
      vertex 0.3901806440322565 10.03842943919354 0
    endloop
  endfacet
  facet normal 0 0 -1
    outer loop
      vertex -0.5805693545089247 1.9138806714644176 0
      vertex -0.7653668647301796 1.8477590650225735 0
      vertex 0.3901806440322565 10.03842943919354 0
    endloop
  endfacet
  facet normal 0 0 -1
    outer loop
      vertex -0.3901806440322565 1.9615705608064609 0
      vertex -0.5805693545089247 1.9138806714644176 0
      vertex 0.3901806440322565 10.03842943919354 0
    endloop
  endfacet
  facet normal 0 0 -1
    outer loop
      vertex -10.585786437626904 1.4142135623730951 0
      vertex -1.4142135623730951 10.585786437626904 0
      vertex -1.268786568327291 10.453979093274526 0
    endloop
  endfacet
  facet normal 0 0 -1
    outer loop
      vertex -10.453979093274526 1.268786568327291 0
      vertex -1.268786568327291 10.453979093274526 0
      vertex -1.1111404660392044 10.33706077539491 0
    endloop
  endfacet
  facet normal 0 0 -1
    outer loop
      vertex -10.33706077539491 1.1111404660392044 0
      vertex -1.1111404660392044 10.33706077539491 0
      vertex -0.9427934736519953 10.23615747130329 0
    endloop
  endfacet
  facet normal 0 0 -1
    outer loop
      vertex -10.23615747130329 0.9427934736519953 0
      vertex -0.9427934736519953 10.23615747130329 0
      vertex -0.7653668647301796 10.152240934977426 0
    endloop
  endfacet
  facet normal 0 0 -1
    outer loop
      vertex -10.152240934977426 0.7653668647301796 0
      vertex -0.7653668647301796 10.152240934977426 0
      vertex -0.5805693545089247 10.086119328535583 0
    endloop
  endfacet
  facet normal 0 0 -1
    outer loop
      vertex -10.453979093274526 10.731213431672709 0
      vertex -1.546020906725474 10.731213431672709 0
      vertex -1.4142135623730951 10.585786437626904 0
    endloop
  endfacet
  facet normal 0 0 -1
    outer loop
      vertex -1.546020906725474 10.731213431672709 0
      vertex -10.33706077539491 10.888859533960796 0
      vertex -1.6629392246050905 10.888859533960796 0
    endloop
  endfacet
  facet normal 0 0 -1
    outer loop
      vertex -10.23615747130329 11.057206526348004 0
      vertex -1.76384252869671 11.057206526348004 0
      vertex -1.6629392246050905 10.888859533960796 0
    endloop
  endfacet
  facet normal 0 0 -1
    outer loop
      vertex -10.152240934977426 11.23463313526982 0
      vertex -1.8477590650225735 11.23463313526982 0
      vertex -1.76384252869671 11.057206526348004 0
    endloop
  endfacet
  facet normal 0 0 -1
    outer loop
      vertex -1.8477590650225735 11.23463313526982 0
      vertex -10.086119328535583 11.419430645491076 0
      vertex -1.9138806714644176 11.419430645491076 0
    endloop
  endfacet
  facet normal 0 0 -1
    outer loop
      vertex -1.9138806714644176 11.419430645491076 0
      vertex -10.03842943919354 11.609819355967744 0
      vertex -1.9615705608064609 11.609819355967744 0
    endloop
  endfacet
  facet normal 0 0 -1
    outer loop
      vertex -1.9615705608064609 11.609819355967744 0
      vertex -10.009630546655606 11.803965719340878 0
      vertex -1.9903694533443939 11.803965719340878 0
    endloop
  endfacet
  facet normal 0 0 -1
    outer loop
      vertex -10 12 0
      vertex -2 12 0
      vertex -1.9903694533443939 11.803965719340878 0
    endloop
  endfacet
  facet normal 0 0 -1
    outer loop
      vertex -10.009630546655606 12.196034280659122 0
      vertex -1.9903694533443939 12.196034280659122 0
      vertex -2 12 0
    endloop
  endfacet
  facet normal 0 0 -1
    outer loop
      vertex -10.03842943919354 12.390180644032256 0
      vertex -1.9615705608064609 12.390180644032256 0
      vertex -1.9903694533443939 12.196034280659122 0
    endloop
  endfacet
  facet normal 0 0 -1
    outer loop
      vertex -10.086119328535583 12.580569354508924 0
      vertex -1.9138806714644176 12.580569354508924 0
      vertex -1.9615705608064609 12.390180644032256 0
    endloop
  endfacet
  facet normal 0 0 -1
    outer loop
      vertex -10.152240934977426 12.76536686473018 0
      vertex -1.8477590650225735 12.76536686473018 0
      vertex -1.9138806714644176 12.580569354508924 0
    endloop
  endfacet
  facet normal 0 0 -1
    outer loop
      vertex -10.23615747130329 12.942793473651996 0
      vertex -1.76384252869671 12.942793473651996 0
      vertex -1.8477590650225735 12.76536686473018 0
    endloop
  endfacet
  facet normal 0 0 -1
    outer loop
      vertex -10.33706077539491 13.111140466039204 0
      vertex -1.6629392246050905 13.111140466039204 0
      vertex -1.76384252869671 12.942793473651996 0
    endloop
  endfacet
  facet normal 0 0 -1
    outer loop
      vertex -10.453979093274526 13.268786568327291 0
      vertex -1.546020906725474 13.268786568327291 0
      vertex -1.6629392246050905 13.111140466039204 0
    endloop
  endfacet
  facet normal 0 0 -1
    outer loop
      vertex -1.546020906725474 13.268786568327291 0
      vertex -10.453979093274526 13.268786568327291 0
      vertex -1.4142135623730951 13.414213562373096 0
    endloop
  endfacet
  facet normal 0 0 -1
    outer loop
      vertex -1.268786568327291 13.546020906725474 0
      vertex -1.4142135623730951 13.414213562373096 0
      vertex -10.453979093274526 13.268786568327291 0
    endloop
  endfacet
  facet normal 0 0 -1
    outer loop
      vertex -1.1111404660392044 13.66293922460509 0
      vertex -1.268786568327291 13.546020906725474 0
      vertex -10.453979093274526 13.268786568327291 0
    endloop
  endfacet
  facet normal 0 0 1
    outer loop
      vertex -51.8 51.8 1.6
      vertex -14 12 1.6
      vertex -13.990369453344394 12.196034280659122 1.6
    endloop
  endfacet
  facet normal 0 0 1
    outer loop
      vertex -51.8 51.8 1.6
      vertex -13.990369453344394 12.196034280659122 1.6
      vertex -13.96157056080646 12.390180644032256 1.6
    endloop
  endfacet
  facet normal 0 0 1
    outer loop
      vertex -51.8 51.8 1.6
      vertex -13.96157056080646 12.390180644032256 1.6
      vertex -13.913880671464417 12.580569354508924 1.6
    endloop
  endfacet
  facet normal 0 0 1
    outer loop
      vertex -51.8 51.8 1.6
      vertex -13.913880671464417 12.580569354508924 1.6
      vertex -13.847759065022574 12.76536686473018 1.6
    endloop
  endfacet
  facet normal 0 0 1
    outer loop
      vertex -51.8 51.8 1.6
      vertex -13.847759065022574 12.76536686473018 1.6
      vertex -13.76384252869671 12.942793473651996 1.6
    endloop
  endfacet
  facet normal 0 0 1
    outer loop
      vertex -51.8 51.8 1.6
      vertex -13.76384252869671 12.942793473651996 1.6
      vertex -13.66293922460509 13.111140466039204 1.6
    endloop
  endfacet
  facet normal 0 0 1
    outer loop
      vertex -51.8 51.8 1.6
      vertex -13.66293922460509 13.111140466039204 1.6
      vertex -13.546020906725474 13.268786568327291 1.6
    endloop
  endfacet
  facet normal 0 0 1
    outer loop
      vertex -51.8 51.8 1.6
      vertex -13.546020906725474 13.268786568327291 1.6
      vertex -13.414213562373096 13.414213562373096 1.6
    endloop
  endfacet
  facet normal 0 0 1
    outer loop
      vertex -51.8 51.8 1.6
      vertex -13.414213562373096 13.414213562373096 1.6
      vertex -13.268786568327291 13.546020906725474 1.6
    endloop
  endfacet
  facet normal 0 0 1
    outer loop
      vertex -51.8 51.8 1.6
      vertex -13.268786568327291 13.546020906725474 1.6
      vertex -13.111140466039204 13.66293922460509 1.6
    endloop
  endfacet
  facet normal 0 0 1
    outer loop
      vertex -51.8 51.8 1.6
      vertex -13.111140466039204 13.66293922460509 1.6
      vertex -12.942793473651996 13.76384252869671 1.6
    endloop
  endfacet
  facet normal 0 0 1
    outer loop
      vertex -51.8 51.8 1.6
      vertex -12.942793473651996 13.76384252869671 1.6
      vertex -12.76536686473018 13.847759065022574 1.6
    endloop
  endfacet
  facet normal 0 0 1
    outer loop
      vertex -51.8 51.8 1.6
      vertex -12.76536686473018 13.847759065022574 1.6
      vertex -12.580569354508924 13.913880671464417 1.6
    endloop
  endfacet
  facet normal 0 0 1
    outer loop
      vertex -51.8 51.8 1.6
      vertex -12.580569354508924 13.913880671464417 1.6
      vertex -12.390180644032256 13.96157056080646 1.6
    endloop
  endfacet
  facet normal 0 0 1
    outer loop
      vertex -51.8 51.8 1.6
      vertex -12.390180644032256 13.96157056080646 1.6
      vertex -12.196034280659122 13.990369453344394 1.6
    endloop
  endfacet
  facet normal 0 0 1
    outer loop
      vertex -51.8 51.8 1.6
      vertex -12.196034280659122 13.990369453344394 1.6
      vertex -12 14 1.6
    endloop
  endfacet
  facet normal 0 0 1
    outer loop
      vertex -51.8 51.8 1.6
      vertex -12 14 1.6
      vertex -11.803965719340878 13.990369453344394 1.6
    endloop
  endfacet
  facet normal 0 0 1
    outer loop
      vertex -51.8 51.8 1.6
      vertex -11.803965719340878 13.990369453344394 1.6
      vertex 0 14 1.6
    endloop
  endfacet
  facet normal 0 0 1
    outer loop
      vertex -51.8 51.8 1.6
      vertex 0 14 1.6
      vertex 0.1960342806591212 13.990369453344394 1.6
    endloop
  endfacet
  facet normal 0 0 1
    outer loop
      vertex -51.8 51.8 1.6
      vertex 0.1960342806591212 13.990369453344394 1.6
      vertex 0.3901806440322565 13.96157056080646 1.6
    endloop
  endfacet
  facet normal 0 0 1
    outer loop
      vertex -51.8 51.8 1.6
      vertex 0.3901806440322565 13.96157056080646 1.6
      vertex 0.5805693545089247 13.913880671464417 1.6
    endloop
  endfacet
  facet normal 0 0 1
    outer loop
      vertex -51.8 51.8 1.6
      vertex 0.9427934736519953 13.76384252869671 1.6
      vertex 1.1111404660392044 13.66293922460509 1.6
    endloop
  endfacet
  facet normal 0 0 1
    outer loop
      vertex -51.8 51.8 1.6
      vertex 0.5805693545089247 13.913880671464417 1.6
      vertex 0.7653668647301796 13.847759065022574 1.6
    endloop
  endfacet
  facet normal 0 0 1
    outer loop
      vertex -51.8 51.8 1.6
      vertex 0.7653668647301796 13.847759065022574 1.6
      vertex 0.9427934736519953 13.76384252869671 1.6
    endloop
  endfacet
  facet normal 0 0 1
    outer loop
      vertex -13.546020906725474 1.268786568327291 1.6
      vertex -13.414213562373096 10.585786437626904 1.6
      vertex -13.66293922460509 1.1111404660392044 1.6
    endloop
  endfacet
  facet normal 0 0 1
    outer loop
      vertex -13.414213562373096 1.4142135623730951 1.6
      vertex -13.414213562373096 10.585786437626904 1.6
      vertex -13.546020906725474 1.268786568327291 1.6
    endloop
  endfacet
  facet normal 0 0 1
    outer loop
      vertex -13.414213562373096 1.4142135623730951 1.6
      vertex -13.268786568327291 1.546020906725474 1.6
      vertex -13.414213562373096 10.585786437626904 1.6
    endloop
  endfacet
  facet normal 0 0 1
    outer loop
      vertex -13.268786568327291 1.546020906725474 1.6
      vertex -13.111140466039204 1.6629392246050905 1.6
      vertex -13.268786568327291 10.453979093274526 1.6
    endloop
  endfacet
  facet normal 0 0 1
    outer loop
      vertex -13.111140466039204 1.6629392246050905 1.6
      vertex -12.942793473651996 1.76384252869671 1.6
      vertex -13.111140466039204 10.33706077539491 1.6
    endloop
  endfacet
  facet normal 0 0 1
    outer loop
      vertex -12.942793473651996 1.76384252869671 1.6
      vertex -12.76536686473018 1.8477590650225735 1.6
      vertex -12.942793473651996 10.23615747130329 1.6
    endloop
  endfacet
  facet normal 0 0 1
    outer loop
      vertex -12.76536686473018 1.8477590650225735 1.6
      vertex -12.580569354508924 1.9138806714644176 1.6
      vertex -12.76536686473018 10.152240934977426 1.6
    endloop
  endfacet
  facet normal 0 0 1
    outer loop
      vertex -12.580569354508924 1.9138806714644176 1.6
      vertex -12.390180644032256 1.9615705608064609 1.6
      vertex -12.580569354508924 10.086119328535583 1.6
    endloop
  endfacet
  facet normal 0 0 1
    outer loop
      vertex -12.390180644032256 1.9615705608064609 1.6
      vertex -12.196034280659122 1.9903694533443939 1.6
      vertex -12.390180644032256 10.03842943919354 1.6
    endloop
  endfacet
  facet normal 0 0 1
    outer loop
      vertex -12.196034280659122 1.9903694533443939 1.6
      vertex -12 2 1.6
      vertex -12.196034280659122 10.009630546655606 1.6
    endloop
  endfacet
  facet normal 0 0 1
    outer loop
      vertex -12 2 1.6
      vertex -11.803965719340878 1.9903694533443939 1.6
      vertex -12 10 1.6
    endloop
  endfacet
  facet normal 0 0 1
    outer loop
      vertex -11.803965719340878 1.9903694533443939 1.6
      vertex -11.609819355967744 1.9615705608064609 1.6
      vertex -11.803965719340878 10.009630546655606 1.6
    endloop
  endfacet
  facet normal 0 0 1
    outer loop
      vertex -11.609819355967744 1.9615705608064609 1.6
      vertex -11.419430645491076 1.9138806714644176 1.6
      vertex -11.609819355967744 10.03842943919354 1.6
    endloop
  endfacet
  facet normal 0 0 1
    outer loop
      vertex -11.419430645491076 1.9138806714644176 1.6
      vertex -11.23463313526982 1.8477590650225735 1.6
      vertex -11.419430645491076 10.086119328535583 1.6
    endloop
  endfacet
  facet normal 0 0 1
    outer loop
      vertex -10.453979093274526 1.268786568327291 1.6
      vertex -11.23463313526982 10.152240934977426 1.6
      vertex -10.585786437626904 1.4142135623730951 1.6
    endloop
  endfacet
  facet normal 0 0 1
    outer loop
      vertex -10.33706077539491 1.1111404660392044 1.6
      vertex -11.23463313526982 10.152240934977426 1.6
      vertex -10.453979093274526 1.268786568327291 1.6
    endloop
  endfacet
  facet normal 0 0 1
    outer loop
      vertex -10.152240934977426 0.7653668647301796 1.6
      vertex -11.23463313526982 10.152240934977426 1.6
      vertex -10.23615747130329 0.9427934736519953 1.6
    endloop
  endfacet
  facet normal 0 0 1
    outer loop
      vertex -10.23615747130329 0.9427934736519953 1.6
      vertex -11.23463313526982 10.152240934977426 1.6
      vertex -10.33706077539491 1.1111404660392044 1.6
    endloop
  endfacet
  facet normal 0 0 1
    outer loop
      vertex -11.057206526348004 1.76384252869671 1.6
      vertex -10.888859533960796 1.6629392246050905 1.6
      vertex -11.23463313526982 10.152240934977426 1.6
    endloop
  endfacet
  facet normal 0 0 1
    outer loop
      vertex -11.23463313526982 1.8477590650225735 1.6
      vertex -11.057206526348004 1.76384252869671 1.6
      vertex -11.23463313526982 10.152240934977426 1.6
    endloop
  endfacet
  facet normal 0 0 1
    outer loop
      vertex -10.888859533960796 1.6629392246050905 1.6
      vertex -10.731213431672709 1.546020906725474 1.6
      vertex -11.23463313526982 10.152240934977426 1.6
    endloop
  endfacet
  facet normal 0 0 1
    outer loop
      vertex -10.731213431672709 1.546020906725474 1.6
      vertex -10.585786437626904 1.4142135623730951 1.6
      vertex -11.23463313526982 10.152240934977426 1.6
    endloop
  endfacet
  facet normal 0 0 1
    outer loop
      vertex -10 0 1.6
      vertex -1.9903694533443939 0.1960342806591212 1.6
      vertex -10.009630546655606 0.1960342806591212 1.6
    endloop
  endfacet
  facet normal 0 0 1
    outer loop
      vertex -10.009630546655606 0.1960342806591212 1.6
      vertex -1.9615705608064609 0.3901806440322565 1.6
      vertex -10.03842943919354 0.3901806440322565 1.6
    endloop
  endfacet
  facet normal 0 0 1
    outer loop
      vertex -10.03842943919354 0.3901806440322565 1.6
      vertex -1.9138806714644176 0.5805693545089247 1.6
      vertex -10.086119328535583 0.5805693545089247 1.6
    endloop
  endfacet
  facet normal 0 0 1
    outer loop
      vertex -10.086119328535583 0.5805693545089247 1.6
      vertex -1.8477590650225735 0.7653668647301796 1.6
      vertex -10.152240934977426 0.7653668647301796 1.6
    endloop
  endfacet
  facet normal 0 0 1
    outer loop
      vertex -11.23463313526982 10.152240934977426 1.6
      vertex -10.152240934977426 0.7653668647301796 1.6
      vertex -1.8477590650225735 0.7653668647301796 1.6
    endloop
  endfacet
  facet normal 0 0 1
    outer loop
      vertex -13.268786568327291 1.546020906725474 1.6
      vertex -13.268786568327291 10.453979093274526 1.6
      vertex -13.414213562373096 10.585786437626904 1.6
    endloop
  endfacet
  facet normal 0 0 1
    outer loop
      vertex -13.111140466039204 10.33706077539491 1.6
      vertex -13.268786568327291 10.453979093274526 1.6
      vertex -13.111140466039204 1.6629392246050905 1.6
    endloop
  endfacet
  facet normal 0 0 1
    outer loop
      vertex -12.942793473651996 1.76384252869671 1.6
      vertex -12.942793473651996 10.23615747130329 1.6
      vertex -13.111140466039204 10.33706077539491 1.6
    endloop
  endfacet
  facet normal 0 0 1
    outer loop
      vertex -12.76536686473018 1.8477590650225735 1.6
      vertex -12.76536686473018 10.152240934977426 1.6
      vertex -12.942793473651996 10.23615747130329 1.6
    endloop
  endfacet
  facet normal 0 0 1
    outer loop
      vertex -12.580569354508924 10.086119328535583 1.6
      vertex -12.76536686473018 10.152240934977426 1.6
      vertex -12.580569354508924 1.9138806714644176 1.6
    endloop
  endfacet
  facet normal 0 0 1
    outer loop
      vertex -12.390180644032256 10.03842943919354 1.6
      vertex -12.580569354508924 10.086119328535583 1.6
      vertex -12.390180644032256 1.9615705608064609 1.6
    endloop
  endfacet
  facet normal 0 0 1
    outer loop
      vertex -12.196034280659122 10.009630546655606 1.6
      vertex -12.390180644032256 10.03842943919354 1.6
      vertex -12.196034280659122 1.9903694533443939 1.6
    endloop
  endfacet
  facet normal 0 0 1
    outer loop
      vertex -12 2 1.6
      vertex -12 10 1.6
      vertex -12.196034280659122 10.009630546655606 1.6
    endloop
  endfacet
  facet normal 0 0 1
    outer loop
      vertex -11.803965719340878 1.9903694533443939 1.6
      vertex -11.803965719340878 10.009630546655606 1.6
      vertex -12 10 1.6
    endloop
  endfacet
  facet normal 0 0 1
    outer loop
      vertex -11.609819355967744 1.9615705608064609 1.6
      vertex -11.609819355967744 10.03842943919354 1.6
      vertex -11.803965719340878 10.009630546655606 1.6
    endloop
  endfacet
  facet normal 0 0 1
    outer loop
      vertex -11.419430645491076 1.9138806714644176 1.6
      vertex -11.419430645491076 10.086119328535583 1.6
      vertex -11.609819355967744 10.03842943919354 1.6
    endloop
  endfacet
  facet normal 0 0 1
    outer loop
      vertex -11.23463313526982 1.8477590650225735 1.6
      vertex -11.23463313526982 10.152240934977426 1.6
      vertex -11.419430645491076 10.086119328535583 1.6
    endloop
  endfacet
  facet normal 0 0 1
    outer loop
      vertex -11.057206526348004 10.23615747130329 1.6
      vertex -11.23463313526982 10.152240934977426 1.6
      vertex -1.76384252869671 0.9427934736519953 1.6
    endloop
  endfacet
  facet normal 0 0 1
    outer loop
      vertex -10.888859533960796 10.33706077539491 1.6
      vertex -11.057206526348004 10.23615747130329 1.6
      vertex -1.6629392246050905 1.1111404660392044 1.6
    endloop
  endfacet
  facet normal 0 0 1
    outer loop
      vertex -10.731213431672709 10.453979093274526 1.6
      vertex -10.888859533960796 10.33706077539491 1.6
      vertex -1.546020906725474 1.268786568327291 1.6
    endloop
  endfacet
  facet normal 0 0 1
    outer loop
      vertex -10.585786437626904 10.585786437626904 1.6
      vertex -10.731213431672709 10.453979093274526 1.6
      vertex -1.4142135623730951 1.4142135623730951 1.6
    endloop
  endfacet
  facet normal 0 0 1
    outer loop
      vertex -10.585786437626904 10.585786437626904 1.6
      vertex -1.268786568327291 1.546020906725474 1.6
      vertex -10.453979093274526 10.731213431672709 1.6
    endloop
  endfacet
  facet normal 0 0 1
    outer loop
      vertex -10.453979093274526 10.731213431672709 1.6
      vertex -1.1111404660392044 1.6629392246050905 1.6
      vertex -10.33706077539491 10.888859533960796 1.6
    endloop
  endfacet
  facet normal 0 0 1
    outer loop
      vertex -10.33706077539491 10.888859533960796 1.6
      vertex -0.9427934736519953 1.76384252869671 1.6
      vertex -10.23615747130329 11.057206526348004 1.6
    endloop
  endfacet
  facet normal 0 0 1
    outer loop
      vertex -10.23615747130329 11.057206526348004 1.6
      vertex -0.7653668647301796 1.8477590650225735 1.6
      vertex -10.152240934977426 11.23463313526982 1.6
    endloop
  endfacet
  facet normal 0 0 1
    outer loop
      vertex -10.152240934977426 11.23463313526982 1.6
      vertex -0.5805693545089247 1.9138806714644176 1.6
      vertex -10.086119328535583 11.419430645491076 1.6
    endloop
  endfacet
  facet normal 0 0 1
    outer loop
      vertex -10.086119328535583 12.580569354508924 1.6
      vertex -1.9138806714644176 12.580569354508924 1.6
      vertex -10.152240934977426 12.76536686473018 1.6
    endloop
  endfacet
  facet normal 0 0 1
    outer loop
      vertex -10.152240934977426 12.76536686473018 1.6
      vertex -1.8477590650225735 12.76536686473018 1.6
      vertex -10.23615747130329 12.942793473651996 1.6
    endloop
  endfacet
  facet normal 0 0 1
    outer loop
      vertex -10.03842943919354 12.390180644032256 1.6
      vertex -1.9615705608064609 12.390180644032256 1.6
      vertex -10.086119328535583 12.580569354508924 1.6
    endloop
  endfacet
  facet normal 0 0 1
    outer loop
      vertex -10.23615747130329 12.942793473651996 1.6
      vertex -1.6629392246050905 13.111140466039204 1.6
      vertex -10.33706077539491 13.111140466039204 1.6
    endloop
  endfacet
  facet normal 0 0 1
    outer loop
      vertex -10.33706077539491 13.111140466039204 1.6
      vertex -1.546020906725474 13.268786568327291 1.6
      vertex -10.453979093274526 13.268786568327291 1.6
    endloop
  endfacet
  facet normal 0 0 1
    outer loop
      vertex -10.453979093274526 13.268786568327291 1.6
      vertex -1.4142135623730951 13.414213562373096 1.6
      vertex -10.585786437626904 13.414213562373096 1.6
    endloop
  endfacet
  facet normal 0 0 1
    outer loop
      vertex -11.057206526348004 13.76384252869671 1.6
      vertex -10.888859533960796 13.66293922460509 1.6
      vertex -0.9427934736519953 13.76384252869671 1.6
    endloop
  endfacet
  facet normal 0 0 1
    outer loop
      vertex -11.23463313526982 13.847759065022574 1.6
      vertex -11.057206526348004 13.76384252869671 1.6
      vertex -0.7653668647301796 13.847759065022574 1.6
    endloop
  endfacet
  facet normal 0 0 1
    outer loop
      vertex -10.731213431672709 13.546020906725474 1.6
      vertex -10.585786437626904 13.414213562373096 1.6
      vertex -1.268786568327291 13.546020906725474 1.6
    endloop
  endfacet
  facet normal 0 0 1
    outer loop
      vertex -10.888859533960796 13.66293922460509 1.6
      vertex -10.731213431672709 13.546020906725474 1.6
      vertex -1.1111404660392044 13.66293922460509 1.6
    endloop
  endfacet
  facet normal 0 0 1
    outer loop
      vertex -10 0 1.6
      vertex -2 0 1.6
      vertex -1.9903694533443939 0.1960342806591212 1.6
    endloop
  endfacet
  facet normal 0 0 1
    outer loop
      vertex -1.9615705608064609 0.3901806440322565 1.6
      vertex -10.009630546655606 0.1960342806591212 1.6
      vertex -1.9903694533443939 0.1960342806591212 1.6
    endloop
  endfacet
  facet normal 0 0 1
    outer loop
      vertex -1.9138806714644176 0.5805693545089247 1.6
      vertex -10.03842943919354 0.3901806440322565 1.6
      vertex -1.9615705608064609 0.3901806440322565 1.6
    endloop
  endfacet
  facet normal 0 0 1
    outer loop
      vertex -1.8477590650225735 0.7653668647301796 1.6
      vertex -10.086119328535583 0.5805693545089247 1.6
      vertex -1.9138806714644176 0.5805693545089247 1.6
    endloop
  endfacet
  facet normal 0 0 1
    outer loop
      vertex -11.23463313526982 10.152240934977426 1.6
      vertex -1.8477590650225735 0.7653668647301796 1.6
      vertex -1.76384252869671 0.9427934736519953 1.6
    endloop
  endfacet
  facet normal 0 0 1
    outer loop
      vertex -11.057206526348004 10.23615747130329 1.6
      vertex -1.76384252869671 0.9427934736519953 1.6
      vertex -1.6629392246050905 1.1111404660392044 1.6
    endloop
  endfacet
  facet normal 0 0 1
    outer loop
      vertex -1.546020906725474 1.268786568327291 1.6
      vertex -10.888859533960796 10.33706077539491 1.6
      vertex -1.6629392246050905 1.1111404660392044 1.6
    endloop
  endfacet
  facet normal 0 0 1
    outer loop
      vertex -1.4142135623730951 1.4142135623730951 1.6
      vertex -10.731213431672709 10.453979093274526 1.6
      vertex -1.546020906725474 1.268786568327291 1.6
    endloop
  endfacet
  facet normal 0 0 1
    outer loop
      vertex -10.585786437626904 10.585786437626904 1.6
      vertex -1.4142135623730951 1.4142135623730951 1.6
      vertex -1.268786568327291 1.546020906725474 1.6
    endloop
  endfacet
  facet normal 0 0 1
    outer loop
      vertex -10.453979093274526 10.731213431672709 1.6
      vertex -1.268786568327291 1.546020906725474 1.6
      vertex -1.1111404660392044 1.6629392246050905 1.6
    endloop
  endfacet
  facet normal 0 0 1
    outer loop
      vertex -1.1111404660392044 1.6629392246050905 1.6
      vertex -0.9427934736519953 1.76384252869671 1.6
      vertex -10.33706077539491 10.888859533960796 1.6
    endloop
  endfacet
  facet normal 0 0 1
    outer loop
      vertex -0.9427934736519953 1.76384252869671 1.6
      vertex -0.7653668647301796 1.8477590650225735 1.6
      vertex -10.23615747130329 11.057206526348004 1.6
    endloop
  endfacet
  facet normal 0 0 1
    outer loop
      vertex -10.152240934977426 11.23463313526982 1.6
      vertex -0.7653668647301796 1.8477590650225735 1.6
      vertex -0.5805693545089247 1.9138806714644176 1.6
    endloop
  endfacet
  facet normal 0 0 1
    outer loop
      vertex -10.086119328535583 11.419430645491076 1.6
      vertex -0.5805693545089247 1.9138806714644176 1.6
      vertex -0.3901806440322565 1.9615705608064609 1.6
    endloop
  endfacet
  facet normal 0 0 1
    outer loop
      vertex -10.03842943919354 11.609819355967744 1.6
      vertex -0.3901806440322565 1.9615705608064609 1.6
      vertex -0.1960342806591212 1.9903694533443939 1.6
    endloop
  endfacet
  facet normal 0 0 1
    outer loop
      vertex 0 2 1.6
      vertex -10.009630546655606 11.803965719340878 1.6
      vertex -0.1960342806591212 1.9903694533443939 1.6
    endloop
  endfacet
  facet normal 0 0 1
    outer loop
      vertex -10 12 1.6
      vertex 0 2 1.6
      vertex 0.1960342806591212 1.9903694533443939 1.6
    endloop
  endfacet
  facet normal 0 0 1
    outer loop
      vertex -10.009630546655606 12.196034280659122 1.6
      vertex 0.1960342806591212 1.9903694533443939 1.6
      vertex 0.3901806440322565 1.9615705608064609 1.6
    endloop
  endfacet
  facet normal 0 0 1
    outer loop
      vertex -10.086119328535583 11.419430645491076 1.6
      vertex -0.3901806440322565 1.9615705608064609 1.6
      vertex -10.03842943919354 11.609819355967744 1.6
    endloop
  endfacet
  facet normal 0 0 1
    outer loop
      vertex -10.03842943919354 11.609819355967744 1.6
      vertex -0.1960342806591212 1.9903694533443939 1.6
      vertex -10.009630546655606 11.803965719340878 1.6
    endloop
  endfacet
  facet normal 0 0 1
    outer loop
      vertex -10.009630546655606 11.803965719340878 1.6
      vertex 0 2 1.6
      vertex -10 12 1.6
    endloop
  endfacet
  facet normal 0 0 1
    outer loop
      vertex -10 12 1.6
      vertex 0.1960342806591212 1.9903694533443939 1.6
      vertex -10.009630546655606 12.196034280659122 1.6
    endloop
  endfacet
  facet normal 0 0 1
    outer loop
      vertex -10.009630546655606 12.196034280659122 1.6
      vertex 0.3901806440322565 1.9615705608064609 1.6
      vertex -10.03842943919354 12.390180644032256 1.6
    endloop
  endfacet
  facet normal 0 0 1
    outer loop
      vertex -10.03842943919354 12.390180644032256 1.6
      vertex 0.3901806440322565 1.9615705608064609 1.6
      vertex -1.8477590650225735 11.23463313526982 1.6
    endloop
  endfacet
  facet normal 0 0 1
    outer loop
      vertex -1.9138806714644176 11.419430645491076 1.6
      vertex -10.03842943919354 12.390180644032256 1.6
      vertex -1.8477590650225735 11.23463313526982 1.6
    endloop
  endfacet
  facet normal 0 0 1
    outer loop
      vertex -1.9615705608064609 11.609819355967744 1.6
      vertex -10.03842943919354 12.390180644032256 1.6
      vertex -1.9138806714644176 11.419430645491076 1.6
    endloop
  endfacet
  facet normal 0 0 1
    outer loop
      vertex -1.9903694533443939 11.803965719340878 1.6
      vertex -10.03842943919354 12.390180644032256 1.6
      vertex -1.9615705608064609 11.609819355967744 1.6
    endloop
  endfacet
  facet normal 0 0 1
    outer loop
      vertex -2 12 1.6
      vertex -10.03842943919354 12.390180644032256 1.6
      vertex -1.9903694533443939 11.803965719340878 1.6
    endloop
  endfacet
  facet normal 0 0 1
    outer loop
      vertex -1.9903694533443939 12.196034280659122 1.6
      vertex -10.03842943919354 12.390180644032256 1.6
      vertex -2 12 1.6
    endloop
  endfacet
  facet normal 0 0 1
    outer loop
      vertex -10.03842943919354 12.390180644032256 1.6
      vertex -1.9903694533443939 12.196034280659122 1.6
      vertex -1.9615705608064609 12.390180644032256 1.6
    endloop
  endfacet
  facet normal 0 0 1
    outer loop
      vertex -10.086119328535583 12.580569354508924 1.6
      vertex -1.9615705608064609 12.390180644032256 1.6
      vertex -1.9138806714644176 12.580569354508924 1.6
    endloop
  endfacet
  facet normal 0 0 1
    outer loop
      vertex -1.8477590650225735 12.76536686473018 1.6
      vertex -10.152240934977426 12.76536686473018 1.6
      vertex -1.9138806714644176 12.580569354508924 1.6
    endloop
  endfacet
  facet normal 0 0 1
    outer loop
      vertex -1.76384252869671 12.942793473651996 1.6
      vertex -10.23615747130329 12.942793473651996 1.6
      vertex -1.8477590650225735 12.76536686473018 1.6
    endloop
  endfacet
  facet normal 0 0 1
    outer loop
      vertex -10.23615747130329 12.942793473651996 1.6
      vertex -1.76384252869671 12.942793473651996 1.6
      vertex -1.6629392246050905 13.111140466039204 1.6
    endloop
  endfacet
  facet normal 0 0 1
    outer loop
      vertex -10.33706077539491 13.111140466039204 1.6
      vertex -1.6629392246050905 13.111140466039204 1.6
      vertex -1.546020906725474 13.268786568327291 1.6
    endloop
  endfacet
  facet normal 0 0 1
    outer loop
      vertex -10.453979093274526 13.268786568327291 1.6
      vertex -1.546020906725474 13.268786568327291 1.6
      vertex -1.4142135623730951 13.414213562373096 1.6
    endloop
  endfacet
  facet normal 0 0 1
    outer loop
      vertex -1.4142135623730951 13.414213562373096 1.6
      vertex -1.268786568327291 13.546020906725474 1.6
      vertex -10.585786437626904 13.414213562373096 1.6
    endloop
  endfacet
  facet normal 0 0 1
    outer loop
      vertex -10.731213431672709 13.546020906725474 1.6
      vertex -1.268786568327291 13.546020906725474 1.6
      vertex -1.1111404660392044 13.66293922460509 1.6
    endloop
  endfacet
  facet normal 0 0 1
    outer loop
      vertex -10.888859533960796 13.66293922460509 1.6
      vertex -1.1111404660392044 13.66293922460509 1.6
      vertex -0.9427934736519953 13.76384252869671 1.6
    endloop
  endfacet
  facet normal 0 0 1
    outer loop
      vertex -11.057206526348004 13.76384252869671 1.6
      vertex -0.9427934736519953 13.76384252869671 1.6
      vertex -0.7653668647301796 13.847759065022574 1.6
    endloop
  endfacet
  facet normal 0 0 1
    outer loop
      vertex -11.23463313526982 13.847759065022574 1.6
      vertex -0.7653668647301796 13.847759065022574 1.6
      vertex -0.5805693545089247 13.913880671464417 1.6
    endloop
  endfacet
  facet normal 0 0 1
    outer loop
      vertex -1.76384252869671 11.057206526348004 1.6
      vertex 0.3901806440322565 1.9615705608064609 1.6
      vertex -1.6629392246050905 10.888859533960796 1.6
    endloop
  endfacet
  facet normal 0 0 1
    outer loop
      vertex -1.6629392246050905 10.888859533960796 1.6
      vertex 0.3901806440322565 1.9615705608064609 1.6
      vertex -1.546020906725474 10.731213431672709 1.6
    endloop
  endfacet
  facet normal 0 0 1
    outer loop
      vertex -1.8477590650225735 11.23463313526982 1.6
      vertex 0.3901806440322565 1.9615705608064609 1.6
      vertex -1.76384252869671 11.057206526348004 1.6
    endloop
  endfacet
  facet normal 0 0 1
    outer loop
      vertex -1.1111404660392044 10.33706077539491 1.6
      vertex -1.268786568327291 10.453979093274526 1.6
      vertex 0.3901806440322565 1.9615705608064609 1.6
    endloop
  endfacet
  facet normal 0 0 1
    outer loop
      vertex -1.268786568327291 10.453979093274526 1.6
      vertex -1.4142135623730951 10.585786437626904 1.6
      vertex 0.3901806440322565 1.9615705608064609 1.6
    endloop
  endfacet
  facet normal 0 0 1
    outer loop
      vertex -1.546020906725474 10.731213431672709 1.6
      vertex 0.3901806440322565 1.9615705608064609 1.6
      vertex -1.4142135623730951 10.585786437626904 1.6
    endloop
  endfacet
  facet normal 0 0 1
    outer loop
      vertex -0.9427934736519953 10.23615747130329 1.6
      vertex -1.1111404660392044 10.33706077539491 1.6
      vertex 0.3901806440322565 1.9615705608064609 1.6
    endloop
  endfacet
  facet normal 0 0 1
    outer loop
      vertex -0.7653668647301796 10.152240934977426 1.6
      vertex -0.9427934736519953 10.23615747130329 1.6
      vertex 0.3901806440322565 1.9615705608064609 1.6
    endloop
  endfacet
  facet normal 0 0 1
    outer loop
      vertex -0.3901806440322565 10.03842943919354 1.6
      vertex -0.5805693545089247 10.086119328535583 1.6
      vertex 0.3901806440322565 1.9615705608064609 1.6
    endloop
  endfacet
  facet normal 0 0 1
    outer loop
      vertex -0.5805693545089247 10.086119328535583 1.6
      vertex -0.7653668647301796 10.152240934977426 1.6
      vertex 0.3901806440322565 1.9615705608064609 1.6
    endloop
  endfacet
  facet normal 0 0 1
    outer loop
      vertex -11.803965719340878 13.990369453344394 1.6
      vertex -11.609819355967744 13.96157056080646 1.6
      vertex -0.1960342806591212 13.990369453344394 1.6
    endloop
  endfacet
  facet normal 0 0 1
    outer loop
      vertex -11.609819355967744 13.96157056080646 1.6
      vertex -11.419430645491076 13.913880671464417 1.6
      vertex -0.3901806440322565 13.96157056080646 1.6
    endloop
  endfacet
  facet normal 0 0 1
    outer loop
      vertex -11.419430645491076 13.913880671464417 1.6
      vertex -11.23463313526982 13.847759065022574 1.6
      vertex -0.5805693545089247 13.913880671464417 1.6
    endloop
  endfacet
  facet normal 0 0 1
    outer loop
      vertex -51.8 51.8 1.6
      vertex 1.1111404660392044 13.66293922460509 1.6
      vertex 10.585786437626904 13.414213562373096 1.6
    endloop
  endfacet
  facet normal 0 0 1
    outer loop
      vertex -51.8 51.8 1.6
      vertex 10.585786437626904 13.414213562373096 1.6
      vertex 10.731213431672709 13.546020906725474 1.6
    endloop
  endfacet
  facet normal 0 0 1
    outer loop
      vertex -51.8 51.8 1.6
      vertex 10.731213431672709 13.546020906725474 1.6
      vertex 10.888859533960796 13.66293922460509 1.6
    endloop
  endfacet
  facet normal 0 0 1
    outer loop
      vertex -51.8 51.8 1.6
      vertex 10.888859533960796 13.66293922460509 1.6
      vertex 11.057206526348004 13.76384252869671 1.6
    endloop
  endfacet
  facet normal 0 0 1
    outer loop
      vertex -51.8 51.8 1.6
      vertex 11.057206526348004 13.76384252869671 1.6
      vertex 11.23463313526982 13.847759065022574 1.6
    endloop
  endfacet
  facet normal 0 0 1
    outer loop
      vertex -51.8 51.8 1.6
      vertex 11.23463313526982 13.847759065022574 1.6
      vertex 11.419430645491076 13.913880671464417 1.6
    endloop
  endfacet
  facet normal 0 0 1
    outer loop
      vertex -51.8 51.8 1.6
      vertex 11.419430645491076 13.913880671464417 1.6
      vertex 11.609819355967744 13.96157056080646 1.6
    endloop
  endfacet
  facet normal 0 0 1
    outer loop
      vertex -51.8 51.8 1.6
      vertex 11.609819355967744 13.96157056080646 1.6
      vertex 11.803965719340878 13.990369453344394 1.6
    endloop
  endfacet
  facet normal 0 0 1
    outer loop
      vertex -51.8 51.8 1.6
      vertex 11.803965719340878 13.990369453344394 1.6
      vertex 12 14 1.6
    endloop
  endfacet
  facet normal 0 0 1
    outer loop
      vertex -11.419430645491076 13.913880671464417 1.6
      vertex -0.5805693545089247 13.913880671464417 1.6
      vertex -0.3901806440322565 13.96157056080646 1.6
    endloop
  endfacet
  facet normal 0 0 1
    outer loop
      vertex -11.609819355967744 13.96157056080646 1.6
      vertex -0.3901806440322565 13.96157056080646 1.6
      vertex -0.1960342806591212 13.990369453344394 1.6
    endloop
  endfacet
  facet normal 0 0 1
    outer loop
      vertex -11.803965719340878 13.990369453344394 1.6
      vertex -0.1960342806591212 13.990369453344394 1.6
      vertex 0 14 1.6
    endloop
  endfacet
  facet normal 0 0 -1
    outer loop
      vertex -55.5 55.5 0
      vertex -12.580569354508924 13.913880671464417 0
      vertex -12.76536686473018 13.847759065022574 0
    endloop
  endfacet
  facet normal 0 0 -1
    outer loop
      vertex -55.5 55.5 0
      vertex -12.390180644032256 13.96157056080646 0
      vertex -12.580569354508924 13.913880671464417 0
    endloop
  endfacet
  facet normal 0 0 -1
    outer loop
      vertex -55.5 55.5 0
      vertex -12.196034280659122 13.990369453344394 0
      vertex -12.390180644032256 13.96157056080646 0
    endloop
  endfacet
  facet normal 0 1 0
    outer loop
      vertex -55.5 55.5 0
      vertex -55.5 55.5 1.6
      vertex 55.5 55.5 0
    endloop
  endfacet
  facet normal 0 0 -1
    outer loop
      vertex -55.5 55.5 0
      vertex 55.5 55.5 0
      vertex -12.196034280659122 13.990369453344394 0
    endloop
  endfacet
  facet normal 0 0 1
    outer loop
      vertex -55.5 55.5 1.6
      vertex -53.4 53.4 1.6
      vertex 55.5 55.5 1.6
    endloop
  endfacet
  facet normal 0 0 -1
    outer loop
      vertex 55.5 -55.5 0
      vertex -12.196034280659122 -13.990369453344394 0
      vertex -12 -14 0
    endloop
  endfacet
  facet normal 0 0 -1
    outer loop
      vertex 55.5 -55.5 0
      vertex -12 -14 0
      vertex -11.803965719340878 -13.990369453344394 0
    endloop
  endfacet
  facet normal 0 0 -1
    outer loop
      vertex 55.5 -55.5 0
      vertex -11.803965719340878 -13.990369453344394 0
      vertex -11.609819355967744 -13.96157056080646 0
    endloop
  endfacet
  facet normal 0 0 -1
    outer loop
      vertex 55.5 -55.5 0
      vertex -11.609819355967744 -13.96157056080646 0
      vertex -11.419430645491076 -13.913880671464417 0
    endloop
  endfacet
  facet normal 0 0 -1
    outer loop
      vertex 55.5 -55.5 0
      vertex -11.419430645491076 -13.913880671464417 0
      vertex -11.23463313526982 -13.847759065022574 0
    endloop
  endfacet
  facet normal 0 -1 0
    outer loop
      vertex -55.5 -55.5 0
      vertex 55.5 -55.5 0
      vertex 55.5 -55.5 1.6
    endloop
  endfacet
  facet normal 0 0 -1
    outer loop
      vertex 55.5 -55.5 0
      vertex -0.7653668647301796 -13.847759065022574 0
      vertex -0.5805693545089247 -13.913880671464417 0
    endloop
  endfacet
  facet normal 0 0 -1
    outer loop
      vertex 55.5 -55.5 0
      vertex -0.5805693545089247 -13.913880671464417 0
      vertex -0.3901806440322565 -13.96157056080646 0
    endloop
  endfacet
  facet normal 0 0 -1
    outer loop
      vertex 55.5 -55.5 0
      vertex -0.3901806440322565 -13.96157056080646 0
      vertex -0.1960342806591212 -13.990369453344394 0
    endloop
  endfacet
  facet normal 0 0 -1
    outer loop
      vertex 55.5 -55.5 0
      vertex -0.1960342806591212 -13.990369453344394 0
      vertex 0 -14 0
    endloop
  endfacet
  facet normal 0 0 -1
    outer loop
      vertex 55.5 -55.5 0
      vertex 0 -14 0
      vertex 0.1960342806591212 -13.990369453344394 0
    endloop
  endfacet
  facet normal 0 0 -1
    outer loop
      vertex 55.5 -55.5 0
      vertex 0.1960342806591212 -13.990369453344394 0
      vertex 0.3901806440322565 -13.96157056080646 0
    endloop
  endfacet
  facet normal 0 0 -1
    outer loop
      vertex 55.5 -55.5 0
      vertex 0.3901806440322565 -13.96157056080646 0
      vertex 0.5805693545089247 -13.913880671464417 0
    endloop
  endfacet
  facet normal 0 0 -1
    outer loop
      vertex 55.5 -55.5 0
      vertex 0.5805693545089247 -13.913880671464417 0
      vertex 0.7653668647301796 -13.847759065022574 0
    endloop
  endfacet
  facet normal 0 0 -1
    outer loop
      vertex 55.5 -55.5 0
      vertex 11.23463313526982 -13.847759065022574 0
      vertex 11.419430645491076 -13.913880671464417 0
    endloop
  endfacet
  facet normal 0 0 -1
    outer loop
      vertex 55.5 -55.5 0
      vertex 11.419430645491076 -13.913880671464417 0
      vertex 11.609819355967744 -13.96157056080646 0
    endloop
  endfacet
  facet normal 0 0 -1
    outer loop
      vertex 55.5 -55.5 0
      vertex 11.609819355967744 -13.96157056080646 0
      vertex 11.803965719340878 -13.990369453344394 0
    endloop
  endfacet
  facet normal 0 0 -1
    outer loop
      vertex 55.5 -55.5 0
      vertex 11.803965719340878 -13.990369453344394 0
      vertex 12 -14 0
    endloop
  endfacet
  facet normal 0 0 -1
    outer loop
      vertex 55.5 -55.5 0
      vertex 12 -14 0
      vertex 12.196034280659122 -13.990369453344394 0
    endloop
  endfacet
  facet normal 0 0 -1
    outer loop
      vertex 55.5 -55.5 0
      vertex 12.196034280659122 -13.990369453344394 0
      vertex 12.390180644032256 -13.96157056080646 0
    endloop
  endfacet
  facet normal 0 0 -1
    outer loop
      vertex 55.5 -55.5 0
      vertex 12.390180644032256 -13.96157056080646 0
      vertex 12.580569354508924 -13.913880671464417 0
    endloop
  endfacet
  facet normal 0 0 -1
    outer loop
      vertex 55.5 -55.5 0
      vertex 12.580569354508924 -13.913880671464417 0
      vertex 12.76536686473018 -13.847759065022574 0
    endloop
  endfacet
  facet normal 0 0 1
    outer loop
      vertex -51.8 -51.8 1.6
      vertex 51.8 -51.8 1.6
      vertex 12 -14 1.6
    endloop
  endfacet
  facet normal 0 0 1
    outer loop
      vertex -55.5 -55.5 1.6
      vertex 55.5 -55.5 1.6
      vertex 53.4 -53.4 1.6
    endloop
  endfacet
  facet normal 0 0 -1
    outer loop
      vertex 55.5 -55.5 0
      vertex -11.23463313526982 -13.847759065022574 0
      vertex -11.057206526348004 -13.76384252869671 0
    endloop
  endfacet
  facet normal 0 0 -1
    outer loop
      vertex 55.5 -55.5 0
      vertex -11.057206526348004 -13.76384252869671 0
      vertex -10.888859533960796 -13.66293922460509 0
    endloop
  endfacet
  facet normal 0 0 -1
    outer loop
      vertex 55.5 -55.5 0
      vertex -10.888859533960796 -13.66293922460509 0
      vertex -10.731213431672709 -13.546020906725474 0
    endloop
  endfacet
  facet normal 0 0 -1
    outer loop
      vertex 55.5 -55.5 0
      vertex -10.731213431672709 -13.546020906725474 0
      vertex -10.585786437626904 -13.414213562373096 0
    endloop
  endfacet
  facet normal 0 0 -1
    outer loop
      vertex 0.1960342806591212 -10.009630546655606 0
      vertex 0 -10 0
      vertex 0.1960342806591212 -1.9903694533443939 0
    endloop
  endfacet
  facet normal 0 0 -1
    outer loop
      vertex 0.3901806440322565 -10.03842943919354 0
      vertex 0.1960342806591212 -10.009630546655606 0
      vertex 0.3901806440322565 -1.9615705608064609 0
    endloop
  endfacet
  facet normal 0 0 -1
    outer loop
      vertex 0.5805693545089247 -10.086119328535583 0
      vertex 0.3901806440322565 -10.03842943919354 0
      vertex 0.5805693545089247 -1.9138806714644176 0
    endloop
  endfacet
  facet normal 0 0 -1
    outer loop
      vertex 0.7653668647301796 -10.152240934977426 0
      vertex 0.5805693545089247 -10.086119328535583 0
      vertex 0.7653668647301796 -1.8477590650225735 0
    endloop
  endfacet
  facet normal 0 0 -1
    outer loop
      vertex 0.9427934736519953 -10.23615747130329 0
      vertex 0.7653668647301796 -10.152240934977426 0
      vertex 0.9427934736519953 -1.76384252869671 0
    endloop
  endfacet
  facet normal 0 0 -1
    outer loop
      vertex 1.1111404660392044 -10.33706077539491 0
      vertex 0.9427934736519953 -10.23615747130329 0
      vertex 1.1111404660392044 -1.6629392246050905 0
    endloop
  endfacet
  facet normal 0 0 -1
    outer loop
      vertex 1.268786568327291 -10.453979093274526 0
      vertex 1.1111404660392044 -10.33706077539491 0
      vertex 1.268786568327291 -1.546020906725474 0
    endloop
  endfacet
  facet normal 0 0 -1
    outer loop
      vertex 1.1111404660392044 -13.66293922460509 0
      vertex 1.268786568327291 -13.546020906725474 0
      vertex 10.888859533960796 -13.66293922460509 0
    endloop
  endfacet
  facet normal 0 0 -1
    outer loop
      vertex 1.268786568327291 -13.546020906725474 0
      vertex 1.4142135623730951 -13.414213562373096 0
      vertex 10.731213431672709 -13.546020906725474 0
    endloop
  endfacet
  facet normal 0 0 -1
    outer loop
      vertex 1.4142135623730951 -13.414213562373096 0
      vertex 1.546020906725474 -13.268786568327291 0
      vertex 10.585786437626904 -13.414213562373096 0
    endloop
  endfacet
  facet normal 0 0 -1
    outer loop
      vertex 1.6629392246050905 -13.111140466039204 0
      vertex 10.453979093274526 -13.268786568327291 0
      vertex 1.546020906725474 -13.268786568327291 0
    endloop
  endfacet
  facet normal 0 0 -1
    outer loop
      vertex 1.76384252869671 -12.942793473651996 0
      vertex 10.33706077539491 -13.111140466039204 0
      vertex 1.6629392246050905 -13.111140466039204 0
    endloop
  endfacet
  facet normal 0 0 -1
    outer loop
      vertex 1.8477590650225735 -12.76536686473018 0
      vertex 10.23615747130329 -12.942793473651996 0
      vertex 1.76384252869671 -12.942793473651996 0
    endloop
  endfacet
  facet normal 0 0 -1
    outer loop
      vertex 1.9138806714644176 -12.580569354508924 0
      vertex 10.152240934977426 -12.76536686473018 0
      vertex 1.8477590650225735 -12.76536686473018 0
    endloop
  endfacet
  facet normal 0 0 -1
    outer loop
      vertex 1.9615705608064609 -12.390180644032256 0
      vertex 10.086119328535583 -12.580569354508924 0
      vertex 1.9138806714644176 -12.580569354508924 0
    endloop
  endfacet
  facet normal 0 0 -1
    outer loop
      vertex 1.9903694533443939 -12.196034280659122 0
      vertex 10.03842943919354 -12.390180644032256 0
      vertex 1.9615705608064609 -12.390180644032256 0
    endloop
  endfacet
  facet normal 0 0 -1
    outer loop
      vertex 2 -12 0
      vertex 10.009630546655606 -12.196034280659122 0
      vertex 1.9903694533443939 -12.196034280659122 0
    endloop
  endfacet
  facet normal 0 0 -1
    outer loop
      vertex 1.9903694533443939 -11.803965719340878 0
      vertex 10 -12 0
      vertex 2 -12 0
    endloop
  endfacet
  facet normal 0 0 -1
    outer loop
      vertex 1.9615705608064609 -11.609819355967744 0
      vertex 10.009630546655606 -11.803965719340878 0
      vertex 1.9903694533443939 -11.803965719340878 0
    endloop
  endfacet
  facet normal 0 0 -1
    outer loop
      vertex 1.9138806714644176 -11.419430645491076 0
      vertex 10.03842943919354 -11.609819355967744 0
      vertex 1.9615705608064609 -11.609819355967744 0
    endloop
  endfacet
  facet normal 0 0 -1
    outer loop
      vertex 1.8477590650225735 -11.23463313526982 0
      vertex 10.086119328535583 -11.419430645491076 0
      vertex 1.9138806714644176 -11.419430645491076 0
    endloop
  endfacet
  facet normal 0 0 -1
    outer loop
      vertex 1.76384252869671 -11.057206526348004 0
      vertex 10.152240934977426 -11.23463313526982 0
      vertex 1.8477590650225735 -11.23463313526982 0
    endloop
  endfacet
  facet normal 0 0 -1
    outer loop
      vertex 1.6629392246050905 -10.888859533960796 0
      vertex 10.23615747130329 -11.057206526348004 0
      vertex 1.76384252869671 -11.057206526348004 0
    endloop
  endfacet
  facet normal 0 0 -1
    outer loop
      vertex 1.546020906725474 -10.731213431672709 0
      vertex 10.33706077539491 -10.888859533960796 0
      vertex 1.6629392246050905 -10.888859533960796 0
    endloop
  endfacet
  facet normal 0 0 -1
    outer loop
      vertex 1.4142135623730951 -10.585786437626904 0
      vertex 10.453979093274526 -10.731213431672709 0
      vertex 1.546020906725474 -10.731213431672709 0
    endloop
  endfacet
  facet normal 0 0 -1
    outer loop
      vertex 1.268786568327291 -10.453979093274526 0
      vertex 10.585786437626904 -1.4142135623730951 0
      vertex 1.4142135623730951 -10.585786437626904 0
    endloop
  endfacet
  facet normal 0 0 -1
    outer loop
      vertex 0 -2 0
      vertex 0.1960342806591212 -1.9903694533443939 0
      vertex 0 -10 0
    endloop
  endfacet
  facet normal 0 0 -1
    outer loop
      vertex 0.1960342806591212 -1.9903694533443939 0
      vertex 0.3901806440322565 -1.9615705608064609 0
      vertex 0.1960342806591212 -10.009630546655606 0
    endloop
  endfacet
  facet normal 0 0 -1
    outer loop
      vertex 0.3901806440322565 -10.03842943919354 0
      vertex 0.3901806440322565 -1.9615705608064609 0
      vertex 0.5805693545089247 -1.9138806714644176 0
    endloop
  endfacet
  facet normal 0 0 -1
    outer loop
      vertex 0.5805693545089247 -1.9138806714644176 0
      vertex 0.7653668647301796 -1.8477590650225735 0
      vertex 0.5805693545089247 -10.086119328535583 0
    endloop
  endfacet
  facet normal 0 0 -1
    outer loop
      vertex 0.7653668647301796 -1.8477590650225735 0
      vertex 0.9427934736519953 -1.76384252869671 0
      vertex 0.7653668647301796 -10.152240934977426 0
    endloop
  endfacet
  facet normal 0 0 -1
    outer loop
      vertex 0.9427934736519953 -1.76384252869671 0
      vertex 1.1111404660392044 -1.6629392246050905 0
      vertex 0.9427934736519953 -10.23615747130329 0
    endloop
  endfacet
  facet normal 0 0 -1
    outer loop
      vertex 1.1111404660392044 -1.6629392246050905 0
      vertex 1.268786568327291 -1.546020906725474 0
      vertex 1.1111404660392044 -10.33706077539491 0
    endloop
  endfacet
  facet normal 0 0 -1
    outer loop
      vertex 1.268786568327291 -10.453979093274526 0
      vertex 1.268786568327291 -1.546020906725474 0
      vertex 1.4142135623730951 -1.4142135623730951 0
    endloop
  endfacet
  facet normal 0 0 -1
    outer loop
      vertex 1.4142135623730951 -1.4142135623730951 0
      vertex 10.585786437626904 -1.4142135623730951 0
      vertex 1.268786568327291 -10.453979093274526 0
    endloop
  endfacet
  facet normal 0 0 -1
    outer loop
      vertex 1.4142135623730951 -1.4142135623730951 0
      vertex 1.546020906725474 -1.268786568327291 0
      vertex 10.585786437626904 -1.4142135623730951 0
    endloop
  endfacet
  facet normal 0 0 -1
    outer loop
      vertex 1.6629392246050905 -1.1111404660392044 0
      vertex 10.453979093274526 -1.268786568327291 0
      vertex 1.546020906725474 -1.268786568327291 0
    endloop
  endfacet
  facet normal 0 0 -1
    outer loop
      vertex 1.76384252869671 -0.9427934736519953 0
      vertex 10.33706077539491 -1.1111404660392044 0
      vertex 1.6629392246050905 -1.1111404660392044 0
    endloop
  endfacet
  facet normal 0 0 -1
    outer loop
      vertex 1.8477590650225735 -0.7653668647301796 0
      vertex 10.23615747130329 -0.9427934736519953 0
      vertex 1.76384252869671 -0.9427934736519953 0
    endloop
  endfacet
  facet normal 0 0 -1
    outer loop
      vertex 1.9138806714644176 -0.5805693545089247 0
      vertex 10.152240934977426 -0.7653668647301796 0
      vertex 1.8477590650225735 -0.7653668647301796 0
    endloop
  endfacet
  facet normal 0 0 -1
    outer loop
      vertex 1.9615705608064609 -0.3901806440322565 0
      vertex 10.086119328535583 -0.5805693545089247 0
      vertex 1.9138806714644176 -0.5805693545089247 0
    endloop
  endfacet
  facet normal 0 0 -1
    outer loop
      vertex 1.9903694533443939 -0.1960342806591212 0
      vertex 10.03842943919354 -0.3901806440322565 0
      vertex 1.9615705608064609 -0.3901806440322565 0
    endloop
  endfacet
  facet normal 0 0 -1
    outer loop
      vertex 10.009630546655606 -0.1960342806591212 0
      vertex 1.9903694533443939 -0.1960342806591212 0
      vertex 2 0 0
    endloop
  endfacet
  facet normal 0 0 -1
    outer loop
      vertex 1.4142135623730951 -13.414213562373096 0
      vertex 10.585786437626904 -13.414213562373096 0
      vertex 10.731213431672709 -13.546020906725474 0
    endloop
  endfacet
  facet normal 0 0 -1
    outer loop
      vertex 1.268786568327291 -13.546020906725474 0
      vertex 10.731213431672709 -13.546020906725474 0
      vertex 10.888859533960796 -13.66293922460509 0
    endloop
  endfacet
  facet normal 0 0 -1
    outer loop
      vertex 1.546020906725474 -13.268786568327291 0
      vertex 10.453979093274526 -13.268786568327291 0
      vertex 10.585786437626904 -13.414213562373096 0
    endloop
  endfacet
  facet normal 0 0 -1
    outer loop
      vertex 10.453979093274526 -13.268786568327291 0
      vertex 1.6629392246050905 -13.111140466039204 0
      vertex 10.33706077539491 -13.111140466039204 0
    endloop
  endfacet
  facet normal 0 0 -1
    outer loop
      vertex 10.086119328535583 -12.580569354508924 0
      vertex 1.9615705608064609 -12.390180644032256 0
      vertex 10.03842943919354 -12.390180644032256 0
    endloop
  endfacet
  facet normal 0 0 -1
    outer loop
      vertex 10.03842943919354 -12.390180644032256 0
      vertex 1.9903694533443939 -12.196034280659122 0
      vertex 10.009630546655606 -12.196034280659122 0
    endloop
  endfacet
  facet normal 0 0 -1
    outer loop
      vertex 1.76384252869671 -12.942793473651996 0
      vertex 10.23615747130329 -12.942793473651996 0
      vertex 10.33706077539491 -13.111140466039204 0
    endloop
  endfacet
  facet normal 0 0 -1
    outer loop
      vertex 10.23615747130329 -12.942793473651996 0
      vertex 1.8477590650225735 -12.76536686473018 0
      vertex 10.152240934977426 -12.76536686473018 0
    endloop
  endfacet
  facet normal 0 0 -1
    outer loop
      vertex 10.152240934977426 -12.76536686473018 0
      vertex 1.9138806714644176 -12.580569354508924 0
      vertex 10.086119328535583 -12.580569354508924 0
    endloop
  endfacet
  facet normal 0 0 -1
    outer loop
      vertex 10.009630546655606 -12.196034280659122 0
      vertex 2 -12 0
      vertex 10 -12 0
    endloop
  endfacet
  facet normal 0 0 -1
    outer loop
      vertex 1.9903694533443939 -11.803965719340878 0
      vertex 10.009630546655606 -11.803965719340878 0
      vertex 10 -12 0
    endloop
  endfacet
  facet normal 0 0 -1
    outer loop
      vertex 1.9615705608064609 -11.609819355967744 0
      vertex 10.03842943919354 -11.609819355967744 0
      vertex 10.009630546655606 -11.803965719340878 0
    endloop
  endfacet
  facet normal 0 0 -1
    outer loop
      vertex 1.9138806714644176 -11.419430645491076 0
      vertex 10.086119328535583 -11.419430645491076 0
      vertex 10.03842943919354 -11.609819355967744 0
    endloop
  endfacet
  facet normal 0 0 -1
    outer loop
      vertex 1.8477590650225735 -11.23463313526982 0
      vertex 10.152240934977426 -11.23463313526982 0
      vertex 10.086119328535583 -11.419430645491076 0
    endloop
  endfacet
  facet normal 0 0 -1
    outer loop
      vertex 1.76384252869671 -11.057206526348004 0
      vertex 10.23615747130329 -11.057206526348004 0
      vertex 10.152240934977426 -11.23463313526982 0
    endloop
  endfacet
  facet normal 0 0 -1
    outer loop
      vertex 1.6629392246050905 -10.888859533960796 0
      vertex 10.33706077539491 -10.888859533960796 0
      vertex 10.23615747130329 -11.057206526348004 0
    endloop
  endfacet
  facet normal 0 0 -1
    outer loop
      vertex 1.546020906725474 -10.731213431672709 0
      vertex 10.453979093274526 -10.731213431672709 0
      vertex 10.33706077539491 -10.888859533960796 0
    endloop
  endfacet
  facet normal 0 0 -1
    outer loop
      vertex 1.4142135623730951 -10.585786437626904 0
      vertex 10.585786437626904 -10.585786437626904 0
      vertex 10.453979093274526 -10.731213431672709 0
    endloop
  endfacet
  facet normal 0 0 -1
    outer loop
      vertex 10.585786437626904 -10.585786437626904 0
      vertex 1.4142135623730951 -10.585786437626904 0
      vertex 10.888859533960796 -1.6629392246050905 0
    endloop
  endfacet
  facet normal 0 0 -1
    outer loop
      vertex 10.731213431672709 -10.453979093274526 0
      vertex 10.585786437626904 -10.585786437626904 0
      vertex 10.888859533960796 -1.6629392246050905 0
    endloop
  endfacet
  facet normal 0 0 -1
    outer loop
      vertex 10.888859533960796 -10.33706077539491 0
      vertex 10.731213431672709 -10.453979093274526 0
      vertex 10.888859533960796 -1.6629392246050905 0
    endloop
  endfacet
  facet normal 0 0 -1
    outer loop
      vertex 11.057206526348004 -10.23615747130329 0
      vertex 10.888859533960796 -10.33706077539491 0
      vertex 11.057206526348004 -1.76384252869671 0
    endloop
  endfacet
  facet normal 0 0 -1
    outer loop
      vertex 11.23463313526982 -10.152240934977426 0
      vertex 11.057206526348004 -10.23615747130329 0
      vertex 11.23463313526982 -1.8477590650225735 0
    endloop
  endfacet
  facet normal 0 0 -1
    outer loop
      vertex 11.419430645491076 -10.086119328535583 0
      vertex 11.23463313526982 -10.152240934977426 0
      vertex 11.419430645491076 -1.9138806714644176 0
    endloop
  endfacet
  facet normal 0 0 -1
    outer loop
      vertex 11.609819355967744 -10.03842943919354 0
      vertex 11.419430645491076 -10.086119328535583 0
      vertex 11.609819355967744 -1.9615705608064609 0
    endloop
  endfacet
  facet normal 0 0 -1
    outer loop
      vertex 11.803965719340878 -10.009630546655606 0
      vertex 11.609819355967744 -10.03842943919354 0
      vertex 11.803965719340878 -1.9903694533443939 0
    endloop
  endfacet
  facet normal 0 0 -1
    outer loop
      vertex 12 -10 0
      vertex 11.803965719340878 -10.009630546655606 0
      vertex 12 -2 0
    endloop
  endfacet
  facet normal 0 0 -1
    outer loop
      vertex 12.196034280659122 -10.009630546655606 0
      vertex 12 -10 0
      vertex 12.196034280659122 -1.9903694533443939 0
    endloop
  endfacet
  facet normal 0 0 -1
    outer loop
      vertex 12.390180644032256 -10.03842943919354 0
      vertex 12.196034280659122 -10.009630546655606 0
      vertex 12.390180644032256 -1.9615705608064609 0
    endloop
  endfacet
  facet normal 0 0 -1
    outer loop
      vertex 12.580569354508924 -10.086119328535583 0
      vertex 12.390180644032256 -10.03842943919354 0
      vertex 12.580569354508924 -1.9138806714644176 0
    endloop
  endfacet
  facet normal 0 0 -1
    outer loop
      vertex 12.942793473651996 -10.23615747130329 0
      vertex 12.76536686473018 -10.152240934977426 0
      vertex 12.942793473651996 -1.76384252869671 0
    endloop
  endfacet
  facet normal 0 0 -1
    outer loop
      vertex 12.76536686473018 -10.152240934977426 0
      vertex 12.580569354508924 -10.086119328535583 0
      vertex 12.76536686473018 -1.8477590650225735 0
    endloop
  endfacet
  facet normal 0 0 -1
    outer loop
      vertex 13.111140466039204 -10.33706077539491 0
      vertex 12.942793473651996 -10.23615747130329 0
      vertex 13.111140466039204 -1.6629392246050905 0
    endloop
  endfacet
  facet normal 0 0 -1
    outer loop
      vertex 13.268786568327291 -10.453979093274526 0
      vertex 13.111140466039204 -10.33706077539491 0
      vertex 13.268786568327291 -1.546020906725474 0
    endloop
  endfacet
  facet normal 0 0 -1
    outer loop
      vertex 13.414213562373096 -1.4142135623730951 0
      vertex 13.414213562373096 -10.585786437626904 0
      vertex 13.268786568327291 -10.453979093274526 0
    endloop
  endfacet
  facet normal 0 0 -1
    outer loop
      vertex 13.414213562373096 -10.585786437626904 0
      vertex 13.546020906725474 -1.268786568327291 0
      vertex 13.546020906725474 -10.731213431672709 0
    endloop
  endfacet
  facet normal 0 0 -1
    outer loop
      vertex 13.546020906725474 -10.731213431672709 0
      vertex 13.66293922460509 -1.1111404660392044 0
      vertex 13.66293922460509 -10.888859533960796 0
    endloop
  endfacet
  facet normal 0 0 -1
    outer loop
      vertex 13.66293922460509 -10.888859533960796 0
      vertex 13.76384252869671 -0.9427934736519953 0
      vertex 13.76384252869671 -11.057206526348004 0
    endloop
  endfacet
  facet normal 0 0 -1
    outer loop
      vertex 13.76384252869671 -11.057206526348004 0
      vertex 13.847759065022574 -0.7653668647301796 0
      vertex 13.847759065022574 -11.23463313526982 0
    endloop
  endfacet
  facet normal 0 0 -1
    outer loop
      vertex 1.4142135623730951 -10.585786437626904 0
      vertex 10.585786437626904 -1.4142135623730951 0
      vertex 10.731213431672709 -1.546020906725474 0
    endloop
  endfacet
  facet normal 0 0 -1
    outer loop
      vertex 10.731213431672709 -1.546020906725474 0
      vertex 10.888859533960796 -1.6629392246050905 0
      vertex 1.4142135623730951 -10.585786437626904 0
    endloop
  endfacet
  facet normal 0 0 -1
    outer loop
      vertex 1.546020906725474 -1.268786568327291 0
      vertex 10.453979093274526 -1.268786568327291 0
      vertex 10.585786437626904 -1.4142135623730951 0
    endloop
  endfacet
  facet normal 0 0 -1
    outer loop
      vertex 10.453979093274526 -1.268786568327291 0
      vertex 1.6629392246050905 -1.1111404660392044 0
      vertex 10.33706077539491 -1.1111404660392044 0
    endloop
  endfacet
  facet normal 0 0 -1
    outer loop
      vertex 10.33706077539491 -1.1111404660392044 0
      vertex 1.76384252869671 -0.9427934736519953 0
      vertex 10.23615747130329 -0.9427934736519953 0
    endloop
  endfacet
  facet normal 0 0 -1
    outer loop
      vertex 1.9615705608064609 -0.3901806440322565 0
      vertex 10.03842943919354 -0.3901806440322565 0
      vertex 10.086119328535583 -0.5805693545089247 0
    endloop
  endfacet
  facet normal 0 0 -1
    outer loop
      vertex 10.03842943919354 -0.3901806440322565 0
      vertex 1.9903694533443939 -0.1960342806591212 0
      vertex 10.009630546655606 -0.1960342806591212 0
    endloop
  endfacet
  facet normal 0 0 -1
    outer loop
      vertex 10.009630546655606 -0.1960342806591212 0
      vertex 2 0 0
      vertex 10 0 0
    endloop
  endfacet
  facet normal 0 0 -1
    outer loop
      vertex 10.23615747130329 -0.9427934736519953 0
      vertex 1.8477590650225735 -0.7653668647301796 0
      vertex 10.152240934977426 -0.7653668647301796 0
    endloop
  endfacet
  facet normal 0 0 -1
    outer loop
      vertex 10.152240934977426 -0.7653668647301796 0
      vertex 1.9138806714644176 -0.5805693545089247 0
      vertex 10.086119328535583 -0.5805693545089247 0
    endloop
  endfacet
  facet normal 0 0 -1
    outer loop
      vertex 10.888859533960796 -10.33706077539491 0
      vertex 10.888859533960796 -1.6629392246050905 0
      vertex 11.057206526348004 -1.76384252869671 0
    endloop
  endfacet
  facet normal 0 0 -1
    outer loop
      vertex 11.057206526348004 -10.23615747130329 0
      vertex 11.057206526348004 -1.76384252869671 0
      vertex 11.23463313526982 -1.8477590650225735 0
    endloop
  endfacet
  facet normal 0 0 -1
    outer loop
      vertex 11.23463313526982 -10.152240934977426 0
      vertex 11.23463313526982 -1.8477590650225735 0
      vertex 11.419430645491076 -1.9138806714644176 0
    endloop
  endfacet
  facet normal 0 0 -1
    outer loop
      vertex 11.419430645491076 -10.086119328535583 0
      vertex 11.419430645491076 -1.9138806714644176 0
      vertex 11.609819355967744 -1.9615705608064609 0
    endloop
  endfacet
  facet normal 0 0 -1
    outer loop
      vertex 11.609819355967744 -10.03842943919354 0
      vertex 11.609819355967744 -1.9615705608064609 0
      vertex 11.803965719340878 -1.9903694533443939 0
    endloop
  endfacet
  facet normal 0 0 -1
    outer loop
      vertex 11.803965719340878 -10.009630546655606 0
      vertex 11.803965719340878 -1.9903694533443939 0
      vertex 12 -2 0
    endloop
  endfacet
  facet normal 0 0 -1
    outer loop
      vertex 12 -2 0
      vertex 12.196034280659122 -1.9903694533443939 0
      vertex 12 -10 0
    endloop
  endfacet
  facet normal 0 0 -1
    outer loop
      vertex 12.196034280659122 -1.9903694533443939 0
      vertex 12.390180644032256 -1.9615705608064609 0
      vertex 12.196034280659122 -10.009630546655606 0
    endloop
  endfacet
  facet normal 0 0 -1
    outer loop
      vertex 12.390180644032256 -1.9615705608064609 0
      vertex 12.580569354508924 -1.9138806714644176 0
      vertex 12.390180644032256 -10.03842943919354 0
    endloop
  endfacet
  facet normal 0 0 -1
    outer loop
      vertex 12.580569354508924 -1.9138806714644176 0
      vertex 12.76536686473018 -1.8477590650225735 0
      vertex 12.580569354508924 -10.086119328535583 0
    endloop
  endfacet
  facet normal 0 0 -1
    outer loop
      vertex 12.76536686473018 -1.8477590650225735 0
      vertex 12.942793473651996 -1.76384252869671 0
      vertex 12.76536686473018 -10.152240934977426 0
    endloop
  endfacet
  facet normal 0 0 -1
    outer loop
      vertex 12.942793473651996 -10.23615747130329 0
      vertex 12.942793473651996 -1.76384252869671 0
      vertex 13.111140466039204 -1.6629392246050905 0
    endloop
  endfacet
  facet normal 0 0 -1
    outer loop
      vertex 13.111140466039204 -1.6629392246050905 0
      vertex 13.268786568327291 -1.546020906725474 0
      vertex 13.111140466039204 -10.33706077539491 0
    endloop
  endfacet
  facet normal 0 0 -1
    outer loop
      vertex 13.268786568327291 -10.453979093274526 0
      vertex 13.268786568327291 -1.546020906725474 0
      vertex 13.414213562373096 -1.4142135623730951 0
    endloop
  endfacet
  facet normal 0 0 -1
    outer loop
      vertex 13.414213562373096 -1.4142135623730951 0
      vertex 13.546020906725474 -1.268786568327291 0
      vertex 13.414213562373096 -10.585786437626904 0
    endloop
  endfacet
  facet normal 0 0 -1
    outer loop
      vertex 13.546020906725474 -10.731213431672709 0
      vertex 13.546020906725474 -1.268786568327291 0
      vertex 13.66293922460509 -1.1111404660392044 0
    endloop
  endfacet
  facet normal 0 0 -1
    outer loop
      vertex 13.66293922460509 -10.888859533960796 0
      vertex 13.66293922460509 -1.1111404660392044 0
      vertex 13.76384252869671 -0.9427934736519953 0
    endloop
  endfacet
  facet normal 0 0 -1
    outer loop
      vertex 13.76384252869671 -11.057206526348004 0
      vertex 13.76384252869671 -0.9427934736519953 0
      vertex 13.847759065022574 -0.7653668647301796 0
    endloop
  endfacet
  facet normal 0 0 -1
    outer loop
      vertex 13.847759065022574 -11.23463313526982 0
      vertex 13.847759065022574 -0.7653668647301796 0
      vertex 13.913880671464417 -0.5805693545089247 0
    endloop
  endfacet
  facet normal 0 0 -1
    outer loop
      vertex 55.5 -55.5 0
      vertex -10.585786437626904 -13.414213562373096 0
      vertex -1.1111404660392044 -13.66293922460509 0
    endloop
  endfacet
  facet normal 0 0 -1
    outer loop
      vertex 55.5 -55.5 0
      vertex -1.1111404660392044 -13.66293922460509 0
      vertex -0.9427934736519953 -13.76384252869671 0
    endloop
  endfacet
  facet normal 0 0 -1
    outer loop
      vertex 55.5 -55.5 0
      vertex -0.9427934736519953 -13.76384252869671 0
      vertex -0.7653668647301796 -13.847759065022574 0
    endloop
  endfacet
  facet normal 0 0 -1
    outer loop
      vertex 55.5 -55.5 0
      vertex 0.7653668647301796 -13.847759065022574 0
      vertex 0.9427934736519953 -13.76384252869671 0
    endloop
  endfacet
  facet normal 0 0 -1
    outer loop
      vertex 55.5 -55.5 0
      vertex 0.9427934736519953 -13.76384252869671 0
      vertex 1.1111404660392044 -13.66293922460509 0
    endloop
  endfacet
  facet normal 0 0 -1
    outer loop
      vertex 55.5 -55.5 0
      vertex 1.1111404660392044 -13.66293922460509 0
      vertex 10.888859533960796 -13.66293922460509 0
    endloop
  endfacet
  facet normal 0 0 -1
    outer loop
      vertex 55.5 -55.5 0
      vertex 10.888859533960796 -13.66293922460509 0
      vertex 11.057206526348004 -13.76384252869671 0
    endloop
  endfacet
  facet normal 0 0 -1
    outer loop
      vertex 55.5 -55.5 0
      vertex 11.057206526348004 -13.76384252869671 0
      vertex 11.23463313526982 -13.847759065022574 0
    endloop
  endfacet
  facet normal 0 0 -1
    outer loop
      vertex 55.5 -55.5 0
      vertex 12.76536686473018 -13.847759065022574 0
      vertex 12.942793473651996 -13.76384252869671 0
    endloop
  endfacet
  facet normal 0 0 -1
    outer loop
      vertex 55.5 -55.5 0
      vertex 12.942793473651996 -13.76384252869671 0
      vertex 13.111140466039204 -13.66293922460509 0
    endloop
  endfacet
  facet normal 0 0 -1
    outer loop
      vertex 55.5 -55.5 0
      vertex 13.111140466039204 -13.66293922460509 0
      vertex 13.268786568327291 -13.546020906725474 0
    endloop
  endfacet
  facet normal 0 0 -1
    outer loop
      vertex 55.5 -55.5 0
      vertex 13.268786568327291 -13.546020906725474 0
      vertex 13.414213562373096 -13.414213562373096 0
    endloop
  endfacet
  facet normal 0 0 -1
    outer loop
      vertex 55.5 -55.5 0
      vertex 13.414213562373096 -13.414213562373096 0
      vertex 13.546020906725474 -13.268786568327291 0
    endloop
  endfacet
  facet normal 0 0 -1
    outer loop
      vertex 55.5 -55.5 0
      vertex 13.546020906725474 -13.268786568327291 0
      vertex 13.66293922460509 -13.111140466039204 0
    endloop
  endfacet
  facet normal 0 0 -1
    outer loop
      vertex 55.5 -55.5 0
      vertex 13.66293922460509 -13.111140466039204 0
      vertex 13.76384252869671 -12.942793473651996 0
    endloop
  endfacet
  facet normal 0 0 -1
    outer loop
      vertex 55.5 -55.5 0
      vertex 13.76384252869671 -12.942793473651996 0
      vertex 13.847759065022574 -12.76536686473018 0
    endloop
  endfacet
  facet normal 0 0 -1
    outer loop
      vertex 55.5 -55.5 0
      vertex 13.847759065022574 0.7653668647301796 0
      vertex 13.76384252869671 0.9427934736519953 0
    endloop
  endfacet
  facet normal 0 0 -1
    outer loop
      vertex 55.5 -55.5 0
      vertex 13.76384252869671 0.9427934736519953 0
      vertex 13.66293922460509 1.1111404660392044 0
    endloop
  endfacet
  facet normal 0 0 -1
    outer loop
      vertex 55.5 -55.5 0
      vertex 13.66293922460509 1.1111404660392044 0
      vertex 13.414213562373096 10.585786437626904 0
    endloop
  endfacet
  facet normal 0 0 -1
    outer loop
      vertex 13.96157056080646 -11.609819355967744 0
      vertex 13.990369453344394 -0.1960342806591212 0
      vertex 13.990369453344394 -11.803965719340878 0
    endloop
  endfacet
  facet normal 0 0 -1
    outer loop
      vertex 13.913880671464417 -11.419430645491076 0
      vertex 13.96157056080646 -0.3901806440322565 0
      vertex 13.96157056080646 -11.609819355967744 0
    endloop
  endfacet
  facet normal 0 0 -1
    outer loop
      vertex 13.847759065022574 -11.23463313526982 0
      vertex 13.913880671464417 -0.5805693545089247 0
      vertex 13.913880671464417 -11.419430645491076 0
    endloop
  endfacet
  facet normal 0 0 -1
    outer loop
      vertex 13.913880671464417 -11.419430645491076 0
      vertex 13.913880671464417 -0.5805693545089247 0
      vertex 13.96157056080646 -0.3901806440322565 0
    endloop
  endfacet
  facet normal 0 0 -1
    outer loop
      vertex 13.96157056080646 -11.609819355967744 0
      vertex 13.96157056080646 -0.3901806440322565 0
      vertex 13.990369453344394 -0.1960342806591212 0
    endloop
  endfacet
  facet normal 0 0 -1
    outer loop
      vertex 13.990369453344394 -11.803965719340878 0
      vertex 13.990369453344394 -0.1960342806591212 0
      vertex 14 0 0
    endloop
  endfacet
  facet normal 0 0 -1
    outer loop
      vertex 55.5 -55.5 0
      vertex 13.414213562373096 10.585786437626904 0
      vertex 13.546020906725474 10.731213431672709 0
    endloop
  endfacet
  facet normal 0 0 -1
    outer loop
      vertex 55.5 -55.5 0
      vertex 13.546020906725474 10.731213431672709 0
      vertex 13.66293922460509 10.888859533960796 0
    endloop
  endfacet
  facet normal 0 0 -1
    outer loop
      vertex 55.5 -55.5 0
      vertex 13.66293922460509 10.888859533960796 0
      vertex 13.76384252869671 11.057206526348004 0
    endloop
  endfacet
  facet normal 0 0 -1
    outer loop
      vertex 55.5 -55.5 0
      vertex 13.76384252869671 11.057206526348004 0
      vertex 13.847759065022574 11.23463313526982 0
    endloop
  endfacet
  facet normal 0 0 1
    outer loop
      vertex 0 -2 1.6
      vertex 0 -10 1.6
      vertex 0.1960342806591212 -10.009630546655606 1.6
    endloop
  endfacet
  facet normal 0 0 1
    outer loop
      vertex 0.1960342806591212 -10.009630546655606 1.6
      vertex 0.3901806440322565 -10.03842943919354 1.6
      vertex 0.1960342806591212 -1.9903694533443939 1.6
    endloop
  endfacet
  facet normal 0 0 1
    outer loop
      vertex 0.5805693545089247 -10.086119328535583 1.6
      vertex 0.7653668647301796 -10.152240934977426 1.6
      vertex 0.5805693545089247 -1.9138806714644176 1.6
    endloop
  endfacet
  facet normal 0 0 1
    outer loop
      vertex 0.7653668647301796 -10.152240934977426 1.6
      vertex 0.9427934736519953 -10.23615747130329 1.6
      vertex 0.7653668647301796 -1.8477590650225735 1.6
    endloop
  endfacet
  facet normal 0 0 1
    outer loop
      vertex 0.3901806440322565 -10.03842943919354 1.6
      vertex 0.5805693545089247 -10.086119328535583 1.6
      vertex 0.3901806440322565 -1.9615705608064609 1.6
    endloop
  endfacet
  facet normal 0 0 1
    outer loop
      vertex 1.8477590650225735 -11.23463313526982 1.6
      vertex 0.7653668647301796 -1.8477590650225735 1.6
      vertex 1.76384252869671 -11.057206526348004 1.6
    endloop
  endfacet
  facet normal 0 0 1
    outer loop
      vertex 1.76384252869671 -11.057206526348004 1.6
      vertex 0.7653668647301796 -1.8477590650225735 1.6
      vertex 1.6629392246050905 -10.888859533960796 1.6
    endloop
  endfacet
  facet normal 0 0 1
    outer loop
      vertex 1.6629392246050905 -10.888859533960796 1.6
      vertex 0.7653668647301796 -1.8477590650225735 1.6
      vertex 1.546020906725474 -10.731213431672709 1.6
    endloop
  endfacet
  facet normal 0 0 1
    outer loop
      vertex 0.9427934736519953 -10.23615747130329 1.6
      vertex 1.1111404660392044 -10.33706077539491 1.6
      vertex 0.7653668647301796 -1.8477590650225735 1.6
    endloop
  endfacet
  facet normal 0 0 1
    outer loop
      vertex 1.1111404660392044 -10.33706077539491 1.6
      vertex 1.268786568327291 -10.453979093274526 1.6
      vertex 0.7653668647301796 -1.8477590650225735 1.6
    endloop
  endfacet
  facet normal 0 0 1
    outer loop
      vertex 1.268786568327291 -10.453979093274526 1.6
      vertex 1.4142135623730951 -10.585786437626904 1.6
      vertex 0.7653668647301796 -1.8477590650225735 1.6
    endloop
  endfacet
  facet normal 0 0 1
    outer loop
      vertex 1.546020906725474 -10.731213431672709 1.6
      vertex 0.7653668647301796 -1.8477590650225735 1.6
      vertex 1.4142135623730951 -10.585786437626904 1.6
    endloop
  endfacet
  facet normal 0 0 1
    outer loop
      vertex 1.268786568327291 -13.546020906725474 1.6
      vertex 1.1111404660392044 -13.66293922460509 1.6
      vertex 10.585786437626904 -13.414213562373096 1.6
    endloop
  endfacet
  facet normal 0 0 1
    outer loop
      vertex 1.4142135623730951 -13.414213562373096 1.6
      vertex 1.268786568327291 -13.546020906725474 1.6
      vertex 10.585786437626904 -13.414213562373096 1.6
    endloop
  endfacet
  facet normal 0 0 1
    outer loop
      vertex 1.4142135623730951 -13.414213562373096 1.6
      vertex 10.453979093274526 -13.268786568327291 1.6
      vertex 1.546020906725474 -13.268786568327291 1.6
    endloop
  endfacet
  facet normal 0 0 1
    outer loop
      vertex 1.546020906725474 -13.268786568327291 1.6
      vertex 10.33706077539491 -13.111140466039204 1.6
      vertex 1.6629392246050905 -13.111140466039204 1.6
    endloop
  endfacet
  facet normal 0 0 1
    outer loop
      vertex 1.6629392246050905 -13.111140466039204 1.6
      vertex 10.23615747130329 -12.942793473651996 1.6
      vertex 1.76384252869671 -12.942793473651996 1.6
    endloop
  endfacet
  facet normal 0 0 1
    outer loop
      vertex 1.76384252869671 -12.942793473651996 1.6
      vertex 10.152240934977426 -12.76536686473018 1.6
      vertex 1.8477590650225735 -12.76536686473018 1.6
    endloop
  endfacet
  facet normal 0 0 1
    outer loop
      vertex 1.8477590650225735 -12.76536686473018 1.6
      vertex 10.086119328535583 -12.580569354508924 1.6
      vertex 1.9138806714644176 -12.580569354508924 1.6
    endloop
  endfacet
  facet normal 0 0 1
    outer loop
      vertex 1.9138806714644176 -12.580569354508924 1.6
      vertex 10.03842943919354 -12.390180644032256 1.6
      vertex 1.9615705608064609 -12.390180644032256 1.6
    endloop
  endfacet
  facet normal 0 0 1
    outer loop
      vertex 1.9615705608064609 -12.390180644032256 1.6
      vertex 10.009630546655606 -12.196034280659122 1.6
      vertex 1.9903694533443939 -12.196034280659122 1.6
    endloop
  endfacet
  facet normal 0 0 1
    outer loop
      vertex 1.9903694533443939 -12.196034280659122 1.6
      vertex 10 -12 1.6
      vertex 2 -12 1.6
    endloop
  endfacet
  facet normal 0 0 1
    outer loop
      vertex 2 -12 1.6
      vertex 10.009630546655606 -11.803965719340878 1.6
      vertex 1.9903694533443939 -11.803965719340878 1.6
    endloop
  endfacet
  facet normal 0 0 1
    outer loop
      vertex 1.9903694533443939 -11.803965719340878 1.6
      vertex 10.03842943919354 -11.609819355967744 1.6
      vertex 1.9615705608064609 -11.609819355967744 1.6
    endloop
  endfacet
  facet normal 0 0 1
    outer loop
      vertex 1.9615705608064609 -11.609819355967744 1.6
      vertex 10.086119328535583 -11.419430645491076 1.6
      vertex 1.9138806714644176 -11.419430645491076 1.6
    endloop
  endfacet
  facet normal 0 0 1
    outer loop
      vertex 1.9138806714644176 -11.419430645491076 1.6
      vertex 10.152240934977426 -11.23463313526982 1.6
      vertex 1.8477590650225735 -11.23463313526982 1.6
    endloop
  endfacet
  facet normal 0 0 1
    outer loop
      vertex 0.7653668647301796 -1.8477590650225735 1.6
      vertex 1.8477590650225735 -11.23463313526982 1.6
      vertex 10.152240934977426 -11.23463313526982 1.6
    endloop
  endfacet
  facet normal 0 0 1
    outer loop
      vertex 0.1960342806591212 -10.009630546655606 1.6
      vertex 0.1960342806591212 -1.9903694533443939 1.6
      vertex 0 -2 1.6
    endloop
  endfacet
  facet normal 0 0 1
    outer loop
      vertex 0.3901806440322565 -10.03842943919354 1.6
      vertex 0.3901806440322565 -1.9615705608064609 1.6
      vertex 0.1960342806591212 -1.9903694533443939 1.6
    endloop
  endfacet
  facet normal 0 0 1
    outer loop
      vertex 0.5805693545089247 -10.086119328535583 1.6
      vertex 0.5805693545089247 -1.9138806714644176 1.6
      vertex 0.3901806440322565 -1.9615705608064609 1.6
    endloop
  endfacet
  facet normal 0 0 1
    outer loop
      vertex 0.7653668647301796 -10.152240934977426 1.6
      vertex 0.7653668647301796 -1.8477590650225735 1.6
      vertex 0.5805693545089247 -1.9138806714644176 1.6
    endloop
  endfacet
  facet normal 0 0 1
    outer loop
      vertex 0.9427934736519953 -1.76384252869671 1.6
      vertex 0.7653668647301796 -1.8477590650225735 1.6
      vertex 10.23615747130329 -11.057206526348004 1.6
    endloop
  endfacet
  facet normal 0 0 1
    outer loop
      vertex 1.1111404660392044 -1.6629392246050905 1.6
      vertex 0.9427934736519953 -1.76384252869671 1.6
      vertex 10.33706077539491 -10.888859533960796 1.6
    endloop
  endfacet
  facet normal 0 0 1
    outer loop
      vertex 1.268786568327291 -1.546020906725474 1.6
      vertex 1.1111404660392044 -1.6629392246050905 1.6
      vertex 10.453979093274526 -10.731213431672709 1.6
    endloop
  endfacet
  facet normal 0 0 1
    outer loop
      vertex 10.585786437626904 -10.585786437626904 1.6
      vertex 1.4142135623730951 -1.4142135623730951 1.6
      vertex 1.268786568327291 -1.546020906725474 1.6
    endloop
  endfacet
  facet normal 0 0 1
    outer loop
      vertex 1.4142135623730951 -1.4142135623730951 1.6
      vertex 10.731213431672709 -10.453979093274526 1.6
      vertex 1.546020906725474 -1.268786568327291 1.6
    endloop
  endfacet
  facet normal 0 0 1
    outer loop
      vertex 1.546020906725474 -1.268786568327291 1.6
      vertex 10.888859533960796 -10.33706077539491 1.6
      vertex 1.6629392246050905 -1.1111404660392044 1.6
    endloop
  endfacet
  facet normal 0 0 1
    outer loop
      vertex 1.6629392246050905 -1.1111404660392044 1.6
      vertex 11.057206526348004 -10.23615747130329 1.6
      vertex 1.76384252869671 -0.9427934736519953 1.6
    endloop
  endfacet
  facet normal 0 0 1
    outer loop
      vertex 1.76384252869671 -0.9427934736519953 1.6
      vertex 11.23463313526982 -10.152240934977426 1.6
      vertex 1.8477590650225735 -0.7653668647301796 1.6
    endloop
  endfacet
  facet normal 0 0 1
    outer loop
      vertex 1.8477590650225735 -0.7653668647301796 1.6
      vertex 11.419430645491076 -10.086119328535583 1.6
      vertex 1.9138806714644176 -0.5805693545089247 1.6
    endloop
  endfacet
  facet normal 0 0 1
    outer loop
      vertex 1.9138806714644176 -0.5805693545089247 1.6
      vertex 11.609819355967744 -10.03842943919354 1.6
      vertex 1.9615705608064609 -0.3901806440322565 1.6
    endloop
  endfacet
  facet normal 0 0 1
    outer loop
      vertex 1.9615705608064609 -0.3901806440322565 1.6
      vertex 11.803965719340878 -10.009630546655606 1.6
      vertex 1.9903694533443939 -0.1960342806591212 1.6
    endloop
  endfacet
  facet normal 0 0 1
    outer loop
      vertex 1.9903694533443939 -0.1960342806591212 1.6
      vertex 12 -10 1.6
      vertex 2 0 1.6
    endloop
  endfacet
  facet normal 0 0 1
    outer loop
      vertex 12.196034280659122 -10.009630546655606 1.6
      vertex 1.9903694533443939 0.1960342806591212 1.6
      vertex 2 0 1.6
    endloop
  endfacet
  facet normal 0 0 1
    outer loop
      vertex 12.390180644032256 -10.03842943919354 1.6
      vertex 1.9615705608064609 0.3901806440322565 1.6
      vertex 1.9903694533443939 0.1960342806591212 1.6
    endloop
  endfacet
  facet normal 0 0 1
    outer loop
      vertex 1.4142135623730951 -13.414213562373096 1.6
      vertex 10.585786437626904 -13.414213562373096 1.6
      vertex 10.453979093274526 -13.268786568327291 1.6
    endloop
  endfacet
  facet normal 0 0 1
    outer loop
      vertex 1.546020906725474 -13.268786568327291 1.6
      vertex 10.453979093274526 -13.268786568327291 1.6
      vertex 10.33706077539491 -13.111140466039204 1.6
    endloop
  endfacet
  facet normal 0 0 1
    outer loop
      vertex 1.6629392246050905 -13.111140466039204 1.6
      vertex 10.33706077539491 -13.111140466039204 1.6
      vertex 10.23615747130329 -12.942793473651996 1.6
    endloop
  endfacet
  facet normal 0 0 1
    outer loop
      vertex 1.8477590650225735 -12.76536686473018 1.6
      vertex 10.152240934977426 -12.76536686473018 1.6
      vertex 10.086119328535583 -12.580569354508924 1.6
    endloop
  endfacet
  facet normal 0 0 1
    outer loop
      vertex 1.9138806714644176 -12.580569354508924 1.6
      vertex 10.086119328535583 -12.580569354508924 1.6
      vertex 10.03842943919354 -12.390180644032256 1.6
    endloop
  endfacet
  facet normal 0 0 1
    outer loop
      vertex 1.9615705608064609 -12.390180644032256 1.6
      vertex 10.03842943919354 -12.390180644032256 1.6
      vertex 10.009630546655606 -12.196034280659122 1.6
    endloop
  endfacet
  facet normal 0 0 1
    outer loop
      vertex 1.76384252869671 -12.942793473651996 1.6
      vertex 10.23615747130329 -12.942793473651996 1.6
      vertex 10.152240934977426 -12.76536686473018 1.6
    endloop
  endfacet
  facet normal 0 0 1
    outer loop
      vertex 1.9903694533443939 -12.196034280659122 1.6
      vertex 10.009630546655606 -12.196034280659122 1.6
      vertex 10 -12 1.6
    endloop
  endfacet
  facet normal 0 0 1
    outer loop
      vertex 10.009630546655606 -11.803965719340878 1.6
      vertex 2 -12 1.6
      vertex 10 -12 1.6
    endloop
  endfacet
  facet normal 0 0 1
    outer loop
      vertex 10.03842943919354 -11.609819355967744 1.6
      vertex 1.9903694533443939 -11.803965719340878 1.6
      vertex 10.009630546655606 -11.803965719340878 1.6
    endloop
  endfacet
  facet normal 0 0 1
    outer loop
      vertex 10.086119328535583 -11.419430645491076 1.6
      vertex 1.9615705608064609 -11.609819355967744 1.6
      vertex 10.03842943919354 -11.609819355967744 1.6
    endloop
  endfacet
  facet normal 0 0 1
    outer loop
      vertex 10.152240934977426 -11.23463313526982 1.6
      vertex 1.9138806714644176 -11.419430645491076 1.6
      vertex 10.086119328535583 -11.419430645491076 1.6
    endloop
  endfacet
  facet normal 0 0 1
    outer loop
      vertex 10.23615747130329 -11.057206526348004 1.6
      vertex 0.7653668647301796 -1.8477590650225735 1.6
      vertex 10.152240934977426 -11.23463313526982 1.6
    endloop
  endfacet
  facet normal 0 0 1
    outer loop
      vertex 10.33706077539491 -10.888859533960796 1.6
      vertex 0.9427934736519953 -1.76384252869671 1.6
      vertex 10.23615747130329 -11.057206526348004 1.6
    endloop
  endfacet
  facet normal 0 0 1
    outer loop
      vertex 1.1111404660392044 -1.6629392246050905 1.6
      vertex 10.33706077539491 -10.888859533960796 1.6
      vertex 10.453979093274526 -10.731213431672709 1.6
    endloop
  endfacet
  facet normal 0 0 1
    outer loop
      vertex 1.268786568327291 -1.546020906725474 1.6
      vertex 10.453979093274526 -10.731213431672709 1.6
      vertex 10.585786437626904 -10.585786437626904 1.6
    endloop
  endfacet
  facet normal 0 0 1
    outer loop
      vertex 1.4142135623730951 -1.4142135623730951 1.6
      vertex 10.585786437626904 -10.585786437626904 1.6
      vertex 10.731213431672709 -10.453979093274526 1.6
    endloop
  endfacet
  facet normal 0 0 1
    outer loop
      vertex 10.731213431672709 -10.453979093274526 1.6
      vertex 10.888859533960796 -10.33706077539491 1.6
      vertex 1.546020906725474 -1.268786568327291 1.6
    endloop
  endfacet
  facet normal 0 0 1
    outer loop
      vertex 1.6629392246050905 -1.1111404660392044 1.6
      vertex 10.888859533960796 -10.33706077539491 1.6
      vertex 11.057206526348004 -10.23615747130329 1.6
    endloop
  endfacet
  facet normal 0 0 1
    outer loop
      vertex 1.76384252869671 -0.9427934736519953 1.6
      vertex 11.057206526348004 -10.23615747130329 1.6
      vertex 11.23463313526982 -10.152240934977426 1.6
    endloop
  endfacet
  facet normal 0 0 1
    outer loop
      vertex 11.23463313526982 -10.152240934977426 1.6
      vertex 11.419430645491076 -10.086119328535583 1.6
      vertex 1.8477590650225735 -0.7653668647301796 1.6
    endloop
  endfacet
  facet normal 0 0 1
    outer loop
      vertex 12.390180644032256 -10.03842943919354 1.6
      vertex 12.580569354508924 -10.086119328535583 1.6
      vertex 11.419430645491076 -1.9138806714644176 1.6
    endloop
  endfacet
  facet normal 0 0 1
    outer loop
      vertex 12.580569354508924 -10.086119328535583 1.6
      vertex 12.76536686473018 -10.152240934977426 1.6
      vertex 11.419430645491076 -1.9138806714644176 1.6
    endloop
  endfacet
  facet normal 0 0 1
    outer loop
      vertex 12.76536686473018 -10.152240934977426 1.6
      vertex 12.942793473651996 -10.23615747130329 1.6
      vertex 11.419430645491076 -1.9138806714644176 1.6
    endloop
  endfacet
  facet normal 0 0 1
    outer loop
      vertex 12.942793473651996 -10.23615747130329 1.6
      vertex 13.111140466039204 -10.33706077539491 1.6
      vertex 11.419430645491076 -1.9138806714644176 1.6
    endloop
  endfacet
  facet normal 0 0 1
    outer loop
      vertex 13.268786568327291 -10.453979093274526 1.6
      vertex 13.414213562373096 -10.585786437626904 1.6
      vertex 11.419430645491076 -1.9138806714644176 1.6
    endloop
  endfacet
  facet normal 0 0 1
    outer loop
      vertex 13.111140466039204 -10.33706077539491 1.6
      vertex 13.268786568327291 -10.453979093274526 1.6
      vertex 11.419430645491076 -1.9138806714644176 1.6
    endloop
  endfacet
  facet normal 0 0 1
    outer loop
      vertex 11.419430645491076 -10.086119328535583 1.6
      vertex 11.609819355967744 -10.03842943919354 1.6
      vertex 1.9138806714644176 -0.5805693545089247 1.6
    endloop
  endfacet
  facet normal 0 0 1
    outer loop
      vertex 11.609819355967744 -10.03842943919354 1.6
      vertex 11.803965719340878 -10.009630546655606 1.6
      vertex 1.9615705608064609 -0.3901806440322565 1.6
    endloop
  endfacet
  facet normal 0 0 1
    outer loop
      vertex 11.803965719340878 -10.009630546655606 1.6
      vertex 12 -10 1.6
      vertex 1.9903694533443939 -0.1960342806591212 1.6
    endloop
  endfacet
  facet normal 0 0 1
    outer loop
      vertex 12.390180644032256 -10.03842943919354 1.6
      vertex 10.152240934977426 -0.7653668647301796 1.6
      vertex 1.9615705608064609 0.3901806440322565 1.6
    endloop
  endfacet
  facet normal 0 0 1
    outer loop
      vertex 12 -10 1.6
      vertex 12.196034280659122 -10.009630546655606 1.6
      vertex 2 0 1.6
    endloop
  endfacet
  facet normal 0 0 1
    outer loop
      vertex 12.196034280659122 -10.009630546655606 1.6
      vertex 12.390180644032256 -10.03842943919354 1.6
      vertex 1.9903694533443939 0.1960342806591212 1.6
    endloop
  endfacet
  facet normal 0 0 1
    outer loop
      vertex 10.03842943919354 -0.3901806440322565 1.6
      vertex 1.9615705608064609 0.3901806440322565 1.6
      vertex 10.086119328535583 -0.5805693545089247 1.6
    endloop
  endfacet
  facet normal 0 0 1
    outer loop
      vertex 10.086119328535583 -0.5805693545089247 1.6
      vertex 1.9615705608064609 0.3901806440322565 1.6
      vertex 10.152240934977426 -0.7653668647301796 1.6
    endloop
  endfacet
  facet normal 0 0 1
    outer loop
      vertex 12.390180644032256 -10.03842943919354 1.6
      vertex 10.23615747130329 -0.9427934736519953 1.6
      vertex 10.152240934977426 -0.7653668647301796 1.6
    endloop
  endfacet
  facet normal 0 0 1
    outer loop
      vertex 12.390180644032256 -10.03842943919354 1.6
      vertex 10.33706077539491 -1.1111404660392044 1.6
      vertex 10.23615747130329 -0.9427934736519953 1.6
    endloop
  endfacet
  facet normal 0 0 1
    outer loop
      vertex 12.390180644032256 -10.03842943919354 1.6
      vertex 10.585786437626904 -1.4142135623730951 1.6
      vertex 10.453979093274526 -1.268786568327291 1.6
    endloop
  endfacet
  facet normal 0 0 1
    outer loop
      vertex 12.390180644032256 -10.03842943919354 1.6
      vertex 10.453979093274526 -1.268786568327291 1.6
      vertex 10.33706077539491 -1.1111404660392044 1.6
    endloop
  endfacet
  facet normal 0 0 1
    outer loop
      vertex 12.390180644032256 -10.03842943919354 1.6
      vertex 10.731213431672709 -1.546020906725474 1.6
      vertex 10.585786437626904 -1.4142135623730951 1.6
    endloop
  endfacet
  facet normal 0 0 1
    outer loop
      vertex 12.390180644032256 -10.03842943919354 1.6
      vertex 10.888859533960796 -1.6629392246050905 1.6
      vertex 10.731213431672709 -1.546020906725474 1.6
    endloop
  endfacet
  facet normal 0 0 1
    outer loop
      vertex 12.390180644032256 -10.03842943919354 1.6
      vertex 11.057206526348004 -1.76384252869671 1.6
      vertex 10.888859533960796 -1.6629392246050905 1.6
    endloop
  endfacet
  facet normal 0 0 1
    outer loop
      vertex 12.390180644032256 -10.03842943919354 1.6
      vertex 11.419430645491076 -1.9138806714644176 1.6
      vertex 11.23463313526982 -1.8477590650225735 1.6
    endloop
  endfacet
  facet normal 0 0 1
    outer loop
      vertex 12.390180644032256 -10.03842943919354 1.6
      vertex 11.23463313526982 -1.8477590650225735 1.6
      vertex 11.057206526348004 -1.76384252869671 1.6
    endloop
  endfacet
  facet normal 0 0 1
    outer loop
      vertex 51.8 -51.8 1.6
      vertex 12.196034280659122 -13.990369453344394 1.6
      vertex 12 -14 1.6
    endloop
  endfacet
  facet normal 0 0 1
    outer loop
      vertex 51.8 -51.8 1.6
      vertex 12.390180644032256 -13.96157056080646 1.6
      vertex 12.196034280659122 -13.990369453344394 1.6
    endloop
  endfacet
  facet normal 0 0 1
    outer loop
      vertex 51.8 -51.8 1.6
      vertex 12.580569354508924 -13.913880671464417 1.6
      vertex 12.390180644032256 -13.96157056080646 1.6
    endloop
  endfacet
  facet normal 0 0 1
    outer loop
      vertex 51.8 -51.8 1.6
      vertex 12.76536686473018 -13.847759065022574 1.6
      vertex 12.580569354508924 -13.913880671464417 1.6
    endloop
  endfacet
  facet normal 0 0 1
    outer loop
      vertex 51.8 -51.8 1.6
      vertex 12.942793473651996 -13.76384252869671 1.6
      vertex 12.76536686473018 -13.847759065022574 1.6
    endloop
  endfacet
  facet normal 0 0 1
    outer loop
      vertex 51.8 -51.8 1.6
      vertex 13.111140466039204 -13.66293922460509 1.6
      vertex 12.942793473651996 -13.76384252869671 1.6
    endloop
  endfacet
  facet normal 0 0 1
    outer loop
      vertex 51.8 -51.8 1.6
      vertex 13.268786568327291 -13.546020906725474 1.6
      vertex 13.111140466039204 -13.66293922460509 1.6
    endloop
  endfacet
  facet normal 0 0 1
    outer loop
      vertex 51.8 -51.8 1.6
      vertex 13.414213562373096 -13.414213562373096 1.6
      vertex 13.268786568327291 -13.546020906725474 1.6
    endloop
  endfacet
  facet normal 0 0 1
    outer loop
      vertex 51.8 -51.8 1.6
      vertex 13.546020906725474 -13.268786568327291 1.6
      vertex 13.414213562373096 -13.414213562373096 1.6
    endloop
  endfacet
  facet normal 0 0 1
    outer loop
      vertex 51.8 -51.8 1.6
      vertex 13.66293922460509 -13.111140466039204 1.6
      vertex 13.546020906725474 -13.268786568327291 1.6
    endloop
  endfacet
  facet normal 0 0 1
    outer loop
      vertex 51.8 -51.8 1.6
      vertex 13.76384252869671 -12.942793473651996 1.6
      vertex 13.66293922460509 -13.111140466039204 1.6
    endloop
  endfacet
  facet normal 0 0 1
    outer loop
      vertex 51.8 -51.8 1.6
      vertex 13.847759065022574 -12.76536686473018 1.6
      vertex 13.76384252869671 -12.942793473651996 1.6
    endloop
  endfacet
  facet normal 0 0 1
    outer loop
      vertex 51.8 -51.8 1.6
      vertex 13.913880671464417 -12.580569354508924 1.6
      vertex 13.847759065022574 -12.76536686473018 1.6
    endloop
  endfacet
  facet normal 0 0 1
    outer loop
      vertex 51.8 -51.8 1.6
      vertex 13.96157056080646 -12.390180644032256 1.6
      vertex 13.913880671464417 -12.580569354508924 1.6
    endloop
  endfacet
  facet normal 0 0 1
    outer loop
      vertex 51.8 -51.8 1.6
      vertex 13.990369453344394 -12.196034280659122 1.6
      vertex 13.96157056080646 -12.390180644032256 1.6
    endloop
  endfacet
  facet normal 0 0 1
    outer loop
      vertex 51.8 -51.8 1.6
      vertex 14 -12 1.6
      vertex 13.990369453344394 -12.196034280659122 1.6
    endloop
  endfacet
  facet normal 0 0 1
    outer loop
      vertex 51.8 -51.8 1.6
      vertex 13.990369453344394 -11.803965719340878 1.6
      vertex 14 -12 1.6
    endloop
  endfacet
  facet normal 0 0 1
    outer loop
      vertex 51.8 -51.8 1.6
      vertex 13.66293922460509 -10.888859533960796 1.6
      vertex 13.76384252869671 -11.057206526348004 1.6
    endloop
  endfacet
  facet normal 0 0 1
    outer loop
      vertex 51.8 -51.8 1.6
      vertex 13.546020906725474 -10.731213431672709 1.6
      vertex 13.66293922460509 -10.888859533960796 1.6
    endloop
  endfacet
  facet normal 0 0 1
    outer loop
      vertex 51.8 -51.8 1.6
      vertex 13.414213562373096 -10.585786437626904 1.6
      vertex 13.546020906725474 -10.731213431672709 1.6
    endloop
  endfacet
  facet normal 0 0 1
    outer loop
      vertex 51.8 -51.8 1.6
      vertex 13.96157056080646 -11.609819355967744 1.6
      vertex 13.990369453344394 -11.803965719340878 1.6
    endloop
  endfacet
  facet normal 0 0 1
    outer loop
      vertex 51.8 -51.8 1.6
      vertex 13.913880671464417 -11.419430645491076 1.6
      vertex 13.96157056080646 -11.609819355967744 1.6
    endloop
  endfacet
  facet normal 0 0 1
    outer loop
      vertex 51.8 -51.8 1.6
      vertex 13.847759065022574 -11.23463313526982 1.6
      vertex 13.913880671464417 -11.419430645491076 1.6
    endloop
  endfacet
  facet normal 0 0 1
    outer loop
      vertex 51.8 -51.8 1.6
      vertex 13.76384252869671 -11.057206526348004 1.6
      vertex 13.847759065022574 -11.23463313526982 1.6
    endloop
  endfacet
  facet normal 0 0 1
    outer loop
      vertex 51.8 -51.8 1.6
      vertex 11.419430645491076 -1.9138806714644176 1.6
      vertex 13.414213562373096 -10.585786437626904 1.6
    endloop
  endfacet
  facet normal 0 0 1
    outer loop
      vertex 51.8 -51.8 1.6
      vertex 11.609819355967744 -1.9615705608064609 1.6
      vertex 11.419430645491076 -1.9138806714644176 1.6
    endloop
  endfacet
  facet normal 0 0 1
    outer loop
      vertex 51.8 -51.8 1.6
      vertex 11.803965719340878 -1.9903694533443939 1.6
      vertex 11.609819355967744 -1.9615705608064609 1.6
    endloop
  endfacet
  facet normal 0 0 1
    outer loop
      vertex 51.8 -51.8 1.6
      vertex 12 -2 1.6
      vertex 11.803965719340878 -1.9903694533443939 1.6
    endloop
  endfacet
  facet normal 0 0 1
    outer loop
      vertex 51.8 -51.8 1.6
      vertex 12.196034280659122 -1.9903694533443939 1.6
      vertex 12 -2 1.6
    endloop
  endfacet
  facet normal 0 0 1
    outer loop
      vertex 51.8 -51.8 1.6
      vertex 12.390180644032256 -1.9615705608064609 1.6
      vertex 12.196034280659122 -1.9903694533443939 1.6
    endloop
  endfacet
  facet normal 0 0 1
    outer loop
      vertex 51.8 -51.8 1.6
      vertex 12.580569354508924 -1.9138806714644176 1.6
      vertex 12.390180644032256 -1.9615705608064609 1.6
    endloop
  endfacet
  facet normal 0 0 1
    outer loop
      vertex 51.8 -51.8 1.6
      vertex 12.76536686473018 -1.8477590650225735 1.6
      vertex 12.580569354508924 -1.9138806714644176 1.6
    endloop
  endfacet
  facet normal 0 0 1
    outer loop
      vertex 51.8 -51.8 1.6
      vertex 12.942793473651996 -1.76384252869671 1.6
      vertex 12.76536686473018 -1.8477590650225735 1.6
    endloop
  endfacet
  facet normal 0 0 1
    outer loop
      vertex 51.8 -51.8 1.6
      vertex 13.111140466039204 -1.6629392246050905 1.6
      vertex 12.942793473651996 -1.76384252869671 1.6
    endloop
  endfacet
  facet normal 0 0 1
    outer loop
      vertex 51.8 -51.8 1.6
      vertex 13.268786568327291 -1.546020906725474 1.6
      vertex 13.111140466039204 -1.6629392246050905 1.6
    endloop
  endfacet
  facet normal 0 0 1
    outer loop
      vertex 51.8 -51.8 1.6
      vertex 13.414213562373096 -1.4142135623730951 1.6
      vertex 13.268786568327291 -1.546020906725474 1.6
    endloop
  endfacet
  facet normal 0 0 1
    outer loop
      vertex 51.8 -51.8 1.6
      vertex 13.546020906725474 -1.268786568327291 1.6
      vertex 13.414213562373096 -1.4142135623730951 1.6
    endloop
  endfacet
  facet normal 0 0 1
    outer loop
      vertex 51.8 -51.8 1.6
      vertex 13.66293922460509 -1.1111404660392044 1.6
      vertex 13.546020906725474 -1.268786568327291 1.6
    endloop
  endfacet
  facet normal 0 0 1
    outer loop
      vertex 51.8 -51.8 1.6
      vertex 13.76384252869671 -0.9427934736519953 1.6
      vertex 13.66293922460509 -1.1111404660392044 1.6
    endloop
  endfacet
  facet normal 0 0 1
    outer loop
      vertex 51.8 -51.8 1.6
      vertex 13.847759065022574 -0.7653668647301796 1.6
      vertex 13.76384252869671 -0.9427934736519953 1.6
    endloop
  endfacet
  facet normal 0 0 1
    outer loop
      vertex 51.8 -51.8 1.6
      vertex 13.913880671464417 -0.5805693545089247 1.6
      vertex 13.847759065022574 -0.7653668647301796 1.6
    endloop
  endfacet
  facet normal 0 0 1
    outer loop
      vertex 51.8 -51.8 1.6
      vertex 13.96157056080646 -0.3901806440322565 1.6
      vertex 13.913880671464417 -0.5805693545089247 1.6
    endloop
  endfacet
  facet normal 0 0 1
    outer loop
      vertex 51.8 -51.8 1.6
      vertex 13.990369453344394 -0.1960342806591212 1.6
      vertex 13.96157056080646 -0.3901806440322565 1.6
    endloop
  endfacet
  facet normal 0 0 1
    outer loop
      vertex 51.8 -51.8 1.6
      vertex 14 0 1.6
      vertex 13.990369453344394 -0.1960342806591212 1.6
    endloop
  endfacet
  facet normal 0 0 -1
    outer loop
      vertex 55.5 -55.5 0
      vertex 13.847759065022574 -12.76536686473018 0
      vertex 13.913880671464417 -12.580569354508924 0
    endloop
  endfacet
  facet normal 0 0 -1
    outer loop
      vertex 55.5 -55.5 0
      vertex 13.913880671464417 -12.580569354508924 0
      vertex 13.96157056080646 -12.390180644032256 0
    endloop
  endfacet
  facet normal 0 0 -1
    outer loop
      vertex 55.5 -55.5 0
      vertex 13.96157056080646 -12.390180644032256 0
      vertex 13.990369453344394 -12.196034280659122 0
    endloop
  endfacet
  facet normal 0 0 -1
    outer loop
      vertex 55.5 -55.5 0
      vertex 13.990369453344394 -12.196034280659122 0
      vertex 14 -12 0
    endloop
  endfacet
  facet normal 0 0 -1
    outer loop
      vertex 55.5 -55.5 0
      vertex 14 -12 0
      vertex 13.990369453344394 -11.803965719340878 0
    endloop
  endfacet
  facet normal 0 0 -1
    outer loop
      vertex 55.5 -55.5 0
      vertex 13.990369453344394 -11.803965719340878 0
      vertex 14 0 0
    endloop
  endfacet
  facet normal 0 0 -1
    outer loop
      vertex 55.5 -55.5 0
      vertex 14 0 0
      vertex 13.990369453344394 0.1960342806591212 0
    endloop
  endfacet
  facet normal 0 0 -1
    outer loop
      vertex 55.5 -55.5 0
      vertex 13.990369453344394 0.1960342806591212 0
      vertex 13.96157056080646 0.3901806440322565 0
    endloop
  endfacet
  facet normal 0 0 -1
    outer loop
      vertex 55.5 -55.5 0
      vertex 13.96157056080646 0.3901806440322565 0
      vertex 13.913880671464417 0.5805693545089247 0
    endloop
  endfacet
  facet normal 0 0 -1
    outer loop
      vertex 55.5 -55.5 0
      vertex 13.913880671464417 0.5805693545089247 0
      vertex 13.847759065022574 0.7653668647301796 0
    endloop
  endfacet
  facet normal 0 0 -1
    outer loop
      vertex 55.5 -55.5 0
      vertex 13.847759065022574 11.23463313526982 0
      vertex 13.913880671464417 11.419430645491076 0
    endloop
  endfacet
  facet normal 0 0 -1
    outer loop
      vertex 55.5 -55.5 0
      vertex 13.913880671464417 11.419430645491076 0
      vertex 13.96157056080646 11.609819355967744 0
    endloop
  endfacet
  facet normal 0 0 -1
    outer loop
      vertex 55.5 -55.5 0
      vertex 13.96157056080646 11.609819355967744 0
      vertex 13.990369453344394 11.803965719340878 0
    endloop
  endfacet
  facet normal 0 0 -1
    outer loop
      vertex 55.5 -55.5 0
      vertex 13.990369453344394 11.803965719340878 0
      vertex 14 12 0
    endloop
  endfacet
  facet normal 0 0 -1
    outer loop
      vertex 55.5 -55.5 0
      vertex 14 12 0
      vertex 13.990369453344394 12.196034280659122 0
    endloop
  endfacet
  facet normal 1 0 0
    outer loop
      vertex 55.5 -55.5 0
      vertex 55.5 55.5 0
      vertex 55.5 -55.5 1.6
    endloop
  endfacet
  facet normal 0 0 1
    outer loop
      vertex 53.4 -53.4 1.6
      vertex 55.5 -55.5 1.6
      vertex 55.5 55.5 1.6
    endloop
  endfacet
  facet normal 0 0 -1
    outer loop
      vertex -0.1960342806591212 1.9903694533443939 0
      vertex -0.3901806440322565 1.9615705608064609 0
      vertex 10.009630546655606 12.196034280659122 0
    endloop
  endfacet
  facet normal 0 0 -1
    outer loop
      vertex -0.1960342806591212 1.9903694533443939 0
      vertex 10 12 0
      vertex 0 2 0
    endloop
  endfacet
  facet normal 0 0 -1
    outer loop
      vertex 0.1960342806591212 1.9903694533443939 0
      vertex 0 2 0
      vertex 10.009630546655606 11.803965719340878 0
    endloop
  endfacet
  facet normal 0 0 -1
    outer loop
      vertex 2 0 0
      vertex 1.9903694533443939 0.1960342806591212 0
      vertex 10 0 0
    endloop
  endfacet
  facet normal 0 0 -1
    outer loop
      vertex 1.9615705608064609 0.3901806440322565 0
      vertex 10.009630546655606 0.1960342806591212 0
      vertex 1.9903694533443939 0.1960342806591212 0
    endloop
  endfacet
  facet normal 0 0 -1
    outer loop
      vertex 1.9138806714644176 0.5805693545089247 0
      vertex 10.03842943919354 0.3901806440322565 0
      vertex 1.9615705608064609 0.3901806440322565 0
    endloop
  endfacet
  facet normal 0 0 -1
    outer loop
      vertex 1.8477590650225735 0.7653668647301796 0
      vertex 10.086119328535583 0.5805693545089247 0
      vertex 1.9138806714644176 0.5805693545089247 0
    endloop
  endfacet
  facet normal 0 0 -1
    outer loop
      vertex 0.3901806440322565 1.9615705608064609 0
      vertex 0.1960342806591212 1.9903694533443939 0
      vertex 10.03842943919354 11.609819355967744 0
    endloop
  endfacet
  facet normal 0 0 -1
    outer loop
      vertex 0.5805693545089247 1.9138806714644176 0
      vertex 0.3901806440322565 1.9615705608064609 0
      vertex 10.086119328535583 11.419430645491076 0
    endloop
  endfacet
  facet normal 0 0 -1
    outer loop
      vertex 0.7653668647301796 1.8477590650225735 0
      vertex 0.5805693545089247 1.9138806714644176 0
      vertex 10.152240934977426 11.23463313526982 0
    endloop
  endfacet
  facet normal 0 0 -1
    outer loop
      vertex 1.268786568327291 1.546020906725474 0
      vertex 1.1111404660392044 1.6629392246050905 0
      vertex 10.453979093274526 10.731213431672709 0
    endloop
  endfacet
  facet normal 0 0 -1
    outer loop
      vertex 0.9427934736519953 1.76384252869671 0
      vertex 0.7653668647301796 1.8477590650225735 0
      vertex 10.23615747130329 11.057206526348004 0
    endloop
  endfacet
  facet normal 0 0 -1
    outer loop
      vertex 1.1111404660392044 1.6629392246050905 0
      vertex 0.9427934736519953 1.76384252869671 0
      vertex 10.33706077539491 10.888859533960796 0
    endloop
  endfacet
  facet normal 0 0 -1
    outer loop
      vertex 1.546020906725474 1.268786568327291 0
      vertex 10.888859533960796 10.33706077539491 0
      vertex 1.6629392246050905 1.1111404660392044 0
    endloop
  endfacet
  facet normal 0 0 -1
    outer loop
      vertex 1.6629392246050905 1.1111404660392044 0
      vertex 11.057206526348004 10.23615747130329 0
      vertex 1.76384252869671 0.9427934736519953 0
    endloop
  endfacet
  facet normal 0 0 -1
    outer loop
      vertex 1.76384252869671 0.9427934736519953 0
      vertex 11.23463313526982 10.152240934977426 0
      vertex 1.8477590650225735 0.7653668647301796 0
    endloop
  endfacet
  facet normal 0 0 -1
    outer loop
      vertex 10.585786437626904 10.585786437626904 0
      vertex 1.4142135623730951 1.4142135623730951 0
      vertex 1.268786568327291 1.546020906725474 0
    endloop
  endfacet
  facet normal 0 0 -1
    outer loop
      vertex 1.4142135623730951 1.4142135623730951 0
      vertex 10.731213431672709 10.453979093274526 0
      vertex 1.546020906725474 1.268786568327291 0
    endloop
  endfacet
  facet normal 0 0 -1
    outer loop
      vertex -0.3901806440322565 1.9615705608064609 0
      vertex 0.3901806440322565 10.03842943919354 0
      vertex 0.5805693545089247 10.086119328535583 0
    endloop
  endfacet
  facet normal 0 0 -1
    outer loop
      vertex -0.3901806440322565 1.9615705608064609 0
      vertex 0.5805693545089247 10.086119328535583 0
      vertex 0.7653668647301796 10.152240934977426 0
    endloop
  endfacet
  facet normal 0 0 -1
    outer loop
      vertex -0.3901806440322565 1.9615705608064609 0
      vertex 0.7653668647301796 10.152240934977426 0
      vertex 0.9427934736519953 10.23615747130329 0
    endloop
  endfacet
  facet normal 0 0 -1
    outer loop
      vertex -0.3901806440322565 1.9615705608064609 0
      vertex 0.9427934736519953 10.23615747130329 0
      vertex 1.1111404660392044 10.33706077539491 0
    endloop
  endfacet
  facet normal 0 0 -1
    outer loop
      vertex -0.3901806440322565 1.9615705608064609 0
      vertex 1.1111404660392044 10.33706077539491 0
      vertex 1.268786568327291 10.453979093274526 0
    endloop
  endfacet
  facet normal 0 0 -1
    outer loop
      vertex -0.3901806440322565 1.9615705608064609 0
      vertex 1.268786568327291 10.453979093274526 0
      vertex 1.4142135623730951 10.585786437626904 0
    endloop
  endfacet
  facet normal 0 0 -1
    outer loop
      vertex -0.3901806440322565 1.9615705608064609 0
      vertex 1.4142135623730951 10.585786437626904 0
      vertex 1.546020906725474 10.731213431672709 0
    endloop
  endfacet
  facet normal 0 0 -1
    outer loop
      vertex -0.3901806440322565 1.9615705608064609 0
      vertex 1.546020906725474 10.731213431672709 0
      vertex 1.6629392246050905 10.888859533960796 0
    endloop
  endfacet
  facet normal 0 0 -1
    outer loop
      vertex -0.3901806440322565 1.9615705608064609 0
      vertex 1.6629392246050905 10.888859533960796 0
      vertex 1.76384252869671 11.057206526348004 0
    endloop
  endfacet
  facet normal 0 0 -1
    outer loop
      vertex -0.3901806440322565 1.9615705608064609 0
      vertex 1.76384252869671 11.057206526348004 0
      vertex 1.8477590650225735 11.23463313526982 0
    endloop
  endfacet
  facet normal 0 0 -1
    outer loop
      vertex -0.3901806440322565 1.9615705608064609 0
      vertex 1.8477590650225735 11.23463313526982 0
      vertex 10.03842943919354 12.390180644032256 0
    endloop
  endfacet
  facet normal 0 0 -1
    outer loop
      vertex 0 2 0
      vertex 10 12 0
      vertex 10.009630546655606 11.803965719340878 0
    endloop
  endfacet
  facet normal 0 0 -1
    outer loop
      vertex 0.3901806440322565 1.9615705608064609 0
      vertex 10.03842943919354 11.609819355967744 0
      vertex 10.086119328535583 11.419430645491076 0
    endloop
  endfacet
  facet normal 0 0 -1
    outer loop
      vertex 10.03842943919354 11.609819355967744 0
      vertex 0.1960342806591212 1.9903694533443939 0
      vertex 10.009630546655606 11.803965719340878 0
    endloop
  endfacet
  facet normal 0 0 -1
    outer loop
      vertex -0.1960342806591212 1.9903694533443939 0
      vertex 10.009630546655606 12.196034280659122 0
      vertex 10 12 0
    endloop
  endfacet
  facet normal 0 0 -1
    outer loop
      vertex -0.3901806440322565 1.9615705608064609 0
      vertex 10.03842943919354 12.390180644032256 0
      vertex 10.009630546655606 12.196034280659122 0
    endloop
  endfacet
  facet normal 0 0 -1
    outer loop
      vertex 1.9138806714644176 11.419430645491076 0
      vertex 10.03842943919354 12.390180644032256 0
      vertex 1.8477590650225735 11.23463313526982 0
    endloop
  endfacet
  facet normal 0 0 -1
    outer loop
      vertex 1.9615705608064609 11.609819355967744 0
      vertex 10.03842943919354 12.390180644032256 0
      vertex 1.9138806714644176 11.419430645491076 0
    endloop
  endfacet
  facet normal 0 0 -1
    outer loop
      vertex 1.9903694533443939 11.803965719340878 0
      vertex 10.03842943919354 12.390180644032256 0
      vertex 1.9615705608064609 11.609819355967744 0
    endloop
  endfacet
  facet normal 0 0 -1
    outer loop
      vertex 2 12 0
      vertex 10.03842943919354 12.390180644032256 0
      vertex 1.9903694533443939 11.803965719340878 0
    endloop
  endfacet
  facet normal 0 0 -1
    outer loop
      vertex 0.7653668647301796 13.847759065022574 0
      vertex 0.5805693545089247 13.913880671464417 0
      vertex 11.23463313526982 13.847759065022574 0
    endloop
  endfacet
  facet normal 0 0 -1
    outer loop
      vertex 1.1111404660392044 13.66293922460509 0
      vertex 0.9427934736519953 13.76384252869671 0
      vertex 10.888859533960796 13.66293922460509 0
    endloop
  endfacet
  facet normal 0 0 -1
    outer loop
      vertex 0.9427934736519953 13.76384252869671 0
      vertex 0.7653668647301796 13.847759065022574 0
      vertex 11.057206526348004 13.76384252869671 0
    endloop
  endfacet
  facet normal 0 0 -1
    outer loop
      vertex 1.9903694533443939 12.196034280659122 0
      vertex 10.03842943919354 12.390180644032256 0
      vertex 2 12 0
    endloop
  endfacet
  facet normal 0 0 -1
    outer loop
      vertex 1.9615705608064609 12.390180644032256 0
      vertex 10.03842943919354 12.390180644032256 0
      vertex 1.9903694533443939 12.196034280659122 0
    endloop
  endfacet
  facet normal 0 0 -1
    outer loop
      vertex 1.9138806714644176 12.580569354508924 0
      vertex 10.086119328535583 12.580569354508924 0
      vertex 1.9615705608064609 12.390180644032256 0
    endloop
  endfacet
  facet normal 0 0 -1
    outer loop
      vertex 1.8477590650225735 12.76536686473018 0
      vertex 10.152240934977426 12.76536686473018 0
      vertex 1.9138806714644176 12.580569354508924 0
    endloop
  endfacet
  facet normal 0 0 -1
    outer loop
      vertex 1.76384252869671 12.942793473651996 0
      vertex 10.23615747130329 12.942793473651996 0
      vertex 1.8477590650225735 12.76536686473018 0
    endloop
  endfacet
  facet normal 0 0 -1
    outer loop
      vertex 1.6629392246050905 13.111140466039204 0
      vertex 10.23615747130329 12.942793473651996 0
      vertex 1.76384252869671 12.942793473651996 0
    endloop
  endfacet
  facet normal 0 0 -1
    outer loop
      vertex 1.546020906725474 13.268786568327291 0
      vertex 10.33706077539491 13.111140466039204 0
      vertex 1.6629392246050905 13.111140466039204 0
    endloop
  endfacet
  facet normal 0 0 -1
    outer loop
      vertex 1.4142135623730951 13.414213562373096 0
      vertex 10.453979093274526 13.268786568327291 0
      vertex 1.546020906725474 13.268786568327291 0
    endloop
  endfacet
  facet normal 0 0 -1
    outer loop
      vertex 10.585786437626904 13.414213562373096 0
      vertex 1.4142135623730951 13.414213562373096 0
      vertex 1.268786568327291 13.546020906725474 0
    endloop
  endfacet
  facet normal 0 0 -1
    outer loop
      vertex 1.268786568327291 13.546020906725474 0
      vertex 1.1111404660392044 13.66293922460509 0
      vertex 10.731213431672709 13.546020906725474 0
    endloop
  endfacet
  facet normal 0 0 -1
    outer loop
      vertex 1.9903694533443939 0.1960342806591212 0
      vertex 10.009630546655606 0.1960342806591212 0
      vertex 10 0 0
    endloop
  endfacet
  facet normal 0 0 -1
    outer loop
      vertex 1.9615705608064609 0.3901806440322565 0
      vertex 10.03842943919354 0.3901806440322565 0
      vertex 10.009630546655606 0.1960342806591212 0
    endloop
  endfacet
  facet normal 0 0 -1
    outer loop
      vertex 1.9138806714644176 0.5805693545089247 0
      vertex 10.086119328535583 0.5805693545089247 0
      vertex 10.03842943919354 0.3901806440322565 0
    endloop
  endfacet
  facet normal 0 0 -1
    outer loop
      vertex 1.8477590650225735 0.7653668647301796 0
      vertex 10.152240934977426 0.7653668647301796 0
      vertex 10.086119328535583 0.5805693545089247 0
    endloop
  endfacet
  facet normal 0 0 -1
    outer loop
      vertex 11.23463313526982 10.152240934977426 0
      vertex 10.152240934977426 0.7653668647301796 0
      vertex 1.8477590650225735 0.7653668647301796 0
    endloop
  endfacet
  facet normal 0 0 -1
    outer loop
      vertex 10.152240934977426 0.7653668647301796 0
      vertex 11.23463313526982 10.152240934977426 0
      vertex 10.23615747130329 0.9427934736519953 0
    endloop
  endfacet
  facet normal 0 0 -1
    outer loop
      vertex 10.23615747130329 0.9427934736519953 0
      vertex 11.23463313526982 10.152240934977426 0
      vertex 10.33706077539491 1.1111404660392044 0
    endloop
  endfacet
  facet normal 0 0 -1
    outer loop
      vertex 10.33706077539491 1.1111404660392044 0
      vertex 11.23463313526982 10.152240934977426 0
      vertex 10.453979093274526 1.268786568327291 0
    endloop
  endfacet
  facet normal 0 0 -1
    outer loop
      vertex 10.453979093274526 1.268786568327291 0
      vertex 11.23463313526982 10.152240934977426 0
      vertex 10.585786437626904 1.4142135623730951 0
    endloop
  endfacet
  facet normal 0 0 -1
    outer loop
      vertex 10.731213431672709 1.546020906725474 0
      vertex 10.585786437626904 1.4142135623730951 0
      vertex 11.23463313526982 10.152240934977426 0
    endloop
  endfacet
  facet normal 0 0 -1
    outer loop
      vertex 10.888859533960796 1.6629392246050905 0
      vertex 10.731213431672709 1.546020906725474 0
      vertex 11.23463313526982 10.152240934977426 0
    endloop
  endfacet
  facet normal 0 0 -1
    outer loop
      vertex 11.057206526348004 1.76384252869671 0
      vertex 10.888859533960796 1.6629392246050905 0
      vertex 11.23463313526982 10.152240934977426 0
    endloop
  endfacet
  facet normal 0 0 -1
    outer loop
      vertex 11.23463313526982 1.8477590650225735 0
      vertex 11.057206526348004 1.76384252869671 0
      vertex 11.23463313526982 10.152240934977426 0
    endloop
  endfacet
  facet normal 0 0 -1
    outer loop
      vertex 11.419430645491076 1.9138806714644176 0
      vertex 11.23463313526982 1.8477590650225735 0
      vertex 11.419430645491076 10.086119328535583 0
    endloop
  endfacet
  facet normal 0 0 -1
    outer loop
      vertex 11.609819355967744 1.9615705608064609 0
      vertex 11.419430645491076 1.9138806714644176 0
      vertex 11.609819355967744 10.03842943919354 0
    endloop
  endfacet
  facet normal 0 0 -1
    outer loop
      vertex 11.803965719340878 1.9903694533443939 0
      vertex 11.609819355967744 1.9615705608064609 0
      vertex 11.803965719340878 10.009630546655606 0
    endloop
  endfacet
  facet normal 0 0 -1
    outer loop
      vertex 12 2 0
      vertex 11.803965719340878 1.9903694533443939 0
      vertex 12 10 0
    endloop
  endfacet
  facet normal 0 0 -1
    outer loop
      vertex 12.196034280659122 1.9903694533443939 0
      vertex 12 2 0
      vertex 12.196034280659122 10.009630546655606 0
    endloop
  endfacet
  facet normal 0 0 -1
    outer loop
      vertex 12.390180644032256 1.9615705608064609 0
      vertex 12.196034280659122 1.9903694533443939 0
      vertex 12.390180644032256 10.03842943919354 0
    endloop
  endfacet
  facet normal 0 0 -1
    outer loop
      vertex 12.580569354508924 1.9138806714644176 0
      vertex 12.390180644032256 1.9615705608064609 0
      vertex 12.580569354508924 10.086119328535583 0
    endloop
  endfacet
  facet normal 0 0 -1
    outer loop
      vertex 12.76536686473018 1.8477590650225735 0
      vertex 12.580569354508924 1.9138806714644176 0
      vertex 12.76536686473018 10.152240934977426 0
    endloop
  endfacet
  facet normal 0 0 -1
    outer loop
      vertex 12.942793473651996 1.76384252869671 0
      vertex 12.76536686473018 1.8477590650225735 0
      vertex 12.942793473651996 10.23615747130329 0
    endloop
  endfacet
  facet normal 0 0 -1
    outer loop
      vertex 13.546020906725474 1.268786568327291 0
      vertex 13.414213562373096 10.585786437626904 0
      vertex 13.66293922460509 1.1111404660392044 0
    endloop
  endfacet
  facet normal 0 0 -1
    outer loop
      vertex 13.111140466039204 1.6629392246050905 0
      vertex 12.942793473651996 1.76384252869671 0
      vertex 13.111140466039204 10.33706077539491 0
    endloop
  endfacet
  facet normal 0 0 -1
    outer loop
      vertex 13.268786568327291 1.546020906725474 0
      vertex 13.111140466039204 1.6629392246050905 0
      vertex 13.268786568327291 10.453979093274526 0
    endloop
  endfacet
  facet normal 0 0 -1
    outer loop
      vertex 13.414213562373096 10.585786437626904 0
      vertex 13.414213562373096 1.4142135623730951 0
      vertex 13.268786568327291 1.546020906725474 0
    endloop
  endfacet
  facet normal 0 0 -1
    outer loop
      vertex 13.414213562373096 1.4142135623730951 0
      vertex 13.414213562373096 10.585786437626904 0
      vertex 13.546020906725474 1.268786568327291 0
    endloop
  endfacet
  facet normal 0 0 -1
    outer loop
      vertex 1.1111404660392044 1.6629392246050905 0
      vertex 10.33706077539491 10.888859533960796 0
      vertex 10.453979093274526 10.731213431672709 0
    endloop
  endfacet
  facet normal 0 0 -1
    outer loop
      vertex 10.731213431672709 10.453979093274526 0
      vertex 10.888859533960796 10.33706077539491 0
      vertex 1.546020906725474 1.268786568327291 0
    endloop
  endfacet
  facet normal 0 0 -1
    outer loop
      vertex 1.4142135623730951 1.4142135623730951 0
      vertex 10.585786437626904 10.585786437626904 0
      vertex 10.731213431672709 10.453979093274526 0
    endloop
  endfacet
  facet normal 0 0 -1
    outer loop
      vertex 1.268786568327291 1.546020906725474 0
      vertex 10.453979093274526 10.731213431672709 0
      vertex 10.585786437626904 10.585786437626904 0
    endloop
  endfacet
  facet normal 0 0 -1
    outer loop
      vertex 0.5805693545089247 1.9138806714644176 0
      vertex 10.086119328535583 11.419430645491076 0
      vertex 10.152240934977426 11.23463313526982 0
    endloop
  endfacet
  facet normal 0 0 -1
    outer loop
      vertex 10.23615747130329 11.057206526348004 0
      vertex 0.7653668647301796 1.8477590650225735 0
      vertex 10.152240934977426 11.23463313526982 0
    endloop
  endfacet
  facet normal 0 0 -1
    outer loop
      vertex 10.33706077539491 10.888859533960796 0
      vertex 0.9427934736519953 1.76384252869671 0
      vertex 10.23615747130329 11.057206526348004 0
    endloop
  endfacet
  facet normal 0 0 -1
    outer loop
      vertex 1.76384252869671 0.9427934736519953 0
      vertex 11.057206526348004 10.23615747130329 0
      vertex 11.23463313526982 10.152240934977426 0
    endloop
  endfacet
  facet normal 0 0 -1
    outer loop
      vertex 1.6629392246050905 1.1111404660392044 0
      vertex 10.888859533960796 10.33706077539491 0
      vertex 11.057206526348004 10.23615747130329 0
    endloop
  endfacet
  facet normal 0 0 -1
    outer loop
      vertex 10.03842943919354 12.390180644032256 0
      vertex 1.9615705608064609 12.390180644032256 0
      vertex 10.086119328535583 12.580569354508924 0
    endloop
  endfacet
  facet normal 0 0 -1
    outer loop
      vertex 10.086119328535583 12.580569354508924 0
      vertex 1.9138806714644176 12.580569354508924 0
      vertex 10.152240934977426 12.76536686473018 0
    endloop
  endfacet
  facet normal 0 0 -1
    outer loop
      vertex 10.152240934977426 12.76536686473018 0
      vertex 1.8477590650225735 12.76536686473018 0
      vertex 10.23615747130329 12.942793473651996 0
    endloop
  endfacet
  facet normal 0 0 -1
    outer loop
      vertex 1.6629392246050905 13.111140466039204 0
      vertex 10.33706077539491 13.111140466039204 0
      vertex 10.23615747130329 12.942793473651996 0
    endloop
  endfacet
  facet normal 0 0 -1
    outer loop
      vertex 1.546020906725474 13.268786568327291 0
      vertex 10.453979093274526 13.268786568327291 0
      vertex 10.33706077539491 13.111140466039204 0
    endloop
  endfacet
  facet normal 0 0 -1
    outer loop
      vertex 1.4142135623730951 13.414213562373096 0
      vertex 10.585786437626904 13.414213562373096 0
      vertex 10.453979093274526 13.268786568327291 0
    endloop
  endfacet
  facet normal 0 0 -1
    outer loop
      vertex 1.268786568327291 13.546020906725474 0
      vertex 10.731213431672709 13.546020906725474 0
      vertex 10.585786437626904 13.414213562373096 0
    endloop
  endfacet
  facet normal 0 0 -1
    outer loop
      vertex 1.1111404660392044 13.66293922460509 0
      vertex 10.888859533960796 13.66293922460509 0
      vertex 10.731213431672709 13.546020906725474 0
    endloop
  endfacet
  facet normal 0 0 -1
    outer loop
      vertex 0.9427934736519953 13.76384252869671 0
      vertex 11.057206526348004 13.76384252869671 0
      vertex 10.888859533960796 13.66293922460509 0
    endloop
  endfacet
  facet normal 0 0 -1
    outer loop
      vertex 0.7653668647301796 13.847759065022574 0
      vertex 11.23463313526982 13.847759065022574 0
      vertex 11.057206526348004 13.76384252869671 0
    endloop
  endfacet
  facet normal 0 0 -1
    outer loop
      vertex 11.23463313526982 1.8477590650225735 0
      vertex 11.23463313526982 10.152240934977426 0
      vertex 11.419430645491076 10.086119328535583 0
    endloop
  endfacet
  facet normal 0 0 -1
    outer loop
      vertex 11.419430645491076 1.9138806714644176 0
      vertex 11.419430645491076 10.086119328535583 0
      vertex 11.609819355967744 10.03842943919354 0
    endloop
  endfacet
  facet normal 0 0 -1
    outer loop
      vertex 11.609819355967744 1.9615705608064609 0
      vertex 11.609819355967744 10.03842943919354 0
      vertex 11.803965719340878 10.009630546655606 0
    endloop
  endfacet
  facet normal 0 0 -1
    outer loop
      vertex 11.803965719340878 1.9903694533443939 0
      vertex 11.803965719340878 10.009630546655606 0
      vertex 12 10 0
    endloop
  endfacet
  facet normal 0 0 -1
    outer loop
      vertex 12 2 0
      vertex 12 10 0
      vertex 12.196034280659122 10.009630546655606 0
    endloop
  endfacet
  facet normal 0 0 -1
    outer loop
      vertex 12.196034280659122 10.009630546655606 0
      vertex 12.390180644032256 10.03842943919354 0
      vertex 12.196034280659122 1.9903694533443939 0
    endloop
  endfacet
  facet normal 0 0 -1
    outer loop
      vertex 12.390180644032256 10.03842943919354 0
      vertex 12.580569354508924 10.086119328535583 0
      vertex 12.390180644032256 1.9615705608064609 0
    endloop
  endfacet
  facet normal 0 0 -1
    outer loop
      vertex 12.580569354508924 10.086119328535583 0
      vertex 12.76536686473018 10.152240934977426 0
      vertex 12.580569354508924 1.9138806714644176 0
    endloop
  endfacet
  facet normal 0 0 -1
    outer loop
      vertex 12.76536686473018 1.8477590650225735 0
      vertex 12.76536686473018 10.152240934977426 0
      vertex 12.942793473651996 10.23615747130329 0
    endloop
  endfacet
  facet normal 0 0 -1
    outer loop
      vertex 12.942793473651996 1.76384252869671 0
      vertex 12.942793473651996 10.23615747130329 0
      vertex 13.111140466039204 10.33706077539491 0
    endloop
  endfacet
  facet normal 0 0 -1
    outer loop
      vertex 13.111140466039204 10.33706077539491 0
      vertex 13.268786568327291 10.453979093274526 0
      vertex 13.111140466039204 1.6629392246050905 0
    endloop
  endfacet
  facet normal 0 0 -1
    outer loop
      vertex 13.268786568327291 1.546020906725474 0
      vertex 13.268786568327291 10.453979093274526 0
      vertex 13.414213562373096 10.585786437626904 0
    endloop
  endfacet
  facet normal 0 0 -1
    outer loop
      vertex 0.3901806440322565 13.96157056080646 0
      vertex 0.1960342806591212 13.990369453344394 0
      vertex 11.609819355967744 13.96157056080646 0
    endloop
  endfacet
  facet normal 0 0 -1
    outer loop
      vertex 0.5805693545089247 13.913880671464417 0
      vertex 0.3901806440322565 13.96157056080646 0
      vertex 11.419430645491076 13.913880671464417 0
    endloop
  endfacet
  facet normal 0 0 -1
    outer loop
      vertex 0.5805693545089247 13.913880671464417 0
      vertex 11.419430645491076 13.913880671464417 0
      vertex 11.23463313526982 13.847759065022574 0
    endloop
  endfacet
  facet normal 0 0 -1
    outer loop
      vertex 0.3901806440322565 13.96157056080646 0
      vertex 11.609819355967744 13.96157056080646 0
      vertex 11.419430645491076 13.913880671464417 0
    endloop
  endfacet
  facet normal 0 0 -1
    outer loop
      vertex 55.5 55.5 0
      vertex -11.057206526348004 13.76384252869671 0
      vertex -11.23463313526982 13.847759065022574 0
    endloop
  endfacet
  facet normal 0 0 -1
    outer loop
      vertex 55.5 55.5 0
      vertex -10.888859533960796 13.66293922460509 0
      vertex -11.057206526348004 13.76384252869671 0
    endloop
  endfacet
  facet normal 0 0 -1
    outer loop
      vertex 55.5 55.5 0
      vertex -10.453979093274526 13.268786568327291 0
      vertex -10.585786437626904 13.414213562373096 0
    endloop
  endfacet
  facet normal 0 0 -1
    outer loop
      vertex 55.5 55.5 0
      vertex -10.585786437626904 13.414213562373096 0
      vertex -10.731213431672709 13.546020906725474 0
    endloop
  endfacet
  facet normal 0 0 -1
    outer loop
      vertex 55.5 55.5 0
      vertex -10.731213431672709 13.546020906725474 0
      vertex -10.888859533960796 13.66293922460509 0
    endloop
  endfacet
  facet normal 0 0 -1
    outer loop
      vertex 55.5 55.5 0
      vertex -1.1111404660392044 13.66293922460509 0
      vertex -10.453979093274526 13.268786568327291 0
    endloop
  endfacet
  facet normal 0 0 -1
    outer loop
      vertex 55.5 55.5 0
      vertex -0.9427934736519953 13.76384252869671 0
      vertex -1.1111404660392044 13.66293922460509 0
    endloop
  endfacet
  facet normal 0 0 -1
    outer loop
      vertex 55.5 55.5 0
      vertex -0.7653668647301796 13.847759065022574 0
      vertex -0.9427934736519953 13.76384252869671 0
    endloop
  endfacet
  facet normal 0 0 -1
    outer loop
      vertex 55.5 55.5 0
      vertex 12.942793473651996 13.76384252869671 0
      vertex 12.76536686473018 13.847759065022574 0
    endloop
  endfacet
  facet normal 0 0 -1
    outer loop
      vertex 55.5 55.5 0
      vertex 13.111140466039204 13.66293922460509 0
      vertex 12.942793473651996 13.76384252869671 0
    endloop
  endfacet
  facet normal 0 0 -1
    outer loop
      vertex 55.5 55.5 0
      vertex 13.268786568327291 13.546020906725474 0
      vertex 13.111140466039204 13.66293922460509 0
    endloop
  endfacet
  facet normal 0 0 -1
    outer loop
      vertex 55.5 55.5 0
      vertex 13.847759065022574 12.76536686473018 0
      vertex 13.76384252869671 12.942793473651996 0
    endloop
  endfacet
  facet normal 0 0 -1
    outer loop
      vertex 55.5 55.5 0
      vertex 13.66293922460509 13.111140466039204 0
      vertex 13.546020906725474 13.268786568327291 0
    endloop
  endfacet
  facet normal 0 0 -1
    outer loop
      vertex 55.5 55.5 0
      vertex 13.76384252869671 12.942793473651996 0
      vertex 13.66293922460509 13.111140466039204 0
    endloop
  endfacet
  facet normal 0 0 -1
    outer loop
      vertex 55.5 55.5 0
      vertex 13.414213562373096 13.414213562373096 0
      vertex 13.268786568327291 13.546020906725474 0
    endloop
  endfacet
  facet normal 0 0 -1
    outer loop
      vertex 55.5 55.5 0
      vertex 13.546020906725474 13.268786568327291 0
      vertex 13.414213562373096 13.414213562373096 0
    endloop
  endfacet
  facet normal 0 0 1
    outer loop
      vertex -0.3901806440322565 10.03842943919354 1.6
      vertex 0.3901806440322565 1.9615705608064609 1.6
      vertex 0.5805693545089247 1.9138806714644176 1.6
    endloop
  endfacet
  facet normal 0 0 1
    outer loop
      vertex -0.3901806440322565 10.03842943919354 1.6
      vertex 0.5805693545089247 1.9138806714644176 1.6
      vertex 0.7653668647301796 1.8477590650225735 1.6
    endloop
  endfacet
  facet normal 0 0 1
    outer loop
      vertex -0.1960342806591212 10.009630546655606 1.6
      vertex -0.3901806440322565 10.03842943919354 1.6
      vertex 10.009630546655606 -0.1960342806591212 1.6
    endloop
  endfacet
  facet normal 0 0 1
    outer loop
      vertex 0 10 1.6
      vertex -0.1960342806591212 10.009630546655606 1.6
      vertex 10 0 1.6
    endloop
  endfacet
  facet normal 0 0 1
    outer loop
      vertex 0.1960342806591212 10.009630546655606 1.6
      vertex 0 10 1.6
      vertex 10.009630546655606 0.1960342806591212 1.6
    endloop
  endfacet
  facet normal 0 0 1
    outer loop
      vertex 10.03842943919354 -0.3901806440322565 1.6
      vertex 1.268786568327291 1.546020906725474 1.6
      vertex 1.4142135623730951 1.4142135623730951 1.6
    endloop
  endfacet
  facet normal 0 0 1
    outer loop
      vertex 10.03842943919354 -0.3901806440322565 1.6
      vertex 1.4142135623730951 1.4142135623730951 1.6
      vertex 1.546020906725474 1.268786568327291 1.6
    endloop
  endfacet
  facet normal 0 0 1
    outer loop
      vertex 10.03842943919354 -0.3901806440322565 1.6
      vertex 0.7653668647301796 1.8477590650225735 1.6
      vertex 0.9427934736519953 1.76384252869671 1.6
    endloop
  endfacet
  facet normal 0 0 1
    outer loop
      vertex 10.03842943919354 -0.3901806440322565 1.6
      vertex 0.9427934736519953 1.76384252869671 1.6
      vertex 1.1111404660392044 1.6629392246050905 1.6
    endloop
  endfacet
  facet normal 0 0 1
    outer loop
      vertex 10.03842943919354 -0.3901806440322565 1.6
      vertex 1.1111404660392044 1.6629392246050905 1.6
      vertex 1.268786568327291 1.546020906725474 1.6
    endloop
  endfacet
  facet normal 0 0 1
    outer loop
      vertex 10.03842943919354 -0.3901806440322565 1.6
      vertex 1.9138806714644176 0.5805693545089247 1.6
      vertex 1.9615705608064609 0.3901806440322565 1.6
    endloop
  endfacet
  facet normal 0 0 1
    outer loop
      vertex 10.03842943919354 -0.3901806440322565 1.6
      vertex 1.8477590650225735 0.7653668647301796 1.6
      vertex 1.9138806714644176 0.5805693545089247 1.6
    endloop
  endfacet
  facet normal 0 0 1
    outer loop
      vertex 10.03842943919354 -0.3901806440322565 1.6
      vertex 1.76384252869671 0.9427934736519953 1.6
      vertex 1.8477590650225735 0.7653668647301796 1.6
    endloop
  endfacet
  facet normal 0 0 1
    outer loop
      vertex 10.03842943919354 -0.3901806440322565 1.6
      vertex 1.6629392246050905 1.1111404660392044 1.6
      vertex 1.76384252869671 0.9427934736519953 1.6
    endloop
  endfacet
  facet normal 0 0 1
    outer loop
      vertex 10.03842943919354 -0.3901806440322565 1.6
      vertex 1.546020906725474 1.268786568327291 1.6
      vertex 1.6629392246050905 1.1111404660392044 1.6
    endloop
  endfacet
  facet normal 0 0 1
    outer loop
      vertex -0.3901806440322565 10.03842943919354 1.6
      vertex 10.03842943919354 -0.3901806440322565 1.6
      vertex 10.009630546655606 -0.1960342806591212 1.6
    endloop
  endfacet
  facet normal 0 0 1
    outer loop
      vertex -0.1960342806591212 10.009630546655606 1.6
      vertex 10.009630546655606 -0.1960342806591212 1.6
      vertex 10 0 1.6
    endloop
  endfacet
  facet normal 0 0 1
    outer loop
      vertex 10.009630546655606 0.1960342806591212 1.6
      vertex 0 10 1.6
      vertex 10 0 1.6
    endloop
  endfacet
  facet normal 0 0 1
    outer loop
      vertex -0.3901806440322565 10.03842943919354 1.6
      vertex 0.7653668647301796 1.8477590650225735 1.6
      vertex 10.03842943919354 -0.3901806440322565 1.6
    endloop
  endfacet
  facet normal 0 0 1
    outer loop
      vertex 0.3901806440322565 10.03842943919354 1.6
      vertex 0.1960342806591212 10.009630546655606 1.6
      vertex 10.03842943919354 0.3901806440322565 1.6
    endloop
  endfacet
  facet normal 0 0 1
    outer loop
      vertex 0.5805693545089247 10.086119328535583 1.6
      vertex 0.3901806440322565 10.03842943919354 1.6
      vertex 10.086119328535583 0.5805693545089247 1.6
    endloop
  endfacet
  facet normal 0 0 1
    outer loop
      vertex 10.03842943919354 0.3901806440322565 1.6
      vertex 0.1960342806591212 10.009630546655606 1.6
      vertex 10.009630546655606 0.1960342806591212 1.6
    endloop
  endfacet
  facet normal 0 0 1
    outer loop
      vertex 10.086119328535583 0.5805693545089247 1.6
      vertex 0.3901806440322565 10.03842943919354 1.6
      vertex 10.03842943919354 0.3901806440322565 1.6
    endloop
  endfacet
  facet normal 0 0 1
    outer loop
      vertex 0.7653668647301796 10.152240934977426 1.6
      vertex 0.5805693545089247 10.086119328535583 1.6
      vertex 10.152240934977426 0.7653668647301796 1.6
    endloop
  endfacet
  facet normal 0 0 1
    outer loop
      vertex 0.9427934736519953 10.23615747130329 1.6
      vertex 0.7653668647301796 10.152240934977426 1.6
      vertex 10.23615747130329 0.9427934736519953 1.6
    endloop
  endfacet
  facet normal 0 0 1
    outer loop
      vertex 1.1111404660392044 10.33706077539491 1.6
      vertex 0.9427934736519953 10.23615747130329 1.6
      vertex 10.33706077539491 1.1111404660392044 1.6
    endloop
  endfacet
  facet normal 0 0 1
    outer loop
      vertex 1.268786568327291 10.453979093274526 1.6
      vertex 1.1111404660392044 10.33706077539491 1.6
      vertex 10.453979093274526 1.268786568327291 1.6
    endloop
  endfacet
  facet normal 0 0 1
    outer loop
      vertex 1.4142135623730951 10.585786437626904 1.6
      vertex 1.268786568327291 10.453979093274526 1.6
      vertex 10.585786437626904 1.4142135623730951 1.6
    endloop
  endfacet
  facet normal 0 0 1
    outer loop
      vertex 1.4142135623730951 10.585786437626904 1.6
      vertex 10.453979093274526 10.731213431672709 1.6
      vertex 1.546020906725474 10.731213431672709 1.6
    endloop
  endfacet
  facet normal 0 0 1
    outer loop
      vertex 1.546020906725474 10.731213431672709 1.6
      vertex 10.33706077539491 10.888859533960796 1.6
      vertex 1.6629392246050905 10.888859533960796 1.6
    endloop
  endfacet
  facet normal 0 0 1
    outer loop
      vertex 1.6629392246050905 10.888859533960796 1.6
      vertex 10.23615747130329 11.057206526348004 1.6
      vertex 1.76384252869671 11.057206526348004 1.6
    endloop
  endfacet
  facet normal 0 0 1
    outer loop
      vertex 1.76384252869671 11.057206526348004 1.6
      vertex 10.152240934977426 11.23463313526982 1.6
      vertex 1.8477590650225735 11.23463313526982 1.6
    endloop
  endfacet
  facet normal 0 0 1
    outer loop
      vertex 1.8477590650225735 11.23463313526982 1.6
      vertex 10.086119328535583 11.419430645491076 1.6
      vertex 1.9138806714644176 11.419430645491076 1.6
    endloop
  endfacet
  facet normal 0 0 1
    outer loop
      vertex 1.9138806714644176 11.419430645491076 1.6
      vertex 10.03842943919354 11.609819355967744 1.6
      vertex 1.9615705608064609 11.609819355967744 1.6
    endloop
  endfacet
  facet normal 0 0 1
    outer loop
      vertex 1.9615705608064609 11.609819355967744 1.6
      vertex 10.009630546655606 11.803965719340878 1.6
      vertex 1.9903694533443939 11.803965719340878 1.6
    endloop
  endfacet
  facet normal 0 0 1
    outer loop
      vertex 1.9903694533443939 11.803965719340878 1.6
      vertex 10 12 1.6
      vertex 2 12 1.6
    endloop
  endfacet
  facet normal 0 0 1
    outer loop
      vertex 2 12 1.6
      vertex 10.009630546655606 12.196034280659122 1.6
      vertex 1.9903694533443939 12.196034280659122 1.6
    endloop
  endfacet
  facet normal 0 0 1
    outer loop
      vertex 1.1111404660392044 13.66293922460509 1.6
      vertex 1.268786568327291 13.546020906725474 1.6
      vertex 10.585786437626904 13.414213562373096 1.6
    endloop
  endfacet
  facet normal 0 0 1
    outer loop
      vertex 1.9903694533443939 12.196034280659122 1.6
      vertex 10.03842943919354 12.390180644032256 1.6
      vertex 1.9615705608064609 12.390180644032256 1.6
    endloop
  endfacet
  facet normal 0 0 1
    outer loop
      vertex 1.9615705608064609 12.390180644032256 1.6
      vertex 10.086119328535583 12.580569354508924 1.6
      vertex 1.9138806714644176 12.580569354508924 1.6
    endloop
  endfacet
  facet normal 0 0 1
    outer loop
      vertex 1.9138806714644176 12.580569354508924 1.6
      vertex 10.152240934977426 12.76536686473018 1.6
      vertex 1.8477590650225735 12.76536686473018 1.6
    endloop
  endfacet
  facet normal 0 0 1
    outer loop
      vertex 1.8477590650225735 12.76536686473018 1.6
      vertex 10.23615747130329 12.942793473651996 1.6
      vertex 1.76384252869671 12.942793473651996 1.6
    endloop
  endfacet
  facet normal 0 0 1
    outer loop
      vertex 1.546020906725474 13.268786568327291 1.6
      vertex 10.585786437626904 13.414213562373096 1.6
      vertex 1.4142135623730951 13.414213562373096 1.6
    endloop
  endfacet
  facet normal 0 0 1
    outer loop
      vertex 1.76384252869671 12.942793473651996 1.6
      vertex 10.33706077539491 13.111140466039204 1.6
      vertex 1.6629392246050905 13.111140466039204 1.6
    endloop
  endfacet
  facet normal 0 0 1
    outer loop
      vertex 1.6629392246050905 13.111140466039204 1.6
      vertex 10.453979093274526 13.268786568327291 1.6
      vertex 1.546020906725474 13.268786568327291 1.6
    endloop
  endfacet
  facet normal 0 0 1
    outer loop
      vertex 1.268786568327291 13.546020906725474 1.6
      vertex 1.4142135623730951 13.414213562373096 1.6
      vertex 10.585786437626904 13.414213562373096 1.6
    endloop
  endfacet
  facet normal 0 0 1
    outer loop
      vertex 10.152240934977426 0.7653668647301796 1.6
      vertex 0.5805693545089247 10.086119328535583 1.6
      vertex 10.086119328535583 0.5805693545089247 1.6
    endloop
  endfacet
  facet normal 0 0 1
    outer loop
      vertex 10.23615747130329 0.9427934736519953 1.6
      vertex 0.7653668647301796 10.152240934977426 1.6
      vertex 10.152240934977426 0.7653668647301796 1.6
    endloop
  endfacet
  facet normal 0 0 1
    outer loop
      vertex 10.33706077539491 1.1111404660392044 1.6
      vertex 0.9427934736519953 10.23615747130329 1.6
      vertex 10.23615747130329 0.9427934736519953 1.6
    endloop
  endfacet
  facet normal 0 0 1
    outer loop
      vertex 10.453979093274526 1.268786568327291 1.6
      vertex 1.1111404660392044 10.33706077539491 1.6
      vertex 10.33706077539491 1.1111404660392044 1.6
    endloop
  endfacet
  facet normal 0 0 1
    outer loop
      vertex 10.585786437626904 1.4142135623730951 1.6
      vertex 1.268786568327291 10.453979093274526 1.6
      vertex 10.453979093274526 1.268786568327291 1.6
    endloop
  endfacet
  facet normal 0 0 1
    outer loop
      vertex 1.4142135623730951 10.585786437626904 1.6
      vertex 10.585786437626904 1.4142135623730951 1.6
      vertex 10.731213431672709 1.546020906725474 1.6
    endloop
  endfacet
  facet normal 0 0 1
    outer loop
      vertex 10.731213431672709 1.546020906725474 1.6
      vertex 10.888859533960796 1.6629392246050905 1.6
      vertex 10.731213431672709 10.453979093274526 1.6
    endloop
  endfacet
  facet normal 0 0 1
    outer loop
      vertex 10.888859533960796 1.6629392246050905 1.6
      vertex 11.057206526348004 1.76384252869671 1.6
      vertex 10.888859533960796 10.33706077539491 1.6
    endloop
  endfacet
  facet normal 0 0 1
    outer loop
      vertex 11.057206526348004 1.76384252869671 1.6
      vertex 11.23463313526982 1.8477590650225735 1.6
      vertex 11.057206526348004 10.23615747130329 1.6
    endloop
  endfacet
  facet normal 0 0 1
    outer loop
      vertex 11.23463313526982 1.8477590650225735 1.6
      vertex 11.419430645491076 1.9138806714644176 1.6
      vertex 11.23463313526982 10.152240934977426 1.6
    endloop
  endfacet
  facet normal 0 0 1
    outer loop
      vertex 11.419430645491076 1.9138806714644176 1.6
      vertex 11.609819355967744 1.9615705608064609 1.6
      vertex 11.419430645491076 10.086119328535583 1.6
    endloop
  endfacet
  facet normal 0 0 1
    outer loop
      vertex 11.609819355967744 1.9615705608064609 1.6
      vertex 11.803965719340878 1.9903694533443939 1.6
      vertex 11.609819355967744 10.03842943919354 1.6
    endloop
  endfacet
  facet normal 0 0 1
    outer loop
      vertex 11.803965719340878 1.9903694533443939 1.6
      vertex 12 2 1.6
      vertex 11.803965719340878 10.009630546655606 1.6
    endloop
  endfacet
  facet normal 0 0 1
    outer loop
      vertex 12 2 1.6
      vertex 12.196034280659122 1.9903694533443939 1.6
      vertex 12 10 1.6
    endloop
  endfacet
  facet normal 0 0 1
    outer loop
      vertex 12.196034280659122 1.9903694533443939 1.6
      vertex 12.390180644032256 1.9615705608064609 1.6
      vertex 12.196034280659122 10.009630546655606 1.6
    endloop
  endfacet
  facet normal 0 0 1
    outer loop
      vertex 12.390180644032256 1.9615705608064609 1.6
      vertex 12.580569354508924 1.9138806714644176 1.6
      vertex 12.390180644032256 10.03842943919354 1.6
    endloop
  endfacet
  facet normal 0 0 1
    outer loop
      vertex 12.580569354508924 1.9138806714644176 1.6
      vertex 12.76536686473018 1.8477590650225735 1.6
      vertex 12.580569354508924 10.086119328535583 1.6
    endloop
  endfacet
  facet normal 0 0 1
    outer loop
      vertex 12.76536686473018 1.8477590650225735 1.6
      vertex 12.942793473651996 1.76384252869671 1.6
      vertex 12.76536686473018 10.152240934977426 1.6
    endloop
  endfacet
  facet normal 0 0 1
    outer loop
      vertex 12.942793473651996 1.76384252869671 1.6
      vertex 13.111140466039204 1.6629392246050905 1.6
      vertex 12.942793473651996 10.23615747130329 1.6
    endloop
  endfacet
  facet normal 0 0 1
    outer loop
      vertex 13.76384252869671 0.9427934736519953 1.6
      vertex 13.66293922460509 10.888859533960796 1.6
      vertex 13.66293922460509 1.1111404660392044 1.6
    endloop
  endfacet
  facet normal 0 0 1
    outer loop
      vertex 13.913880671464417 0.5805693545089247 1.6
      vertex 13.847759065022574 11.23463313526982 1.6
      vertex 13.847759065022574 0.7653668647301796 1.6
    endloop
  endfacet
  facet normal 0 0 1
    outer loop
      vertex 13.847759065022574 0.7653668647301796 1.6
      vertex 13.76384252869671 11.057206526348004 1.6
      vertex 13.76384252869671 0.9427934736519953 1.6
    endloop
  endfacet
  facet normal 0 0 1
    outer loop
      vertex 13.111140466039204 1.6629392246050905 1.6
      vertex 13.268786568327291 1.546020906725474 1.6
      vertex 13.111140466039204 10.33706077539491 1.6
    endloop
  endfacet
  facet normal 0 0 1
    outer loop
      vertex 13.268786568327291 1.546020906725474 1.6
      vertex 13.414213562373096 1.4142135623730951 1.6
      vertex 13.268786568327291 10.453979093274526 1.6
    endloop
  endfacet
  facet normal 0 0 1
    outer loop
      vertex 13.546020906725474 1.268786568327291 1.6
      vertex 13.414213562373096 10.585786437626904 1.6
      vertex 13.414213562373096 1.4142135623730951 1.6
    endloop
  endfacet
  facet normal 0 0 1
    outer loop
      vertex 13.66293922460509 1.1111404660392044 1.6
      vertex 13.546020906725474 10.731213431672709 1.6
      vertex 13.546020906725474 1.268786568327291 1.6
    endloop
  endfacet
  facet normal 0 0 1
    outer loop
      vertex 1.4142135623730951 10.585786437626904 1.6
      vertex 10.731213431672709 1.546020906725474 1.6
      vertex 10.585786437626904 10.585786437626904 1.6
    endloop
  endfacet
  facet normal 0 0 1
    outer loop
      vertex 1.546020906725474 10.731213431672709 1.6
      vertex 10.453979093274526 10.731213431672709 1.6
      vertex 10.33706077539491 10.888859533960796 1.6
    endloop
  endfacet
  facet normal 0 0 1
    outer loop
      vertex 1.4142135623730951 10.585786437626904 1.6
      vertex 10.585786437626904 10.585786437626904 1.6
      vertex 10.453979093274526 10.731213431672709 1.6
    endloop
  endfacet
  facet normal 0 0 1
    outer loop
      vertex 1.6629392246050905 10.888859533960796 1.6
      vertex 10.33706077539491 10.888859533960796 1.6
      vertex 10.23615747130329 11.057206526348004 1.6
    endloop
  endfacet
  facet normal 0 0 1
    outer loop
      vertex 1.76384252869671 11.057206526348004 1.6
      vertex 10.23615747130329 11.057206526348004 1.6
      vertex 10.152240934977426 11.23463313526982 1.6
    endloop
  endfacet
  facet normal 0 0 1
    outer loop
      vertex 1.8477590650225735 11.23463313526982 1.6
      vertex 10.152240934977426 11.23463313526982 1.6
      vertex 10.086119328535583 11.419430645491076 1.6
    endloop
  endfacet
  facet normal 0 0 1
    outer loop
      vertex 1.9138806714644176 11.419430645491076 1.6
      vertex 10.086119328535583 11.419430645491076 1.6
      vertex 10.03842943919354 11.609819355967744 1.6
    endloop
  endfacet
  facet normal 0 0 1
    outer loop
      vertex 1.9615705608064609 11.609819355967744 1.6
      vertex 10.03842943919354 11.609819355967744 1.6
      vertex 10.009630546655606 11.803965719340878 1.6
    endloop
  endfacet
  facet normal 0 0 1
    outer loop
      vertex 1.9903694533443939 11.803965719340878 1.6
      vertex 10.009630546655606 11.803965719340878 1.6
      vertex 10 12 1.6
    endloop
  endfacet
  facet normal 0 0 1
    outer loop
      vertex 10.009630546655606 12.196034280659122 1.6
      vertex 2 12 1.6
      vertex 10 12 1.6
    endloop
  endfacet
  facet normal 0 0 1
    outer loop
      vertex 10.03842943919354 12.390180644032256 1.6
      vertex 1.9903694533443939 12.196034280659122 1.6
      vertex 10.009630546655606 12.196034280659122 1.6
    endloop
  endfacet
  facet normal 0 0 1
    outer loop
      vertex 10.086119328535583 12.580569354508924 1.6
      vertex 1.9615705608064609 12.390180644032256 1.6
      vertex 10.03842943919354 12.390180644032256 1.6
    endloop
  endfacet
  facet normal 0 0 1
    outer loop
      vertex 10.152240934977426 12.76536686473018 1.6
      vertex 1.9138806714644176 12.580569354508924 1.6
      vertex 10.086119328535583 12.580569354508924 1.6
    endloop
  endfacet
  facet normal 0 0 1
    outer loop
      vertex 10.23615747130329 12.942793473651996 1.6
      vertex 1.8477590650225735 12.76536686473018 1.6
      vertex 10.152240934977426 12.76536686473018 1.6
    endloop
  endfacet
  facet normal 0 0 1
    outer loop
      vertex 1.76384252869671 12.942793473651996 1.6
      vertex 10.23615747130329 12.942793473651996 1.6
      vertex 10.33706077539491 13.111140466039204 1.6
    endloop
  endfacet
  facet normal 0 0 1
    outer loop
      vertex 10.453979093274526 13.268786568327291 1.6
      vertex 1.6629392246050905 13.111140466039204 1.6
      vertex 10.33706077539491 13.111140466039204 1.6
    endloop
  endfacet
  facet normal 0 0 1
    outer loop
      vertex 1.546020906725474 13.268786568327291 1.6
      vertex 10.453979093274526 13.268786568327291 1.6
      vertex 10.585786437626904 13.414213562373096 1.6
    endloop
  endfacet
  facet normal 0 0 1
    outer loop
      vertex 10.731213431672709 1.546020906725474 1.6
      vertex 10.731213431672709 10.453979093274526 1.6
      vertex 10.585786437626904 10.585786437626904 1.6
    endloop
  endfacet
  facet normal 0 0 1
    outer loop
      vertex 10.888859533960796 10.33706077539491 1.6
      vertex 10.731213431672709 10.453979093274526 1.6
      vertex 10.888859533960796 1.6629392246050905 1.6
    endloop
  endfacet
  facet normal 0 0 1
    outer loop
      vertex 11.057206526348004 1.76384252869671 1.6
      vertex 11.057206526348004 10.23615747130329 1.6
      vertex 10.888859533960796 10.33706077539491 1.6
    endloop
  endfacet
  facet normal 0 0 1
    outer loop
      vertex 11.23463313526982 1.8477590650225735 1.6
      vertex 11.23463313526982 10.152240934977426 1.6
      vertex 11.057206526348004 10.23615747130329 1.6
    endloop
  endfacet
  facet normal 0 0 1
    outer loop
      vertex 11.609819355967744 10.03842943919354 1.6
      vertex 11.419430645491076 10.086119328535583 1.6
      vertex 11.609819355967744 1.9615705608064609 1.6
    endloop
  endfacet
  facet normal 0 0 1
    outer loop
      vertex 11.419430645491076 10.086119328535583 1.6
      vertex 11.23463313526982 10.152240934977426 1.6
      vertex 11.419430645491076 1.9138806714644176 1.6
    endloop
  endfacet
  facet normal 0 0 1
    outer loop
      vertex 11.803965719340878 10.009630546655606 1.6
      vertex 11.609819355967744 10.03842943919354 1.6
      vertex 11.803965719340878 1.9903694533443939 1.6
    endloop
  endfacet
  facet normal 0 0 1
    outer loop
      vertex 12 2 1.6
      vertex 12 10 1.6
      vertex 11.803965719340878 10.009630546655606 1.6
    endloop
  endfacet
  facet normal 0 0 1
    outer loop
      vertex 12.196034280659122 1.9903694533443939 1.6
      vertex 12.196034280659122 10.009630546655606 1.6
      vertex 12 10 1.6
    endloop
  endfacet
  facet normal 0 0 1
    outer loop
      vertex 12.390180644032256 1.9615705608064609 1.6
      vertex 12.390180644032256 10.03842943919354 1.6
      vertex 12.196034280659122 10.009630546655606 1.6
    endloop
  endfacet
  facet normal 0 0 1
    outer loop
      vertex 12.580569354508924 1.9138806714644176 1.6
      vertex 12.580569354508924 10.086119328535583 1.6
      vertex 12.390180644032256 10.03842943919354 1.6
    endloop
  endfacet
  facet normal 0 0 1
    outer loop
      vertex 12.76536686473018 1.8477590650225735 1.6
      vertex 12.76536686473018 10.152240934977426 1.6
      vertex 12.580569354508924 10.086119328535583 1.6
    endloop
  endfacet
  facet normal 0 0 1
    outer loop
      vertex 12.942793473651996 1.76384252869671 1.6
      vertex 12.942793473651996 10.23615747130329 1.6
      vertex 12.76536686473018 10.152240934977426 1.6
    endloop
  endfacet
  facet normal 0 0 1
    outer loop
      vertex 13.111140466039204 1.6629392246050905 1.6
      vertex 13.111140466039204 10.33706077539491 1.6
      vertex 12.942793473651996 10.23615747130329 1.6
    endloop
  endfacet
  facet normal 0 0 1
    outer loop
      vertex 13.268786568327291 1.546020906725474 1.6
      vertex 13.268786568327291 10.453979093274526 1.6
      vertex 13.111140466039204 10.33706077539491 1.6
    endloop
  endfacet
  facet normal 0 0 1
    outer loop
      vertex 13.414213562373096 10.585786437626904 1.6
      vertex 13.268786568327291 10.453979093274526 1.6
      vertex 13.414213562373096 1.4142135623730951 1.6
    endloop
  endfacet
  facet normal 0 0 1
    outer loop
      vertex 13.546020906725474 1.268786568327291 1.6
      vertex 13.546020906725474 10.731213431672709 1.6
      vertex 13.414213562373096 10.585786437626904 1.6
    endloop
  endfacet
  facet normal 0 0 1
    outer loop
      vertex 13.66293922460509 1.1111404660392044 1.6
      vertex 13.66293922460509 10.888859533960796 1.6
      vertex 13.546020906725474 10.731213431672709 1.6
    endloop
  endfacet
  facet normal 0 0 1
    outer loop
      vertex 13.76384252869671 0.9427934736519953 1.6
      vertex 13.76384252869671 11.057206526348004 1.6
      vertex 13.66293922460509 10.888859533960796 1.6
    endloop
  endfacet
  facet normal 0 0 1
    outer loop
      vertex 13.847759065022574 0.7653668647301796 1.6
      vertex 13.847759065022574 11.23463313526982 1.6
      vertex 13.76384252869671 11.057206526348004 1.6
    endloop
  endfacet
  facet normal 0 0 1
    outer loop
      vertex 13.990369453344394 0.1960342806591212 1.6
      vertex 13.96157056080646 11.609819355967744 1.6
      vertex 13.96157056080646 0.3901806440322565 1.6
    endloop
  endfacet
  facet normal 0 0 1
    outer loop
      vertex 14 0 1.6
      vertex 13.990369453344394 11.803965719340878 1.6
      vertex 13.990369453344394 0.1960342806591212 1.6
    endloop
  endfacet
  facet normal 0 0 1
    outer loop
      vertex 13.96157056080646 0.3901806440322565 1.6
      vertex 13.913880671464417 11.419430645491076 1.6
      vertex 13.913880671464417 0.5805693545089247 1.6
    endloop
  endfacet
  facet normal 0 0 1
    outer loop
      vertex 13.913880671464417 0.5805693545089247 1.6
      vertex 13.913880671464417 11.419430645491076 1.6
      vertex 13.847759065022574 11.23463313526982 1.6
    endloop
  endfacet
  facet normal 0 0 1
    outer loop
      vertex 13.990369453344394 0.1960342806591212 1.6
      vertex 13.990369453344394 11.803965719340878 1.6
      vertex 13.96157056080646 11.609819355967744 1.6
    endloop
  endfacet
  facet normal 0 0 1
    outer loop
      vertex 13.96157056080646 0.3901806440322565 1.6
      vertex 13.96157056080646 11.609819355967744 1.6
      vertex 13.913880671464417 11.419430645491076 1.6
    endloop
  endfacet
  facet normal 0 0 1
    outer loop
      vertex 14 0 1.6
      vertex 14 12 1.6
      vertex 13.990369453344394 11.803965719340878 1.6
    endloop
  endfacet
  facet normal 0 0 1
    outer loop
      vertex 51.8 51.8 1.6
      vertex 14 12 1.6
      vertex 14 0 1.6
    endloop
  endfacet
  facet normal 0 0 1
    outer loop
      vertex 51.8 51.8 1.6
      vertex 12 14 1.6
      vertex 12.196034280659122 13.990369453344394 1.6
    endloop
  endfacet
  facet normal 0 0 1
    outer loop
      vertex 51.8 51.8 1.6
      vertex 12.196034280659122 13.990369453344394 1.6
      vertex 12.390180644032256 13.96157056080646 1.6
    endloop
  endfacet
  facet normal 0 0 1
    outer loop
      vertex 51.8 51.8 1.6
      vertex 12.942793473651996 13.76384252869671 1.6
      vertex 13.111140466039204 13.66293922460509 1.6
    endloop
  endfacet
  facet normal 0 0 1
    outer loop
      vertex 51.8 51.8 1.6
      vertex 12.390180644032256 13.96157056080646 1.6
      vertex 12.580569354508924 13.913880671464417 1.6
    endloop
  endfacet
  facet normal 0 0 1
    outer loop
      vertex 51.8 51.8 1.6
      vertex 12.580569354508924 13.913880671464417 1.6
      vertex 12.76536686473018 13.847759065022574 1.6
    endloop
  endfacet
  facet normal 0 0 1
    outer loop
      vertex 51.8 51.8 1.6
      vertex 12.76536686473018 13.847759065022574 1.6
      vertex 12.942793473651996 13.76384252869671 1.6
    endloop
  endfacet
  facet normal 0 0 1
    outer loop
      vertex 51.8 51.8 1.6
      vertex 13.66293922460509 13.111140466039204 1.6
      vertex 13.76384252869671 12.942793473651996 1.6
    endloop
  endfacet
  facet normal 0 0 1
    outer loop
      vertex 51.8 51.8 1.6
      vertex 13.990369453344394 12.196034280659122 1.6
      vertex 14 12 1.6
    endloop
  endfacet
  facet normal 0 0 1
    outer loop
      vertex 51.8 51.8 1.6
      vertex 13.96157056080646 12.390180644032256 1.6
      vertex 13.990369453344394 12.196034280659122 1.6
    endloop
  endfacet
  facet normal 0 0 1
    outer loop
      vertex 51.8 51.8 1.6
      vertex 13.847759065022574 12.76536686473018 1.6
      vertex 13.913880671464417 12.580569354508924 1.6
    endloop
  endfacet
  facet normal 0 0 1
    outer loop
      vertex 51.8 51.8 1.6
      vertex 13.913880671464417 12.580569354508924 1.6
      vertex 13.96157056080646 12.390180644032256 1.6
    endloop
  endfacet
  facet normal 0 0 1
    outer loop
      vertex 51.8 51.8 1.6
      vertex 13.76384252869671 12.942793473651996 1.6
      vertex 13.847759065022574 12.76536686473018 1.6
    endloop
  endfacet
  facet normal 0 0 1
    outer loop
      vertex 51.8 51.8 1.6
      vertex 13.111140466039204 13.66293922460509 1.6
      vertex 13.268786568327291 13.546020906725474 1.6
    endloop
  endfacet
  facet normal 0 0 1
    outer loop
      vertex 51.8 51.8 1.6
      vertex 13.268786568327291 13.546020906725474 1.6
      vertex 13.414213562373096 13.414213562373096 1.6
    endloop
  endfacet
  facet normal 0 0 1
    outer loop
      vertex 51.8 51.8 1.6
      vertex 13.546020906725474 13.268786568327291 1.6
      vertex 13.66293922460509 13.111140466039204 1.6
    endloop
  endfacet
  facet normal 0 0 1
    outer loop
      vertex 51.8 51.8 1.6
      vertex 13.414213562373096 13.414213562373096 1.6
      vertex 13.546020906725474 13.268786568327291 1.6
    endloop
  endfacet
  facet normal 0 0 -1
    outer loop
      vertex 55.5 55.5 0
      vertex -12 14 0
      vertex -12.196034280659122 13.990369453344394 0
    endloop
  endfacet
  facet normal 0 0 -1
    outer loop
      vertex 55.5 55.5 0
      vertex -11.803965719340878 13.990369453344394 0
      vertex -12 14 0
    endloop
  endfacet
  facet normal 0 0 -1
    outer loop
      vertex 55.5 55.5 0
      vertex -11.609819355967744 13.96157056080646 0
      vertex -11.803965719340878 13.990369453344394 0
    endloop
  endfacet
  facet normal 0 0 -1
    outer loop
      vertex 55.5 55.5 0
      vertex -11.419430645491076 13.913880671464417 0
      vertex -11.609819355967744 13.96157056080646 0
    endloop
  endfacet
  facet normal 0 0 -1
    outer loop
      vertex 55.5 55.5 0
      vertex -11.23463313526982 13.847759065022574 0
      vertex -11.419430645491076 13.913880671464417 0
    endloop
  endfacet
  facet normal 0 0 -1
    outer loop
      vertex 55.5 55.5 0
      vertex -0.5805693545089247 13.913880671464417 0
      vertex -0.7653668647301796 13.847759065022574 0
    endloop
  endfacet
  facet normal 0 0 -1
    outer loop
      vertex 55.5 55.5 0
      vertex -0.3901806440322565 13.96157056080646 0
      vertex -0.5805693545089247 13.913880671464417 0
    endloop
  endfacet
  facet normal 0 0 -1
    outer loop
      vertex 55.5 55.5 0
      vertex -0.1960342806591212 13.990369453344394 0
      vertex -0.3901806440322565 13.96157056080646 0
    endloop
  endfacet
  facet normal 0 0 -1
    outer loop
      vertex 55.5 55.5 0
      vertex 0 14 0
      vertex -0.1960342806591212 13.990369453344394 0
    endloop
  endfacet
  facet normal 0 0 -1
    outer loop
      vertex 55.5 55.5 0
      vertex 0.1960342806591212 13.990369453344394 0
      vertex 0 14 0
    endloop
  endfacet
  facet normal 0 0 -1
    outer loop
      vertex 55.5 55.5 0
      vertex 11.609819355967744 13.96157056080646 0
      vertex 0.1960342806591212 13.990369453344394 0
    endloop
  endfacet
  facet normal 0 0 -1
    outer loop
      vertex 55.5 55.5 0
      vertex 11.803965719340878 13.990369453344394 0
      vertex 11.609819355967744 13.96157056080646 0
    endloop
  endfacet
  facet normal 0 0 -1
    outer loop
      vertex 55.5 55.5 0
      vertex 12 14 0
      vertex 11.803965719340878 13.990369453344394 0
    endloop
  endfacet
  facet normal 0 0 -1
    outer loop
      vertex 55.5 55.5 0
      vertex 12.196034280659122 13.990369453344394 0
      vertex 12 14 0
    endloop
  endfacet
  facet normal 0 0 -1
    outer loop
      vertex 55.5 55.5 0
      vertex 12.390180644032256 13.96157056080646 0
      vertex 12.196034280659122 13.990369453344394 0
    endloop
  endfacet
  facet normal 0 0 -1
    outer loop
      vertex 55.5 55.5 0
      vertex 12.580569354508924 13.913880671464417 0
      vertex 12.390180644032256 13.96157056080646 0
    endloop
  endfacet
  facet normal 0 0 -1
    outer loop
      vertex 55.5 55.5 0
      vertex 12.76536686473018 13.847759065022574 0
      vertex 12.580569354508924 13.913880671464417 0
    endloop
  endfacet
  facet normal 0 1 0
    outer loop
      vertex -55.5 55.5 1.6
      vertex 55.5 55.5 1.6
      vertex 55.5 55.5 0
    endloop
  endfacet
  facet normal 0 0 1
    outer loop
      vertex -51.8 51.8 1.6
      vertex 12 14 1.6
      vertex 51.8 51.8 1.6
    endloop
  endfacet
  facet normal 0 0 1
    outer loop
      vertex -53.4 53.4 1.6
      vertex 53.4 53.4 1.6
      vertex 55.5 55.5 1.6
    endloop
  endfacet
  facet normal 0 0 -1
    outer loop
      vertex 55.5 55.5 0
      vertex 13.990369453344394 12.196034280659122 0
      vertex 13.96157056080646 12.390180644032256 0
    endloop
  endfacet
  facet normal 0 0 -1
    outer loop
      vertex 55.5 55.5 0
      vertex 13.96157056080646 12.390180644032256 0
      vertex 13.913880671464417 12.580569354508924 0
    endloop
  endfacet
  facet normal 0 0 -1
    outer loop
      vertex 55.5 55.5 0
      vertex 13.913880671464417 12.580569354508924 0
      vertex 13.847759065022574 12.76536686473018 0
    endloop
  endfacet
  facet normal 0 0 -1
    outer loop
      vertex 55.5 -55.5 0
      vertex 13.990369453344394 12.196034280659122 0
      vertex 55.5 55.5 0
    endloop
  endfacet
  facet normal 1 0 0
    outer loop
      vertex 55.5 -55.5 1.6
      vertex 55.5 55.5 0
      vertex 55.5 55.5 1.6
    endloop
  endfacet
  facet normal 0 0 1
    outer loop
      vertex 51.8 -51.8 1.6
      vertex 51.8 51.8 1.6
      vertex 14 0 1.6
    endloop
  endfacet
  facet normal 0 0 1
    outer loop
      vertex 53.4 -53.4 1.6
      vertex 55.5 55.5 1.6
      vertex 53.4 53.4 1.6
    endloop
  endfacet
  facet normal 0.9415440651830225 0.33688985339221533 0
    outer loop
      vertex -13.913880671464417 -12.580569354508924 1.6
      vertex -13.847759065022574 -12.76536686473018 0
      vertex -13.913880671464417 -12.580569354508924 0
    endloop
  endfacet
  facet normal 0.9700312531945434 0.24298017990326629 0
    outer loop
      vertex -13.96157056080646 -12.390180644032256 1.6
      vertex -13.913880671464417 -12.580569354508924 0
      vertex -13.96157056080646 -12.390180644032256 0
    endloop
  endfacet
  facet normal 0.9891765099647805 0.14673047445536544 0
    outer loop
      vertex -13.990369453344394 -12.196034280659122 1.6
      vertex -13.96157056080646 -12.390180644032256 0
      vertex -13.990369453344394 -12.196034280659122 0
    endloop
  endfacet
  facet normal 0.9987954562051726 0.049067674327415184 0
    outer loop
      vertex -14 -12 1.6
      vertex -13.990369453344394 -12.196034280659122 0
      vertex -14 -12 0
    endloop
  endfacet
  facet normal 0.9987954562051726 -0.049067674327415184 0
    outer loop
      vertex -13.990369453344394 -11.803965719340878 1.6
      vertex -14 -12 0
      vertex -13.990369453344394 -11.803965719340878 0
    endloop
  endfacet
  facet normal 0.9891765099647805 -0.14673047445536544 0
    outer loop
      vertex -13.96157056080646 -11.609819355967744 1.6
      vertex -13.990369453344394 -11.803965719340878 0
      vertex -13.96157056080646 -11.609819355967744 0
    endloop
  endfacet
  facet normal 0.9700312531945434 -0.24298017990326629 0
    outer loop
      vertex -13.913880671464417 -11.419430645491076 1.6
      vertex -13.96157056080646 -11.609819355967744 0
      vertex -13.913880671464417 -11.419430645491076 0
    endloop
  endfacet
  facet normal 0.9700312531945434 0.24298017990326629 0
    outer loop
      vertex -13.96157056080646 -12.390180644032256 1.6
      vertex -13.913880671464417 -12.580569354508924 1.6
      vertex -13.913880671464417 -12.580569354508924 0
    endloop
  endfacet
  facet normal 0.9891765099647805 0.14673047445536544 0
    outer loop
      vertex -13.990369453344394 -12.196034280659122 1.6
      vertex -13.96157056080646 -12.390180644032256 1.6
      vertex -13.96157056080646 -12.390180644032256 0
    endloop
  endfacet
  facet normal 0.9987954562051726 0.049067674327415184 0
    outer loop
      vertex -14 -12 1.6
      vertex -13.990369453344394 -12.196034280659122 1.6
      vertex -13.990369453344394 -12.196034280659122 0
    endloop
  endfacet
  facet normal 0.9987954562051726 -0.049067674327415184 0
    outer loop
      vertex -13.990369453344394 -11.803965719340878 1.6
      vertex -14 -12 1.6
      vertex -14 -12 0
    endloop
  endfacet
  facet normal 0.9891765099647805 -0.14673047445536544 0
    outer loop
      vertex -13.96157056080646 -11.609819355967744 1.6
      vertex -13.990369453344394 -11.803965719340878 1.6
      vertex -13.990369453344394 -11.803965719340878 0
    endloop
  endfacet
  facet normal 0.9700312531945434 -0.24298017990326629 0
    outer loop
      vertex -13.913880671464417 -11.419430645491076 1.6
      vertex -13.96157056080646 -11.609819355967744 1.6
      vertex -13.96157056080646 -11.609819355967744 0
    endloop
  endfacet
  facet normal 0.9415440651830225 -0.33688985339221533 0
    outer loop
      vertex -13.847759065022574 -11.23463313526982 1.6
      vertex -13.913880671464417 -11.419430645491076 1.6
      vertex -13.913880671464417 -11.419430645491076 0
    endloop
  endfacet
  facet normal 0.24298017990326629 0.9700312531945434 0
    outer loop
      vertex -12.580569354508924 -13.913880671464417 1.6
      vertex -12.390180644032256 -13.96157056080646 0
      vertex -12.580569354508924 -13.913880671464417 0
    endloop
  endfacet
  facet normal 0.14673047445536544 0.9891765099647805 0
    outer loop
      vertex -12.390180644032256 -13.96157056080646 1.6
      vertex -12.196034280659122 -13.990369453344394 0
      vertex -12.390180644032256 -13.96157056080646 0
    endloop
  endfacet
  facet normal 0.049067674327415184 0.9987954562051726 0
    outer loop
      vertex -12.196034280659122 -13.990369453344394 1.6
      vertex -12 -14 0
      vertex -12.196034280659122 -13.990369453344394 0
    endloop
  endfacet
  facet normal -0.049067674327415184 0.9987954562051726 0
    outer loop
      vertex -12 -14 1.6
      vertex -11.803965719340878 -13.990369453344394 0
      vertex -12 -14 0
    endloop
  endfacet
  facet normal -0.14673047445536544 0.9891765099647805 0
    outer loop
      vertex -11.803965719340878 -13.990369453344394 1.6
      vertex -11.609819355967744 -13.96157056080646 0
      vertex -11.803965719340878 -13.990369453344394 0
    endloop
  endfacet
  facet normal -0.24298017990326629 0.9700312531945434 0
    outer loop
      vertex -11.609819355967744 -13.96157056080646 1.6
      vertex -11.419430645491076 -13.913880671464417 0
      vertex -11.609819355967744 -13.96157056080646 0
    endloop
  endfacet
  facet normal -0.33688985339221533 0.9415440651830225 0
    outer loop
      vertex -11.419430645491076 -13.913880671464417 1.6
      vertex -11.23463313526982 -13.847759065022574 0
      vertex -11.419430645491076 -13.913880671464417 0
    endloop
  endfacet
  facet normal 0.33688985339221533 0.9415440651830225 0
    outer loop
      vertex -12.580569354508924 -13.913880671464417 1.6
      vertex -12.580569354508924 -13.913880671464417 0
      vertex -12.76536686473018 -13.847759065022574 1.6
    endloop
  endfacet
  facet normal 0.24298017990326629 0.9700312531945434 0
    outer loop
      vertex -12.390180644032256 -13.96157056080646 1.6
      vertex -12.390180644032256 -13.96157056080646 0
      vertex -12.580569354508924 -13.913880671464417 1.6
    endloop
  endfacet
  facet normal 0.14673047445536544 0.9891765099647805 0
    outer loop
      vertex -12.196034280659122 -13.990369453344394 1.6
      vertex -12.196034280659122 -13.990369453344394 0
      vertex -12.390180644032256 -13.96157056080646 1.6
    endloop
  endfacet
  facet normal 0.049067674327415184 0.9987954562051726 0
    outer loop
      vertex -12 -14 1.6
      vertex -12 -14 0
      vertex -12.196034280659122 -13.990369453344394 1.6
    endloop
  endfacet
  facet normal -0.049067674327415184 0.9987954562051726 0
    outer loop
      vertex -11.803965719340878 -13.990369453344394 1.6
      vertex -11.803965719340878 -13.990369453344394 0
      vertex -12 -14 1.6
    endloop
  endfacet
  facet normal -0.14673047445536544 0.9891765099647805 0
    outer loop
      vertex -11.609819355967744 -13.96157056080646 1.6
      vertex -11.609819355967744 -13.96157056080646 0
      vertex -11.803965719340878 -13.990369453344394 1.6
    endloop
  endfacet
  facet normal -0.24298017990326629 0.9700312531945434 0
    outer loop
      vertex -11.419430645491076 -13.913880671464417 1.6
      vertex -11.419430645491076 -13.913880671464417 0
      vertex -11.609819355967744 -13.96157056080646 1.6
    endloop
  endfacet
  facet normal 0.7409511253549622 0.671558954847015 0
    outer loop
      vertex -13.546020906725474 -13.268786568327291 1.6
      vertex -13.414213562373096 -13.414213562373096 0
      vertex -13.546020906725474 -13.268786568327291 0
    endloop
  endfacet
  facet normal 0.803207531480647 0.5956993044924305 0
    outer loop
      vertex -13.66293922460509 -13.111140466039204 1.6
      vertex -13.546020906725474 -13.268786568327291 0
      vertex -13.66293922460509 -13.111140466039204 0
    endloop
  endfacet
  facet normal 0.671558954847015 0.7409511253549622 0
    outer loop
      vertex -13.414213562373096 -13.414213562373096 1.6
      vertex -13.268786568327291 -13.546020906725474 0
      vertex -13.414213562373096 -13.414213562373096 0
    endloop
  endfacet
  facet normal 0.5141027441932249 0.8577286100002701 0
    outer loop
      vertex -13.111140466039204 -13.66293922460509 1.6
      vertex -12.942793473651996 -13.76384252869671 0
      vertex -13.111140466039204 -13.66293922460509 0
    endloop
  endfacet
  facet normal 0.5956993044924305 0.803207531480647 0
    outer loop
      vertex -13.268786568327291 -13.546020906725474 1.6
      vertex -13.111140466039204 -13.66293922460509 0
      vertex -13.268786568327291 -13.546020906725474 0
    endloop
  endfacet
  facet normal 0.903989293123443 0.42755509343028286 0
    outer loop
      vertex -13.847759065022574 -12.76536686473018 1.6
      vertex -13.76384252869671 -12.942793473651996 0
      vertex -13.847759065022574 -12.76536686473018 0
    endloop
  endfacet
  facet normal 0.8577286100002701 0.5141027441932249 0
    outer loop
      vertex -13.76384252869671 -12.942793473651996 1.6
      vertex -13.66293922460509 -13.111140466039204 0
      vertex -13.76384252869671 -12.942793473651996 0
    endloop
  endfacet
  facet normal 0.42755509343028286 0.903989293123443 0
    outer loop
      vertex -12.942793473651996 -13.76384252869671 1.6
      vertex -12.76536686473018 -13.847759065022574 0
      vertex -12.942793473651996 -13.76384252869671 0
    endloop
  endfacet
  facet normal 0.33688985339221533 0.9415440651830225 0
    outer loop
      vertex -12.76536686473018 -13.847759065022574 1.6
      vertex -12.580569354508924 -13.913880671464417 0
      vertex -12.76536686473018 -13.847759065022574 0
    endloop
  endfacet
  facet normal 0.9415440651830225 -0.33688985339221533 0
    outer loop
      vertex -13.847759065022574 -11.23463313526982 1.6
      vertex -13.913880671464417 -11.419430645491076 0
      vertex -13.847759065022574 -11.23463313526982 0
    endloop
  endfacet
  facet normal 0.903989293123443 -0.42755509343028286 0
    outer loop
      vertex -13.76384252869671 -11.057206526348004 1.6
      vertex -13.847759065022574 -11.23463313526982 0
      vertex -13.76384252869671 -11.057206526348004 0
    endloop
  endfacet
  facet normal 0.8577286100002701 -0.5141027441932249 0
    outer loop
      vertex -13.66293922460509 -10.888859533960796 1.6
      vertex -13.76384252869671 -11.057206526348004 0
      vertex -13.66293922460509 -10.888859533960796 0
    endloop
  endfacet
  facet normal 0.803207531480647 -0.5956993044924305 0
    outer loop
      vertex -13.546020906725474 -10.731213431672709 1.6
      vertex -13.66293922460509 -10.888859533960796 0
      vertex -13.546020906725474 -10.731213431672709 0
    endloop
  endfacet
  facet normal 0.7409511253549622 -0.671558954847015 0
    outer loop
      vertex -13.414213562373096 -10.585786437626904 1.6
      vertex -13.546020906725474 -10.731213431672709 0
      vertex -13.414213562373096 -10.585786437626904 0
    endloop
  endfacet
  facet normal 0.671558954847015 -0.7409511253549622 0
    outer loop
      vertex -13.268786568327291 -10.453979093274526 1.6
      vertex -13.414213562373096 -10.585786437626904 0
      vertex -13.268786568327291 -10.453979093274526 0
    endloop
  endfacet
  facet normal -0.42755509343028286 0.903989293123443 0
    outer loop
      vertex -11.23463313526982 -13.847759065022574 1.6
      vertex -11.057206526348004 -13.76384252869671 0
      vertex -11.23463313526982 -13.847759065022574 0
    endloop
  endfacet
  facet normal -0.5141027441932249 0.8577286100002701 0
    outer loop
      vertex -11.057206526348004 -13.76384252869671 1.6
      vertex -10.888859533960796 -13.66293922460509 0
      vertex -11.057206526348004 -13.76384252869671 0
    endloop
  endfacet
  facet normal -0.5956993044924305 0.803207531480647 0
    outer loop
      vertex -10.888859533960796 -13.66293922460509 1.6
      vertex -10.731213431672709 -13.546020906725474 0
      vertex -10.888859533960796 -13.66293922460509 0
    endloop
  endfacet
  facet normal -0.671558954847015 0.7409511253549622 0
    outer loop
      vertex -10.731213431672709 -13.546020906725474 1.6
      vertex -10.585786437626904 -13.414213562373096 0
      vertex -10.731213431672709 -13.546020906725474 0
    endloop
  endfacet
  facet normal -0.7409511253549622 0.671558954847015 0
    outer loop
      vertex -10.585786437626904 -13.414213562373096 0
      vertex -10.585786437626904 -13.414213562373096 1.6
      vertex -10.453979093274526 -13.268786568327291 0
    endloop
  endfacet
  facet normal -0.803207531480647 0.5956993044924305 0
    outer loop
      vertex -10.453979093274526 -13.268786568327291 1.6
      vertex -10.33706077539491 -13.111140466039204 0
      vertex -10.453979093274526 -13.268786568327291 0
    endloop
  endfacet
  facet normal -0.5956993044924305 -0.803207531480647 0
    outer loop
      vertex -10.731213431672709 -10.453979093274526 1.6
      vertex -10.888859533960796 -10.33706077539491 0
      vertex -10.731213431672709 -10.453979093274526 0
    endloop
  endfacet
  facet normal -0.671558954847015 -0.7409511253549622 0
    outer loop
      vertex -10.731213431672709 -10.453979093274526 0
      vertex -10.585786437626904 -10.585786437626904 0
      vertex -10.585786437626904 -10.585786437626904 1.6
    endloop
  endfacet
  facet normal -0.7409511253549622 -0.671558954847015 0
    outer loop
      vertex -10.453979093274526 -10.731213431672709 1.6
      vertex -10.585786437626904 -10.585786437626904 0
      vertex -10.453979093274526 -10.731213431672709 0
    endloop
  endfacet
  facet normal 0.5956993044924305 -0.803207531480647 0
    outer loop
      vertex -13.111140466039204 -10.33706077539491 1.6
      vertex -13.268786568327291 -10.453979093274526 0
      vertex -13.111140466039204 -10.33706077539491 0
    endloop
  endfacet
  facet normal 0.5141027441932249 -0.8577286100002701 0
    outer loop
      vertex -12.942793473651996 -10.23615747130329 1.6
      vertex -13.111140466039204 -10.33706077539491 0
      vertex -12.942793473651996 -10.23615747130329 0
    endloop
  endfacet
  facet normal 0.42755509343028286 -0.903989293123443 0
    outer loop
      vertex -12.76536686473018 -10.152240934977426 1.6
      vertex -12.942793473651996 -10.23615747130329 0
      vertex -12.76536686473018 -10.152240934977426 0
    endloop
  endfacet
  facet normal 0.33688985339221533 -0.9415440651830225 0
    outer loop
      vertex -12.580569354508924 -10.086119328535583 1.6
      vertex -12.76536686473018 -10.152240934977426 0
      vertex -12.580569354508924 -10.086119328535583 0
    endloop
  endfacet
  facet normal 0.24298017990326629 -0.9700312531945434 0
    outer loop
      vertex -12.390180644032256 -10.03842943919354 1.6
      vertex -12.580569354508924 -10.086119328535583 0
      vertex -12.390180644032256 -10.03842943919354 0
    endloop
  endfacet
  facet normal 0.14673047445536544 -0.9891765099647805 0
    outer loop
      vertex -12.196034280659122 -10.009630546655606 1.6
      vertex -12.390180644032256 -10.03842943919354 0
      vertex -12.196034280659122 -10.009630546655606 0
    endloop
  endfacet
  facet normal 0.049067674327415184 -0.9987954562051726 0
    outer loop
      vertex -12 -10 1.6
      vertex -12.196034280659122 -10.009630546655606 0
      vertex -12 -10 0
    endloop
  endfacet
  facet normal -0.049067674327415184 -0.9987954562051726 0
    outer loop
      vertex -11.803965719340878 -10.009630546655606 1.6
      vertex -12 -10 0
      vertex -11.803965719340878 -10.009630546655606 0
    endloop
  endfacet
  facet normal -0.14673047445536544 -0.9891765099647805 0
    outer loop
      vertex -11.609819355967744 -10.03842943919354 1.6
      vertex -11.803965719340878 -10.009630546655606 0
      vertex -11.609819355967744 -10.03842943919354 0
    endloop
  endfacet
  facet normal -0.24298017990326629 -0.9700312531945434 0
    outer loop
      vertex -11.419430645491076 -10.086119328535583 1.6
      vertex -11.609819355967744 -10.03842943919354 0
      vertex -11.419430645491076 -10.086119328535583 0
    endloop
  endfacet
  facet normal -0.33688985339221533 -0.9415440651830225 0
    outer loop
      vertex -11.23463313526982 -10.152240934977426 1.6
      vertex -11.419430645491076 -10.086119328535583 0
      vertex -11.23463313526982 -10.152240934977426 0
    endloop
  endfacet
  facet normal -0.42755509343028286 -0.903989293123443 0
    outer loop
      vertex -11.057206526348004 -10.23615747130329 1.6
      vertex -11.23463313526982 -10.152240934977426 0
      vertex -11.057206526348004 -10.23615747130329 0
    endloop
  endfacet
  facet normal -0.5141027441932249 -0.8577286100002701 0
    outer loop
      vertex -10.888859533960796 -10.33706077539491 1.6
      vertex -11.057206526348004 -10.23615747130329 0
      vertex -10.888859533960796 -10.33706077539491 0
    endloop
  endfacet
  facet normal -0.8577286100002701 0.5141027441932249 0
    outer loop
      vertex -10.33706077539491 -13.111140466039204 1.6
      vertex -10.23615747130329 -12.942793473651996 0
      vertex -10.33706077539491 -13.111140466039204 0
    endloop
  endfacet
  facet normal -0.903989293123443 0.42755509343028286 0
    outer loop
      vertex -10.23615747130329 -12.942793473651996 1.6
      vertex -10.152240934977426 -12.76536686473018 0
      vertex -10.23615747130329 -12.942793473651996 0
    endloop
  endfacet
  facet normal -0.9415440651830225 0.33688985339221533 0
    outer loop
      vertex -10.152240934977426 -12.76536686473018 1.6
      vertex -10.086119328535583 -12.580569354508924 0
      vertex -10.152240934977426 -12.76536686473018 0
    endloop
  endfacet
  facet normal -0.9700312531945434 0.24298017990326629 0
    outer loop
      vertex -10.086119328535583 -12.580569354508924 1.6
      vertex -10.03842943919354 -12.390180644032256 0
      vertex -10.086119328535583 -12.580569354508924 0
    endloop
  endfacet
  facet normal -0.9891765099647805 0.14673047445536544 0
    outer loop
      vertex -10.03842943919354 -12.390180644032256 1.6
      vertex -10.009630546655606 -12.196034280659122 0
      vertex -10.03842943919354 -12.390180644032256 0
    endloop
  endfacet
  facet normal -0.9987954562051726 0.049067674327415184 0
    outer loop
      vertex -10.009630546655606 -12.196034280659122 1.6
      vertex -10 -12 0
      vertex -10.009630546655606 -12.196034280659122 0
    endloop
  endfacet
  facet normal -0.9987954562051726 -0.049067674327415184 0
    outer loop
      vertex -10 -12 1.6
      vertex -10.009630546655606 -11.803965719340878 0
      vertex -10 -12 0
    endloop
  endfacet
  facet normal -0.9891765099647805 -0.14673047445536544 0
    outer loop
      vertex -10.009630546655606 -11.803965719340878 1.6
      vertex -10.03842943919354 -11.609819355967744 0
      vertex -10.009630546655606 -11.803965719340878 0
    endloop
  endfacet
  facet normal -0.9700312531945434 -0.24298017990326629 0
    outer loop
      vertex -10.03842943919354 -11.609819355967744 1.6
      vertex -10.086119328535583 -11.419430645491076 0
      vertex -10.03842943919354 -11.609819355967744 0
    endloop
  endfacet
  facet normal -0.9415440651830225 -0.33688985339221533 0
    outer loop
      vertex -10.086119328535583 -11.419430645491076 1.6
      vertex -10.152240934977426 -11.23463313526982 0
      vertex -10.086119328535583 -11.419430645491076 0
    endloop
  endfacet
  facet normal -0.8577286100002701 -0.5141027441932249 0
    outer loop
      vertex -10.23615747130329 -11.057206526348004 1.6
      vertex -10.33706077539491 -10.888859533960796 0
      vertex -10.23615747130329 -11.057206526348004 0
    endloop
  endfacet
  facet normal -0.903989293123443 -0.42755509343028286 0
    outer loop
      vertex -10.152240934977426 -11.23463313526982 1.6
      vertex -10.23615747130329 -11.057206526348004 0
      vertex -10.152240934977426 -11.23463313526982 0
    endloop
  endfacet
  facet normal -0.803207531480647 -0.5956993044924305 0
    outer loop
      vertex -10.33706077539491 -10.888859533960796 1.6
      vertex -10.453979093274526 -10.731213431672709 0
      vertex -10.33706077539491 -10.888859533960796 0
    endloop
  endfacet
  facet normal 0.8577286100002701 0.5141027441932249 0
    outer loop
      vertex -13.76384252869671 -12.942793473651996 1.6
      vertex -13.66293922460509 -13.111140466039204 1.6
      vertex -13.66293922460509 -13.111140466039204 0
    endloop
  endfacet
  facet normal 0.7409511253549622 0.671558954847015 0
    outer loop
      vertex -13.546020906725474 -13.268786568327291 1.6
      vertex -13.414213562373096 -13.414213562373096 1.6
      vertex -13.414213562373096 -13.414213562373096 0
    endloop
  endfacet
  facet normal 0.803207531480647 0.5956993044924305 0
    outer loop
      vertex -13.66293922460509 -13.111140466039204 1.6
      vertex -13.546020906725474 -13.268786568327291 1.6
      vertex -13.546020906725474 -13.268786568327291 0
    endloop
  endfacet
  facet normal 0.671558954847015 0.7409511253549622 0
    outer loop
      vertex -13.268786568327291 -13.546020906725474 1.6
      vertex -13.268786568327291 -13.546020906725474 0
      vertex -13.414213562373096 -13.414213562373096 1.6
    endloop
  endfacet
  facet normal 0.5956993044924305 0.803207531480647 0
    outer loop
      vertex -13.111140466039204 -13.66293922460509 1.6
      vertex -13.111140466039204 -13.66293922460509 0
      vertex -13.268786568327291 -13.546020906725474 1.6
    endloop
  endfacet
  facet normal 0.903989293123443 0.42755509343028286 0
    outer loop
      vertex -13.847759065022574 -12.76536686473018 1.6
      vertex -13.76384252869671 -12.942793473651996 1.6
      vertex -13.76384252869671 -12.942793473651996 0
    endloop
  endfacet
  facet normal 0.9415440651830225 0.33688985339221533 0
    outer loop
      vertex -13.913880671464417 -12.580569354508924 1.6
      vertex -13.847759065022574 -12.76536686473018 1.6
      vertex -13.847759065022574 -12.76536686473018 0
    endloop
  endfacet
  facet normal 0.5141027441932249 0.8577286100002701 0
    outer loop
      vertex -12.942793473651996 -13.76384252869671 1.6
      vertex -12.942793473651996 -13.76384252869671 0
      vertex -13.111140466039204 -13.66293922460509 1.6
    endloop
  endfacet
  facet normal 0.42755509343028286 0.903989293123443 0
    outer loop
      vertex -12.76536686473018 -13.847759065022574 1.6
      vertex -12.76536686473018 -13.847759065022574 0
      vertex -12.942793473651996 -13.76384252869671 1.6
    endloop
  endfacet
  facet normal 0.903989293123443 -0.42755509343028286 0
    outer loop
      vertex -13.76384252869671 -11.057206526348004 1.6
      vertex -13.847759065022574 -11.23463313526982 1.6
      vertex -13.847759065022574 -11.23463313526982 0
    endloop
  endfacet
  facet normal 0.8577286100002701 -0.5141027441932249 0
    outer loop
      vertex -13.66293922460509 -10.888859533960796 1.6
      vertex -13.76384252869671 -11.057206526348004 1.6
      vertex -13.76384252869671 -11.057206526348004 0
    endloop
  endfacet
  facet normal 0.803207531480647 -0.5956993044924305 0
    outer loop
      vertex -13.546020906725474 -10.731213431672709 1.6
      vertex -13.66293922460509 -10.888859533960796 1.6
      vertex -13.66293922460509 -10.888859533960796 0
    endloop
  endfacet
  facet normal 0.7409511253549622 -0.671558954847015 0
    outer loop
      vertex -13.414213562373096 -10.585786437626904 1.6
      vertex -13.546020906725474 -10.731213431672709 1.6
      vertex -13.546020906725474 -10.731213431672709 0
    endloop
  endfacet
  facet normal 0.671558954847015 -0.7409511253549622 0
    outer loop
      vertex -13.414213562373096 -10.585786437626904 1.6
      vertex -13.414213562373096 -10.585786437626904 0
      vertex -13.268786568327291 -10.453979093274526 1.6
    endloop
  endfacet
  facet normal 0.5956993044924305 -0.803207531480647 0
    outer loop
      vertex -13.268786568327291 -10.453979093274526 1.6
      vertex -13.268786568327291 -10.453979093274526 0
      vertex -13.111140466039204 -10.33706077539491 1.6
    endloop
  endfacet
  facet normal -0.33688985339221533 0.9415440651830225 0
    outer loop
      vertex -11.23463313526982 -13.847759065022574 1.6
      vertex -11.23463313526982 -13.847759065022574 0
      vertex -11.419430645491076 -13.913880671464417 1.6
    endloop
  endfacet
  facet normal -0.42755509343028286 0.903989293123443 0
    outer loop
      vertex -11.057206526348004 -13.76384252869671 1.6
      vertex -11.057206526348004 -13.76384252869671 0
      vertex -11.23463313526982 -13.847759065022574 1.6
    endloop
  endfacet
  facet normal -0.5141027441932249 0.8577286100002701 0
    outer loop
      vertex -10.888859533960796 -13.66293922460509 1.6
      vertex -10.888859533960796 -13.66293922460509 0
      vertex -11.057206526348004 -13.76384252869671 1.6
    endloop
  endfacet
  facet normal -0.5956993044924305 0.803207531480647 0
    outer loop
      vertex -10.731213431672709 -13.546020906725474 1.6
      vertex -10.731213431672709 -13.546020906725474 0
      vertex -10.888859533960796 -13.66293922460509 1.6
    endloop
  endfacet
  facet normal -0.671558954847015 0.7409511253549622 0
    outer loop
      vertex -10.585786437626904 -13.414213562373096 1.6
      vertex -10.585786437626904 -13.414213562373096 0
      vertex -10.731213431672709 -13.546020906725474 1.6
    endloop
  endfacet
  facet normal -0.7409511253549622 0.671558954847015 0
    outer loop
      vertex -10.585786437626904 -13.414213562373096 1.6
      vertex -10.453979093274526 -13.268786568327291 1.6
      vertex -10.453979093274526 -13.268786568327291 0
    endloop
  endfacet
  facet normal -0.671558954847015 -0.7409511253549622 0
    outer loop
      vertex -10.731213431672709 -10.453979093274526 1.6
      vertex -10.731213431672709 -10.453979093274526 0
      vertex -10.585786437626904 -10.585786437626904 1.6
    endloop
  endfacet
  facet normal -0.7409511253549622 -0.671558954847015 0
    outer loop
      vertex -10.453979093274526 -10.731213431672709 1.6
      vertex -10.585786437626904 -10.585786437626904 1.6
      vertex -10.585786437626904 -10.585786437626904 0
    endloop
  endfacet
  facet normal -0.803207531480647 -0.5956993044924305 0
    outer loop
      vertex -10.33706077539491 -10.888859533960796 1.6
      vertex -10.453979093274526 -10.731213431672709 1.6
      vertex -10.453979093274526 -10.731213431672709 0
    endloop
  endfacet
  facet normal 0.5141027441932249 -0.8577286100002701 0
    outer loop
      vertex -13.111140466039204 -10.33706077539491 1.6
      vertex -13.111140466039204 -10.33706077539491 0
      vertex -12.942793473651996 -10.23615747130329 1.6
    endloop
  endfacet
  facet normal 0.42755509343028286 -0.903989293123443 0
    outer loop
      vertex -12.942793473651996 -10.23615747130329 1.6
      vertex -12.942793473651996 -10.23615747130329 0
      vertex -12.76536686473018 -10.152240934977426 1.6
    endloop
  endfacet
  facet normal 0.33688985339221533 -0.9415440651830225 0
    outer loop
      vertex -12.76536686473018 -10.152240934977426 1.6
      vertex -12.76536686473018 -10.152240934977426 0
      vertex -12.580569354508924 -10.086119328535583 1.6
    endloop
  endfacet
  facet normal 0.24298017990326629 -0.9700312531945434 0
    outer loop
      vertex -12.580569354508924 -10.086119328535583 1.6
      vertex -12.580569354508924 -10.086119328535583 0
      vertex -12.390180644032256 -10.03842943919354 1.6
    endloop
  endfacet
  facet normal 0.14673047445536544 -0.9891765099647805 0
    outer loop
      vertex -12.390180644032256 -10.03842943919354 1.6
      vertex -12.390180644032256 -10.03842943919354 0
      vertex -12.196034280659122 -10.009630546655606 1.6
    endloop
  endfacet
  facet normal 0.049067674327415184 -0.9987954562051726 0
    outer loop
      vertex -12.196034280659122 -10.009630546655606 1.6
      vertex -12.196034280659122 -10.009630546655606 0
      vertex -12 -10 1.6
    endloop
  endfacet
  facet normal -0.049067674327415184 -0.9987954562051726 0
    outer loop
      vertex -12 -10 1.6
      vertex -12 -10 0
      vertex -11.803965719340878 -10.009630546655606 1.6
    endloop
  endfacet
  facet normal -0.14673047445536544 -0.9891765099647805 0
    outer loop
      vertex -11.803965719340878 -10.009630546655606 1.6
      vertex -11.803965719340878 -10.009630546655606 0
      vertex -11.609819355967744 -10.03842943919354 1.6
    endloop
  endfacet
  facet normal -0.24298017990326629 -0.9700312531945434 0
    outer loop
      vertex -11.609819355967744 -10.03842943919354 1.6
      vertex -11.609819355967744 -10.03842943919354 0
      vertex -11.419430645491076 -10.086119328535583 1.6
    endloop
  endfacet
  facet normal -0.33688985339221533 -0.9415440651830225 0
    outer loop
      vertex -11.419430645491076 -10.086119328535583 1.6
      vertex -11.419430645491076 -10.086119328535583 0
      vertex -11.23463313526982 -10.152240934977426 1.6
    endloop
  endfacet
  facet normal -0.42755509343028286 -0.903989293123443 0
    outer loop
      vertex -11.23463313526982 -10.152240934977426 1.6
      vertex -11.23463313526982 -10.152240934977426 0
      vertex -11.057206526348004 -10.23615747130329 1.6
    endloop
  endfacet
  facet normal -0.5141027441932249 -0.8577286100002701 0
    outer loop
      vertex -11.057206526348004 -10.23615747130329 1.6
      vertex -11.057206526348004 -10.23615747130329 0
      vertex -10.888859533960796 -10.33706077539491 1.6
    endloop
  endfacet
  facet normal -0.5956993044924305 -0.803207531480647 0
    outer loop
      vertex -10.888859533960796 -10.33706077539491 1.6
      vertex -10.888859533960796 -10.33706077539491 0
      vertex -10.731213431672709 -10.453979093274526 1.6
    endloop
  endfacet
  facet normal -0.803207531480647 0.5956993044924305 0
    outer loop
      vertex -10.453979093274526 -13.268786568327291 1.6
      vertex -10.33706077539491 -13.111140466039204 1.6
      vertex -10.33706077539491 -13.111140466039204 0
    endloop
  endfacet
  facet normal -0.8577286100002701 0.5141027441932249 0
    outer loop
      vertex -10.33706077539491 -13.111140466039204 1.6
      vertex -10.23615747130329 -12.942793473651996 1.6
      vertex -10.23615747130329 -12.942793473651996 0
    endloop
  endfacet
  facet normal -0.903989293123443 0.42755509343028286 0
    outer loop
      vertex -10.23615747130329 -12.942793473651996 1.6
      vertex -10.152240934977426 -12.76536686473018 1.6
      vertex -10.152240934977426 -12.76536686473018 0
    endloop
  endfacet
  facet normal -0.9415440651830225 0.33688985339221533 0
    outer loop
      vertex -10.152240934977426 -12.76536686473018 1.6
      vertex -10.086119328535583 -12.580569354508924 1.6
      vertex -10.086119328535583 -12.580569354508924 0
    endloop
  endfacet
  facet normal -0.9700312531945434 0.24298017990326629 0
    outer loop
      vertex -10.086119328535583 -12.580569354508924 1.6
      vertex -10.03842943919354 -12.390180644032256 1.6
      vertex -10.03842943919354 -12.390180644032256 0
    endloop
  endfacet
  facet normal -0.9891765099647805 0.14673047445536544 0
    outer loop
      vertex -10.03842943919354 -12.390180644032256 1.6
      vertex -10.009630546655606 -12.196034280659122 1.6
      vertex -10.009630546655606 -12.196034280659122 0
    endloop
  endfacet
  facet normal -0.9987954562051726 0.049067674327415184 0
    outer loop
      vertex -10.009630546655606 -12.196034280659122 1.6
      vertex -10 -12 1.6
      vertex -10 -12 0
    endloop
  endfacet
  facet normal -0.9987954562051726 -0.049067674327415184 0
    outer loop
      vertex -10 -12 1.6
      vertex -10.009630546655606 -11.803965719340878 1.6
      vertex -10.009630546655606 -11.803965719340878 0
    endloop
  endfacet
  facet normal -0.9891765099647805 -0.14673047445536544 0
    outer loop
      vertex -10.009630546655606 -11.803965719340878 1.6
      vertex -10.03842943919354 -11.609819355967744 1.6
      vertex -10.03842943919354 -11.609819355967744 0
    endloop
  endfacet
  facet normal -0.9415440651830225 -0.33688985339221533 0
    outer loop
      vertex -10.086119328535583 -11.419430645491076 1.6
      vertex -10.152240934977426 -11.23463313526982 1.6
      vertex -10.152240934977426 -11.23463313526982 0
    endloop
  endfacet
  facet normal -0.9700312531945434 -0.24298017990326629 0
    outer loop
      vertex -10.03842943919354 -11.609819355967744 1.6
      vertex -10.086119328535583 -11.419430645491076 1.6
      vertex -10.086119328535583 -11.419430645491076 0
    endloop
  endfacet
  facet normal -0.903989293123443 -0.42755509343028286 0
    outer loop
      vertex -10.152240934977426 -11.23463313526982 1.6
      vertex -10.23615747130329 -11.057206526348004 1.6
      vertex -10.23615747130329 -11.057206526348004 0
    endloop
  endfacet
  facet normal -0.8577286100002701 -0.5141027441932249 0
    outer loop
      vertex -10.23615747130329 -11.057206526348004 1.6
      vertex -10.33706077539491 -10.888859533960796 1.6
      vertex -10.33706077539491 -10.888859533960796 0
    endloop
  endfacet
  facet normal 0.9415440651830224 0.3368898533922157 0
    outer loop
      vertex -13.913880671464417 -0.5805693545089247 1.6
      vertex -13.847759065022574 -0.7653668647301796 0
      vertex -13.913880671464417 -0.5805693545089247 0
    endloop
  endfacet
  facet normal 0.9700312531945434 0.24298017990326629 0
    outer loop
      vertex -13.96157056080646 -0.3901806440322565 1.6
      vertex -13.913880671464417 -0.5805693545089247 0
      vertex -13.96157056080646 -0.3901806440322565 0
    endloop
  endfacet
  facet normal 0.9891765099647806 0.1467304744553646 0
    outer loop
      vertex -13.990369453344394 -0.1960342806591212 1.6
      vertex -13.96157056080646 -0.3901806440322565 0
      vertex -13.990369453344394 -0.1960342806591212 0
    endloop
  endfacet
  facet normal 0.9987954562051726 0.04906767432741532 0
    outer loop
      vertex -14 0 1.6
      vertex -13.990369453344394 -0.1960342806591212 0
      vertex -14 0 0
    endloop
  endfacet
  facet normal 0.9700312531945434 0.24298017990326629 0
    outer loop
      vertex -13.96157056080646 -0.3901806440322565 1.6
      vertex -13.913880671464417 -0.5805693545089247 1.6
      vertex -13.913880671464417 -0.5805693545089247 0
    endloop
  endfacet
  facet normal 0.9891765099647806 0.1467304744553646 0
    outer loop
      vertex -13.990369453344394 -0.1960342806591212 1.6
      vertex -13.96157056080646 -0.3901806440322565 1.6
      vertex -13.96157056080646 -0.3901806440322565 0
    endloop
  endfacet
  facet normal 0.9987954562051726 0.04906767432741532 0
    outer loop
      vertex -14 0 1.6
      vertex -13.990369453344394 -0.1960342806591212 1.6
      vertex -13.990369453344394 -0.1960342806591212 0
    endloop
  endfacet
  facet normal 0.42755509343028003 0.9039892931234441 0
    outer loop
      vertex -12.942793473651996 -1.76384252869671 1.6
      vertex -12.76536686473018 -1.8477590650225735 0
      vertex -12.942793473651996 -1.76384252869671 0
    endloop
  endfacet
  facet normal 0.33688985339221933 0.941544065183021 0
    outer loop
      vertex -12.76536686473018 -1.8477590650225735 1.6
      vertex -12.580569354508924 -1.9138806714644176 0
      vertex -12.76536686473018 -1.8477590650225735 0
    endloop
  endfacet
  facet normal 0.24298017990326415 0.970031253194544 0
    outer loop
      vertex -12.580569354508924 -1.9138806714644176 1.6
      vertex -12.390180644032256 -1.9615705608064609 0
      vertex -12.580569354508924 -1.9138806714644176 0
    endloop
  endfacet
  facet normal 0.1467304744553632 0.9891765099647807 0
    outer loop
      vertex -12.390180644032256 -1.9615705608064609 1.6
      vertex -12.196034280659122 -1.9903694533443939 0
      vertex -12.390180644032256 -1.9615705608064609 0
    endloop
  endfacet
  facet normal 0.7409511253549618 0.6715589548470157 0
    outer loop
      vertex -13.546020906725474 -1.268786568327291 1.6
      vertex -13.414213562373096 -1.4142135623730951 0
      vertex -13.546020906725474 -1.268786568327291 0
    endloop
  endfacet
  facet normal 0.8577286100002709 0.5141027441932238 0
    outer loop
      vertex -13.76384252869671 -0.9427934736519953 1.6
      vertex -13.66293922460509 -1.1111404660392044 0
      vertex -13.76384252869671 -0.9427934736519953 0
    endloop
  endfacet
  facet normal 0.8032075314806463 0.5956993044924316 0
    outer loop
      vertex -13.66293922460509 -1.1111404660392044 1.6
      vertex -13.546020906725474 -1.268786568327291 0
      vertex -13.66293922460509 -1.1111404660392044 0
    endloop
  endfacet
  facet normal 0.6715589548470176 0.74095112535496 0
    outer loop
      vertex -13.414213562373096 -1.4142135623730951 1.6
      vertex -13.268786568327291 -1.546020906725474 0
      vertex -13.414213562373096 -1.4142135623730951 0
    endloop
  endfacet
  facet normal 0.5956993044924319 0.803207531480646 0
    outer loop
      vertex -13.268786568327291 -1.546020906725474 1.6
      vertex -13.111140466039204 -1.6629392246050905 0
      vertex -13.268786568327291 -1.546020906725474 0
    endloop
  endfacet
  facet normal 0.5141027441932232 0.8577286100002711 0
    outer loop
      vertex -13.111140466039204 -1.6629392246050905 1.6
      vertex -12.942793473651996 -1.76384252869671 0
      vertex -13.111140466039204 -1.6629392246050905 0
    endloop
  endfacet
  facet normal 0.9039892931234421 0.4275550934302846 0
    outer loop
      vertex -13.847759065022574 -0.7653668647301796 1.6
      vertex -13.76384252869671 -0.9427934736519953 0
      vertex -13.847759065022574 -0.7653668647301796 0
    endloop
  endfacet
  facet normal 0.04906767432741744 0.9987954562051724 0
    outer loop
      vertex -12.196034280659122 -1.9903694533443939 1.6
      vertex -12 -2 0
      vertex -12.196034280659122 -1.9903694533443939 0
    endloop
  endfacet
  facet normal -0.04906767432741744 0.9987954562051724 0
    outer loop
      vertex -12 -2 1.6
      vertex -11.803965719340878 -1.9903694533443939 0
      vertex -12 -2 0
    endloop
  endfacet
  facet normal -0.1467304744553632 0.9891765099647807 0
    outer loop
      vertex -11.803965719340878 -1.9903694533443939 1.6
      vertex -11.609819355967744 -1.9615705608064609 0
      vertex -11.803965719340878 -1.9903694533443939 0
    endloop
  endfacet
  facet normal -0.24298017990326415 0.970031253194544 0
    outer loop
      vertex -11.609819355967744 -1.9615705608064609 1.6
      vertex -11.419430645491076 -1.9138806714644176 0
      vertex -11.609819355967744 -1.9615705608064609 0
    endloop
  endfacet
  facet normal -0.33688985339221933 0.941544065183021 0
    outer loop
      vertex -11.419430645491076 -1.9138806714644176 1.6
      vertex -11.23463313526982 -1.8477590650225735 0
      vertex -11.419430645491076 -1.9138806714644176 0
    endloop
  endfacet
  facet normal -0.42755509343028003 0.9039892931234441 0
    outer loop
      vertex -11.23463313526982 -1.8477590650225735 1.6
      vertex -11.057206526348004 -1.76384252869671 0
      vertex -11.23463313526982 -1.8477590650225735 0
    endloop
  endfacet
  facet normal -0.5141027441932232 0.8577286100002711 0
    outer loop
      vertex -11.057206526348004 -1.76384252869671 1.6
      vertex -10.888859533960796 -1.6629392246050905 0
      vertex -11.057206526348004 -1.76384252869671 0
    endloop
  endfacet
  facet normal -0.5956993044924319 0.803207531480646 0
    outer loop
      vertex -10.888859533960796 -1.6629392246050905 1.6
      vertex -10.731213431672709 -1.546020906725474 0
      vertex -10.888859533960796 -1.6629392246050905 0
    endloop
  endfacet
  facet normal -0.6715589548470176 0.74095112535496 0
    outer loop
      vertex -10.731213431672709 -1.546020906725474 1.6
      vertex -10.585786437626904 -1.4142135623730951 0
      vertex -10.731213431672709 -1.546020906725474 0
    endloop
  endfacet
  facet normal -0.7409511253549618 0.6715589548470157 0
    outer loop
      vertex -10.585786437626904 -1.4142135623730951 0
      vertex -10.585786437626904 -1.4142135623730951 1.6
      vertex -10.453979093274526 -1.268786568327291 0
    endloop
  endfacet
  facet normal -0.8032075314806463 0.5956993044924316 0
    outer loop
      vertex -10.453979093274526 -1.268786568327291 1.6
      vertex -10.33706077539491 -1.1111404660392044 0
      vertex -10.453979093274526 -1.268786568327291 0
    endloop
  endfacet
  facet normal -0.8577286100002709 0.5141027441932238 0
    outer loop
      vertex -10.33706077539491 -1.1111404660392044 1.6
      vertex -10.23615747130329 -0.9427934736519953 0
      vertex -10.33706077539491 -1.1111404660392044 0
    endloop
  endfacet
  facet normal -0.9039892931234421 0.4275550934302846 0
    outer loop
      vertex -10.23615747130329 -0.9427934736519953 1.6
      vertex -10.152240934977426 -0.7653668647301796 0
      vertex -10.23615747130329 -0.9427934736519953 0
    endloop
  endfacet
  facet normal -0.9415440651830224 0.3368898533922157 0
    outer loop
      vertex -10.152240934977426 -0.7653668647301796 1.6
      vertex -10.086119328535583 -0.5805693545089247 0
      vertex -10.152240934977426 -0.7653668647301796 0
    endloop
  endfacet
  facet normal -0.9700312531945434 0.24298017990326629 0
    outer loop
      vertex -10.086119328535583 -0.5805693545089247 1.6
      vertex -10.03842943919354 -0.3901806440322565 0
      vertex -10.086119328535583 -0.5805693545089247 0
    endloop
  endfacet
  facet normal -0.9891765099647806 0.1467304744553646 0
    outer loop
      vertex -10.03842943919354 -0.3901806440322565 1.6
      vertex -10.009630546655606 -0.1960342806591212 0
      vertex -10.03842943919354 -0.3901806440322565 0
    endloop
  endfacet
  facet normal -0.9987954562051726 0.04906767432741532 0
    outer loop
      vertex -10.009630546655606 -0.1960342806591212 0
      vertex -10.009630546655606 -0.1960342806591212 1.6
      vertex -10 0 0
    endloop
  endfacet
  facet normal 0.42755509343028003 0.9039892931234441 0
    outer loop
      vertex -12.76536686473018 -1.8477590650225735 1.6
      vertex -12.76536686473018 -1.8477590650225735 0
      vertex -12.942793473651996 -1.76384252869671 1.6
    endloop
  endfacet
  facet normal 0.33688985339221933 0.941544065183021 0
    outer loop
      vertex -12.580569354508924 -1.9138806714644176 1.6
      vertex -12.580569354508924 -1.9138806714644176 0
      vertex -12.76536686473018 -1.8477590650225735 1.6
    endloop
  endfacet
  facet normal 0.24298017990326415 0.970031253194544 0
    outer loop
      vertex -12.390180644032256 -1.9615705608064609 1.6
      vertex -12.390180644032256 -1.9615705608064609 0
      vertex -12.580569354508924 -1.9138806714644176 1.6
    endloop
  endfacet
  facet normal 0.1467304744553632 0.9891765099647807 0
    outer loop
      vertex -12.196034280659122 -1.9903694533443939 1.6
      vertex -12.196034280659122 -1.9903694533443939 0
      vertex -12.390180644032256 -1.9615705608064609 1.6
    endloop
  endfacet
  facet normal 0.7409511253549618 0.6715589548470157 0
    outer loop
      vertex -13.546020906725474 -1.268786568327291 1.6
      vertex -13.414213562373096 -1.4142135623730951 1.6
      vertex -13.414213562373096 -1.4142135623730951 0
    endloop
  endfacet
  facet normal 0.9039892931234421 0.4275550934302846 0
    outer loop
      vertex -13.847759065022574 -0.7653668647301796 1.6
      vertex -13.76384252869671 -0.9427934736519953 1.6
      vertex -13.76384252869671 -0.9427934736519953 0
    endloop
  endfacet
  facet normal 0.8577286100002709 0.5141027441932238 0
    outer loop
      vertex -13.76384252869671 -0.9427934736519953 1.6
      vertex -13.66293922460509 -1.1111404660392044 1.6
      vertex -13.66293922460509 -1.1111404660392044 0
    endloop
  endfacet
  facet normal 0.8032075314806463 0.5956993044924316 0
    outer loop
      vertex -13.66293922460509 -1.1111404660392044 1.6
      vertex -13.546020906725474 -1.268786568327291 1.6
      vertex -13.546020906725474 -1.268786568327291 0
    endloop
  endfacet
  facet normal 0.6715589548470176 0.74095112535496 0
    outer loop
      vertex -13.268786568327291 -1.546020906725474 1.6
      vertex -13.268786568327291 -1.546020906725474 0
      vertex -13.414213562373096 -1.4142135623730951 1.6
    endloop
  endfacet
  facet normal 0.5956993044924319 0.803207531480646 0
    outer loop
      vertex -13.111140466039204 -1.6629392246050905 1.6
      vertex -13.111140466039204 -1.6629392246050905 0
      vertex -13.268786568327291 -1.546020906725474 1.6
    endloop
  endfacet
  facet normal 0.9415440651830224 0.3368898533922157 0
    outer loop
      vertex -13.913880671464417 -0.5805693545089247 1.6
      vertex -13.847759065022574 -0.7653668647301796 1.6
      vertex -13.847759065022574 -0.7653668647301796 0
    endloop
  endfacet
  facet normal 0.5141027441932232 0.8577286100002711 0
    outer loop
      vertex -12.942793473651996 -1.76384252869671 1.6
      vertex -12.942793473651996 -1.76384252869671 0
      vertex -13.111140466039204 -1.6629392246050905 1.6
    endloop
  endfacet
  facet normal 0.04906767432741744 0.9987954562051724 0
    outer loop
      vertex -12 -2 1.6
      vertex -12 -2 0
      vertex -12.196034280659122 -1.9903694533443939 1.6
    endloop
  endfacet
  facet normal -0.04906767432741744 0.9987954562051724 0
    outer loop
      vertex -11.803965719340878 -1.9903694533443939 1.6
      vertex -11.803965719340878 -1.9903694533443939 0
      vertex -12 -2 1.6
    endloop
  endfacet
  facet normal -0.1467304744553632 0.9891765099647807 0
    outer loop
      vertex -11.609819355967744 -1.9615705608064609 1.6
      vertex -11.609819355967744 -1.9615705608064609 0
      vertex -11.803965719340878 -1.9903694533443939 1.6
    endloop
  endfacet
  facet normal -0.24298017990326415 0.970031253194544 0
    outer loop
      vertex -11.419430645491076 -1.9138806714644176 1.6
      vertex -11.419430645491076 -1.9138806714644176 0
      vertex -11.609819355967744 -1.9615705608064609 1.6
    endloop
  endfacet
  facet normal -0.33688985339221933 0.941544065183021 0
    outer loop
      vertex -11.23463313526982 -1.8477590650225735 1.6
      vertex -11.23463313526982 -1.8477590650225735 0
      vertex -11.419430645491076 -1.9138806714644176 1.6
    endloop
  endfacet
  facet normal -0.42755509343028003 0.9039892931234441 0
    outer loop
      vertex -11.057206526348004 -1.76384252869671 1.6
      vertex -11.057206526348004 -1.76384252869671 0
      vertex -11.23463313526982 -1.8477590650225735 1.6
    endloop
  endfacet
  facet normal -0.5141027441932232 0.8577286100002711 0
    outer loop
      vertex -10.888859533960796 -1.6629392246050905 1.6
      vertex -10.888859533960796 -1.6629392246050905 0
      vertex -11.057206526348004 -1.76384252869671 1.6
    endloop
  endfacet
  facet normal -0.5956993044924319 0.803207531480646 0
    outer loop
      vertex -10.731213431672709 -1.546020906725474 1.6
      vertex -10.731213431672709 -1.546020906725474 0
      vertex -10.888859533960796 -1.6629392246050905 1.6
    endloop
  endfacet
  facet normal -0.6715589548470176 0.74095112535496 0
    outer loop
      vertex -10.585786437626904 -1.4142135623730951 1.6
      vertex -10.585786437626904 -1.4142135623730951 0
      vertex -10.731213431672709 -1.546020906725474 1.6
    endloop
  endfacet
  facet normal -0.7409511253549618 0.6715589548470157 0
    outer loop
      vertex -10.585786437626904 -1.4142135623730951 1.6
      vertex -10.453979093274526 -1.268786568327291 1.6
      vertex -10.453979093274526 -1.268786568327291 0
    endloop
  endfacet
  facet normal -0.8032075314806463 0.5956993044924316 0
    outer loop
      vertex -10.453979093274526 -1.268786568327291 1.6
      vertex -10.33706077539491 -1.1111404660392044 1.6
      vertex -10.33706077539491 -1.1111404660392044 0
    endloop
  endfacet
  facet normal -0.8577286100002709 0.5141027441932238 0
    outer loop
      vertex -10.33706077539491 -1.1111404660392044 1.6
      vertex -10.23615747130329 -0.9427934736519953 1.6
      vertex -10.23615747130329 -0.9427934736519953 0
    endloop
  endfacet
  facet normal -0.9039892931234421 0.4275550934302846 0
    outer loop
      vertex -10.23615747130329 -0.9427934736519953 1.6
      vertex -10.152240934977426 -0.7653668647301796 1.6
      vertex -10.152240934977426 -0.7653668647301796 0
    endloop
  endfacet
  facet normal -0.9415440651830224 0.3368898533922157 0
    outer loop
      vertex -10.152240934977426 -0.7653668647301796 1.6
      vertex -10.086119328535583 -0.5805693545089247 1.6
      vertex -10.086119328535583 -0.5805693545089247 0
    endloop
  endfacet
  facet normal -0.9700312531945434 0.24298017990326629 0
    outer loop
      vertex -10.086119328535583 -0.5805693545089247 1.6
      vertex -10.03842943919354 -0.3901806440322565 1.6
      vertex -10.03842943919354 -0.3901806440322565 0
    endloop
  endfacet
  facet normal -0.9891765099647806 0.1467304744553646 0
    outer loop
      vertex -10.03842943919354 -0.3901806440322565 1.6
      vertex -10.009630546655606 -0.1960342806591212 1.6
      vertex -10.009630546655606 -0.1960342806591212 0
    endloop
  endfacet
  facet normal -0.9987954562051726 0.04906767432741532 0
    outer loop
      vertex -10.009630546655606 -0.1960342806591212 1.6
      vertex -10 0 1.6
      vertex -10 0 0
    endloop
  endfacet
  facet normal 0.9987954562051726 -0.04906767432741532 0
    outer loop
      vertex -13.990369453344394 0.1960342806591212 1.6
      vertex -14 0 0
      vertex -13.990369453344394 0.1960342806591212 0
    endloop
  endfacet
  facet normal 0.9891765099647806 -0.1467304744553646 0
    outer loop
      vertex -13.96157056080646 0.3901806440322565 1.6
      vertex -13.990369453344394 0.1960342806591212 0
      vertex -13.96157056080646 0.3901806440322565 0
    endloop
  endfacet
  facet normal 0.9700312531945434 -0.24298017990326629 0
    outer loop
      vertex -13.913880671464417 0.5805693545089247 1.6
      vertex -13.96157056080646 0.3901806440322565 0
      vertex -13.913880671464417 0.5805693545089247 0
    endloop
  endfacet
  facet normal 0.9987954562051726 -0.04906767432741532 0
    outer loop
      vertex -13.990369453344394 0.1960342806591212 1.6
      vertex -14 0 1.6
      vertex -14 0 0
    endloop
  endfacet
  facet normal 0.9891765099647806 -0.1467304744553646 0
    outer loop
      vertex -13.96157056080646 0.3901806440322565 1.6
      vertex -13.990369453344394 0.1960342806591212 1.6
      vertex -13.990369453344394 0.1960342806591212 0
    endloop
  endfacet
  facet normal 0.9700312531945434 -0.24298017990326629 0
    outer loop
      vertex -13.913880671464417 0.5805693545089247 1.6
      vertex -13.96157056080646 0.3901806440322565 1.6
      vertex -13.96157056080646 0.3901806440322565 0
    endloop
  endfacet
  facet normal 0.9415440651830224 -0.3368898533922157 0
    outer loop
      vertex -13.847759065022574 0.7653668647301796 1.6
      vertex -13.913880671464417 0.5805693545089247 1.6
      vertex -13.913880671464417 0.5805693545089247 0
    endloop
  endfacet
  facet normal 0.9415440651830224 -0.3368898533922157 0
    outer loop
      vertex -13.847759065022574 0.7653668647301796 1.6
      vertex -13.913880671464417 0.5805693545089247 0
      vertex -13.847759065022574 0.7653668647301796 0
    endloop
  endfacet
  facet normal 0.9039892931234421 -0.4275550934302846 0
    outer loop
      vertex -13.76384252869671 0.9427934736519953 1.6
      vertex -13.847759065022574 0.7653668647301796 0
      vertex -13.76384252869671 0.9427934736519953 0
    endloop
  endfacet
  facet normal 0.8577286100002709 -0.5141027441932238 0
    outer loop
      vertex -13.66293922460509 1.1111404660392044 1.6
      vertex -13.76384252869671 0.9427934736519953 0
      vertex -13.66293922460509 1.1111404660392044 0
    endloop
  endfacet
  facet normal 0.8032075314806463 -0.5956993044924316 0
    outer loop
      vertex -13.546020906725474 1.268786568327291 1.6
      vertex -13.66293922460509 1.1111404660392044 0
      vertex -13.546020906725474 1.268786568327291 0
    endloop
  endfacet
  facet normal 0.7409511253549618 -0.6715589548470157 0
    outer loop
      vertex -13.414213562373096 1.4142135623730951 1.6
      vertex -13.546020906725474 1.268786568327291 0
      vertex -13.414213562373096 1.4142135623730951 0
    endloop
  endfacet
  facet normal 0.6715589548470176 -0.74095112535496 0
    outer loop
      vertex -13.268786568327291 1.546020906725474 1.6
      vertex -13.414213562373096 1.4142135623730951 0
      vertex -13.268786568327291 1.546020906725474 0
    endloop
  endfacet
  facet normal 0.5956993044924319 -0.803207531480646 0
    outer loop
      vertex -13.111140466039204 1.6629392246050905 1.6
      vertex -13.268786568327291 1.546020906725474 0
      vertex -13.111140466039204 1.6629392246050905 0
    endloop
  endfacet
  facet normal 0.5141027441932232 -0.8577286100002711 0
    outer loop
      vertex -12.942793473651996 1.76384252869671 1.6
      vertex -13.111140466039204 1.6629392246050905 0
      vertex -12.942793473651996 1.76384252869671 0
    endloop
  endfacet
  facet normal 0.42755509343028003 -0.9039892931234441 0
    outer loop
      vertex -12.76536686473018 1.8477590650225735 1.6
      vertex -12.942793473651996 1.76384252869671 0
      vertex -12.76536686473018 1.8477590650225735 0
    endloop
  endfacet
  facet normal 0.33688985339221933 -0.941544065183021 0
    outer loop
      vertex -12.580569354508924 1.9138806714644176 1.6
      vertex -12.76536686473018 1.8477590650225735 0
      vertex -12.580569354508924 1.9138806714644176 0
    endloop
  endfacet
  facet normal 0.24298017990326415 -0.970031253194544 0
    outer loop
      vertex -12.390180644032256 1.9615705608064609 1.6
      vertex -12.580569354508924 1.9138806714644176 0
      vertex -12.390180644032256 1.9615705608064609 0
    endloop
  endfacet
  facet normal 0.1467304744553632 -0.9891765099647807 0
    outer loop
      vertex -12.196034280659122 1.9903694533443939 1.6
      vertex -12.390180644032256 1.9615705608064609 0
      vertex -12.196034280659122 1.9903694533443939 0
    endloop
  endfacet
  facet normal -0.5141027441932232 -0.8577286100002711 0
    outer loop
      vertex -10.888859533960796 1.6629392246050905 1.6
      vertex -11.057206526348004 1.76384252869671 0
      vertex -10.888859533960796 1.6629392246050905 0
    endloop
  endfacet
  facet normal -0.6715589548470176 -0.74095112535496 0
    outer loop
      vertex -10.731213431672709 1.546020906725474 0
      vertex -10.585786437626904 1.4142135623730951 0
      vertex -10.585786437626904 1.4142135623730951 1.6
    endloop
  endfacet
  facet normal -0.5956993044924319 -0.803207531480646 0
    outer loop
      vertex -10.731213431672709 1.546020906725474 1.6
      vertex -10.888859533960796 1.6629392246050905 0
      vertex -10.731213431672709 1.546020906725474 0
    endloop
  endfacet
  facet normal -0.7409511253549618 -0.6715589548470157 0
    outer loop
      vertex -10.453979093274526 1.268786568327291 1.6
      vertex -10.585786437626904 1.4142135623730951 0
      vertex -10.453979093274526 1.268786568327291 0
    endloop
  endfacet
  facet normal 0.04906767432741744 -0.9987954562051724 0
    outer loop
      vertex -12 2 1.6
      vertex -12.196034280659122 1.9903694533443939 0
      vertex -12 2 0
    endloop
  endfacet
  facet normal -0.04906767432741744 -0.9987954562051724 0
    outer loop
      vertex -11.803965719340878 1.9903694533443939 1.6
      vertex -12 2 0
      vertex -11.803965719340878 1.9903694533443939 0
    endloop
  endfacet
  facet normal -0.1467304744553632 -0.9891765099647807 0
    outer loop
      vertex -11.609819355967744 1.9615705608064609 1.6
      vertex -11.803965719340878 1.9903694533443939 0
      vertex -11.609819355967744 1.9615705608064609 0
    endloop
  endfacet
  facet normal -0.24298017990326415 -0.970031253194544 0
    outer loop
      vertex -11.419430645491076 1.9138806714644176 1.6
      vertex -11.609819355967744 1.9615705608064609 0
      vertex -11.419430645491076 1.9138806714644176 0
    endloop
  endfacet
  facet normal -0.33688985339221933 -0.941544065183021 0
    outer loop
      vertex -11.23463313526982 1.8477590650225735 1.6
      vertex -11.419430645491076 1.9138806714644176 0
      vertex -11.23463313526982 1.8477590650225735 0
    endloop
  endfacet
  facet normal -0.42755509343028003 -0.9039892931234441 0
    outer loop
      vertex -11.057206526348004 1.76384252869671 1.6
      vertex -11.23463313526982 1.8477590650225735 0
      vertex -11.057206526348004 1.76384252869671 0
    endloop
  endfacet
  facet normal -0.9987954562051726 -0.04906767432741532 0
    outer loop
      vertex -10 0 0
      vertex -10 0 1.6
      vertex -10.009630546655606 0.1960342806591212 0
    endloop
  endfacet
  facet normal -0.9891765099647806 -0.1467304744553646 0
    outer loop
      vertex -10.009630546655606 0.1960342806591212 1.6
      vertex -10.03842943919354 0.3901806440322565 0
      vertex -10.009630546655606 0.1960342806591212 0
    endloop
  endfacet
  facet normal -0.9415440651830224 -0.3368898533922157 0
    outer loop
      vertex -10.086119328535583 0.5805693545089247 1.6
      vertex -10.152240934977426 0.7653668647301796 0
      vertex -10.086119328535583 0.5805693545089247 0
    endloop
  endfacet
  facet normal -0.9700312531945434 -0.24298017990326629 0
    outer loop
      vertex -10.03842943919354 0.3901806440322565 1.6
      vertex -10.086119328535583 0.5805693545089247 0
      vertex -10.03842943919354 0.3901806440322565 0
    endloop
  endfacet
  facet normal -0.9039892931234421 -0.4275550934302846 0
    outer loop
      vertex -10.152240934977426 0.7653668647301796 1.6
      vertex -10.23615747130329 0.9427934736519953 0
      vertex -10.152240934977426 0.7653668647301796 0
    endloop
  endfacet
  facet normal -0.8577286100002709 -0.5141027441932238 0
    outer loop
      vertex -10.23615747130329 0.9427934736519953 1.6
      vertex -10.33706077539491 1.1111404660392044 0
      vertex -10.23615747130329 0.9427934736519953 0
    endloop
  endfacet
  facet normal -0.8032075314806463 -0.5956993044924316 0
    outer loop
      vertex -10.33706077539491 1.1111404660392044 1.6
      vertex -10.453979093274526 1.268786568327291 0
      vertex -10.33706077539491 1.1111404660392044 0
    endloop
  endfacet
  facet normal 0.9039892931234421 -0.4275550934302846 0
    outer loop
      vertex -13.76384252869671 0.9427934736519953 1.6
      vertex -13.847759065022574 0.7653668647301796 1.6
      vertex -13.847759065022574 0.7653668647301796 0
    endloop
  endfacet
  facet normal 0.8577286100002709 -0.5141027441932238 0
    outer loop
      vertex -13.66293922460509 1.1111404660392044 1.6
      vertex -13.76384252869671 0.9427934736519953 1.6
      vertex -13.76384252869671 0.9427934736519953 0
    endloop
  endfacet
  facet normal 0.8032075314806463 -0.5956993044924316 0
    outer loop
      vertex -13.546020906725474 1.268786568327291 1.6
      vertex -13.66293922460509 1.1111404660392044 1.6
      vertex -13.66293922460509 1.1111404660392044 0
    endloop
  endfacet
  facet normal 0.7409511253549618 -0.6715589548470157 0
    outer loop
      vertex -13.414213562373096 1.4142135623730951 1.6
      vertex -13.546020906725474 1.268786568327291 1.6
      vertex -13.546020906725474 1.268786568327291 0
    endloop
  endfacet
  facet normal 0.6715589548470176 -0.74095112535496 0
    outer loop
      vertex -13.414213562373096 1.4142135623730951 1.6
      vertex -13.414213562373096 1.4142135623730951 0
      vertex -13.268786568327291 1.546020906725474 1.6
    endloop
  endfacet
  facet normal 0.5956993044924319 -0.803207531480646 0
    outer loop
      vertex -13.268786568327291 1.546020906725474 1.6
      vertex -13.268786568327291 1.546020906725474 0
      vertex -13.111140466039204 1.6629392246050905 1.6
    endloop
  endfacet
  facet normal 0.5141027441932232 -0.8577286100002711 0
    outer loop
      vertex -13.111140466039204 1.6629392246050905 1.6
      vertex -13.111140466039204 1.6629392246050905 0
      vertex -12.942793473651996 1.76384252869671 1.6
    endloop
  endfacet
  facet normal 0.42755509343028003 -0.9039892931234441 0
    outer loop
      vertex -12.942793473651996 1.76384252869671 1.6
      vertex -12.942793473651996 1.76384252869671 0
      vertex -12.76536686473018 1.8477590650225735 1.6
    endloop
  endfacet
  facet normal 0.33688985339221933 -0.941544065183021 0
    outer loop
      vertex -12.76536686473018 1.8477590650225735 1.6
      vertex -12.76536686473018 1.8477590650225735 0
      vertex -12.580569354508924 1.9138806714644176 1.6
    endloop
  endfacet
  facet normal 0.24298017990326415 -0.970031253194544 0
    outer loop
      vertex -12.580569354508924 1.9138806714644176 1.6
      vertex -12.580569354508924 1.9138806714644176 0
      vertex -12.390180644032256 1.9615705608064609 1.6
    endloop
  endfacet
  facet normal 0.1467304744553632 -0.9891765099647807 0
    outer loop
      vertex -12.390180644032256 1.9615705608064609 1.6
      vertex -12.390180644032256 1.9615705608064609 0
      vertex -12.196034280659122 1.9903694533443939 1.6
    endloop
  endfacet
  facet normal -0.5141027441932232 -0.8577286100002711 0
    outer loop
      vertex -11.057206526348004 1.76384252869671 1.6
      vertex -11.057206526348004 1.76384252869671 0
      vertex -10.888859533960796 1.6629392246050905 1.6
    endloop
  endfacet
  facet normal -0.8032075314806463 -0.5956993044924316 0
    outer loop
      vertex -10.33706077539491 1.1111404660392044 1.6
      vertex -10.453979093274526 1.268786568327291 1.6
      vertex -10.453979093274526 1.268786568327291 0
    endloop
  endfacet
  facet normal -0.6715589548470176 -0.74095112535496 0
    outer loop
      vertex -10.731213431672709 1.546020906725474 1.6
      vertex -10.731213431672709 1.546020906725474 0
      vertex -10.585786437626904 1.4142135623730951 1.6
    endloop
  endfacet
  facet normal -0.5956993044924319 -0.803207531480646 0
    outer loop
      vertex -10.888859533960796 1.6629392246050905 1.6
      vertex -10.888859533960796 1.6629392246050905 0
      vertex -10.731213431672709 1.546020906725474 1.6
    endloop
  endfacet
  facet normal -0.7409511253549618 -0.6715589548470157 0
    outer loop
      vertex -10.453979093274526 1.268786568327291 1.6
      vertex -10.585786437626904 1.4142135623730951 1.6
      vertex -10.585786437626904 1.4142135623730951 0
    endloop
  endfacet
  facet normal 0.04906767432741744 -0.9987954562051724 0
    outer loop
      vertex -12.196034280659122 1.9903694533443939 1.6
      vertex -12.196034280659122 1.9903694533443939 0
      vertex -12 2 1.6
    endloop
  endfacet
  facet normal -0.04906767432741744 -0.9987954562051724 0
    outer loop
      vertex -12 2 1.6
      vertex -12 2 0
      vertex -11.803965719340878 1.9903694533443939 1.6
    endloop
  endfacet
  facet normal -0.1467304744553632 -0.9891765099647807 0
    outer loop
      vertex -11.803965719340878 1.9903694533443939 1.6
      vertex -11.803965719340878 1.9903694533443939 0
      vertex -11.609819355967744 1.9615705608064609 1.6
    endloop
  endfacet
  facet normal -0.24298017990326415 -0.970031253194544 0
    outer loop
      vertex -11.609819355967744 1.9615705608064609 1.6
      vertex -11.609819355967744 1.9615705608064609 0
      vertex -11.419430645491076 1.9138806714644176 1.6
    endloop
  endfacet
  facet normal -0.33688985339221933 -0.941544065183021 0
    outer loop
      vertex -11.419430645491076 1.9138806714644176 1.6
      vertex -11.419430645491076 1.9138806714644176 0
      vertex -11.23463313526982 1.8477590650225735 1.6
    endloop
  endfacet
  facet normal -0.42755509343028003 -0.9039892931234441 0
    outer loop
      vertex -11.23463313526982 1.8477590650225735 1.6
      vertex -11.23463313526982 1.8477590650225735 0
      vertex -11.057206526348004 1.76384252869671 1.6
    endloop
  endfacet
  facet normal -0.9987954562051726 -0.04906767432741532 0
    outer loop
      vertex -10 0 1.6
      vertex -10.009630546655606 0.1960342806591212 1.6
      vertex -10.009630546655606 0.1960342806591212 0
    endloop
  endfacet
  facet normal -0.9891765099647806 -0.1467304744553646 0
    outer loop
      vertex -10.009630546655606 0.1960342806591212 1.6
      vertex -10.03842943919354 0.3901806440322565 1.6
      vertex -10.03842943919354 0.3901806440322565 0
    endloop
  endfacet
  facet normal -0.9700312531945434 -0.24298017990326629 0
    outer loop
      vertex -10.03842943919354 0.3901806440322565 1.6
      vertex -10.086119328535583 0.5805693545089247 1.6
      vertex -10.086119328535583 0.5805693545089247 0
    endloop
  endfacet
  facet normal -0.9415440651830224 -0.3368898533922157 0
    outer loop
      vertex -10.086119328535583 0.5805693545089247 1.6
      vertex -10.152240934977426 0.7653668647301796 1.6
      vertex -10.152240934977426 0.7653668647301796 0
    endloop
  endfacet
  facet normal -0.8577286100002709 -0.5141027441932238 0
    outer loop
      vertex -10.23615747130329 0.9427934736519953 1.6
      vertex -10.33706077539491 1.1111404660392044 1.6
      vertex -10.33706077539491 1.1111404660392044 0
    endloop
  endfacet
  facet normal -0.9039892931234421 -0.4275550934302846 0
    outer loop
      vertex -10.152240934977426 0.7653668647301796 1.6
      vertex -10.23615747130329 0.9427934736519953 1.6
      vertex -10.23615747130329 0.9427934736519953 0
    endloop
  endfacet
  facet normal 0.9415440651830225 0.33688985339221533 0
    outer loop
      vertex -13.913880671464417 11.419430645491076 1.6
      vertex -13.847759065022574 11.23463313526982 0
      vertex -13.913880671464417 11.419430645491076 0
    endloop
  endfacet
  facet normal 0.9700312531945434 0.24298017990326629 0
    outer loop
      vertex -13.96157056080646 11.609819355967744 1.6
      vertex -13.913880671464417 11.419430645491076 0
      vertex -13.96157056080646 11.609819355967744 0
    endloop
  endfacet
  facet normal 0.9891765099647805 0.14673047445536544 0
    outer loop
      vertex -13.990369453344394 11.803965719340878 1.6
      vertex -13.96157056080646 11.609819355967744 0
      vertex -13.990369453344394 11.803965719340878 0
    endloop
  endfacet
  facet normal 0.9987954562051726 0.049067674327415184 0
    outer loop
      vertex -14 12 1.6
      vertex -13.990369453344394 11.803965719340878 0
      vertex -14 12 0
    endloop
  endfacet
  facet normal 0.9987954562051726 -0.049067674327415184 0
    outer loop
      vertex -13.990369453344394 12.196034280659122 1.6
      vertex -14 12 0
      vertex -13.990369453344394 12.196034280659122 0
    endloop
  endfacet
  facet normal 0.9891765099647805 -0.14673047445536544 0
    outer loop
      vertex -13.96157056080646 12.390180644032256 1.6
      vertex -13.990369453344394 12.196034280659122 0
      vertex -13.96157056080646 12.390180644032256 0
    endloop
  endfacet
  facet normal 0.9700312531945434 -0.24298017990326629 0
    outer loop
      vertex -13.913880671464417 12.580569354508924 1.6
      vertex -13.96157056080646 12.390180644032256 0
      vertex -13.913880671464417 12.580569354508924 0
    endloop
  endfacet
  facet normal 0.9700312531945434 0.24298017990326629 0
    outer loop
      vertex -13.96157056080646 11.609819355967744 1.6
      vertex -13.913880671464417 11.419430645491076 1.6
      vertex -13.913880671464417 11.419430645491076 0
    endloop
  endfacet
  facet normal 0.9891765099647805 0.14673047445536544 0
    outer loop
      vertex -13.990369453344394 11.803965719340878 1.6
      vertex -13.96157056080646 11.609819355967744 1.6
      vertex -13.96157056080646 11.609819355967744 0
    endloop
  endfacet
  facet normal 0.9987954562051726 0.049067674327415184 0
    outer loop
      vertex -14 12 1.6
      vertex -13.990369453344394 11.803965719340878 1.6
      vertex -13.990369453344394 11.803965719340878 0
    endloop
  endfacet
  facet normal 0.9987954562051726 -0.049067674327415184 0
    outer loop
      vertex -13.990369453344394 12.196034280659122 1.6
      vertex -14 12 1.6
      vertex -14 12 0
    endloop
  endfacet
  facet normal 0.9891765099647805 -0.14673047445536544 0
    outer loop
      vertex -13.96157056080646 12.390180644032256 1.6
      vertex -13.990369453344394 12.196034280659122 1.6
      vertex -13.990369453344394 12.196034280659122 0
    endloop
  endfacet
  facet normal 0.9700312531945434 -0.24298017990326629 0
    outer loop
      vertex -13.913880671464417 12.580569354508924 1.6
      vertex -13.96157056080646 12.390180644032256 1.6
      vertex -13.96157056080646 12.390180644032256 0
    endloop
  endfacet
  facet normal 0.9415440651830225 -0.33688985339221533 0
    outer loop
      vertex -13.847759065022574 12.76536686473018 1.6
      vertex -13.913880671464417 12.580569354508924 1.6
      vertex -13.913880671464417 12.580569354508924 0
    endloop
  endfacet
  facet normal 0.5141027441932249 0.8577286100002701 0
    outer loop
      vertex -13.111140466039204 10.33706077539491 1.6
      vertex -12.942793473651996 10.23615747130329 0
      vertex -13.111140466039204 10.33706077539491 0
    endloop
  endfacet
  facet normal 0.42755509343028286 0.903989293123443 0
    outer loop
      vertex -12.942793473651996 10.23615747130329 1.6
      vertex -12.76536686473018 10.152240934977426 0
      vertex -12.942793473651996 10.23615747130329 0
    endloop
  endfacet
  facet normal 0.33688985339221533 0.9415440651830225 0
    outer loop
      vertex -12.76536686473018 10.152240934977426 1.6
      vertex -12.580569354508924 10.086119328535583 0
      vertex -12.76536686473018 10.152240934977426 0
    endloop
  endfacet
  facet normal 0.24298017990326629 0.9700312531945434 0
    outer loop
      vertex -12.580569354508924 10.086119328535583 1.6
      vertex -12.390180644032256 10.03842943919354 0
      vertex -12.580569354508924 10.086119328535583 0
    endloop
  endfacet
  facet normal 0.14673047445536544 0.9891765099647805 0
    outer loop
      vertex -12.390180644032256 10.03842943919354 1.6
      vertex -12.196034280659122 10.009630546655606 0
      vertex -12.390180644032256 10.03842943919354 0
    endloop
  endfacet
  facet normal 0.049067674327415184 0.9987954562051726 0
    outer loop
      vertex -12.196034280659122 10.009630546655606 1.6
      vertex -12 10 0
      vertex -12.196034280659122 10.009630546655606 0
    endloop
  endfacet
  facet normal -0.049067674327415184 0.9987954562051726 0
    outer loop
      vertex -12 10 1.6
      vertex -11.803965719340878 10.009630546655606 0
      vertex -12 10 0
    endloop
  endfacet
  facet normal -0.14673047445536544 0.9891765099647805 0
    outer loop
      vertex -11.803965719340878 10.009630546655606 1.6
      vertex -11.609819355967744 10.03842943919354 0
      vertex -11.803965719340878 10.009630546655606 0
    endloop
  endfacet
  facet normal -0.24298017990326629 0.9700312531945434 0
    outer loop
      vertex -11.609819355967744 10.03842943919354 1.6
      vertex -11.419430645491076 10.086119328535583 0
      vertex -11.609819355967744 10.03842943919354 0
    endloop
  endfacet
  facet normal -0.33688985339221533 0.9415440651830225 0
    outer loop
      vertex -11.419430645491076 10.086119328535583 1.6
      vertex -11.23463313526982 10.152240934977426 0
      vertex -11.419430645491076 10.086119328535583 0
    endloop
  endfacet
  facet normal -0.42755509343028286 0.903989293123443 0
    outer loop
      vertex -11.23463313526982 10.152240934977426 1.6
      vertex -11.057206526348004 10.23615747130329 0
      vertex -11.23463313526982 10.152240934977426 0
    endloop
  endfacet
  facet normal -0.5141027441932249 0.8577286100002701 0
    outer loop
      vertex -11.057206526348004 10.23615747130329 1.6
      vertex -10.888859533960796 10.33706077539491 0
      vertex -11.057206526348004 10.23615747130329 0
    endloop
  endfacet
  facet normal -0.5956993044924305 0.803207531480647 0
    outer loop
      vertex -10.888859533960796 10.33706077539491 1.6
      vertex -10.731213431672709 10.453979093274526 0
      vertex -10.888859533960796 10.33706077539491 0
    endloop
  endfacet
  facet normal 0.803207531480647 0.5956993044924305 0
    outer loop
      vertex -13.66293922460509 10.888859533960796 1.6
      vertex -13.546020906725474 10.731213431672709 0
      vertex -13.66293922460509 10.888859533960796 0
    endloop
  endfacet
  facet normal 0.7409511253549622 0.671558954847015 0
    outer loop
      vertex -13.546020906725474 10.731213431672709 1.6
      vertex -13.414213562373096 10.585786437626904 0
      vertex -13.546020906725474 10.731213431672709 0
    endloop
  endfacet
  facet normal 0.8577286100002701 0.5141027441932249 0
    outer loop
      vertex -13.76384252869671 11.057206526348004 1.6
      vertex -13.66293922460509 10.888859533960796 0
      vertex -13.76384252869671 11.057206526348004 0
    endloop
  endfacet
  facet normal 0.903989293123443 0.42755509343028286 0
    outer loop
      vertex -13.847759065022574 11.23463313526982 1.6
      vertex -13.76384252869671 11.057206526348004 0
      vertex -13.847759065022574 11.23463313526982 0
    endloop
  endfacet
  facet normal 0.671558954847015 0.7409511253549622 0
    outer loop
      vertex -13.414213562373096 10.585786437626904 1.6
      vertex -13.268786568327291 10.453979093274526 0
      vertex -13.414213562373096 10.585786437626904 0
    endloop
  endfacet
  facet normal 0.5956993044924305 0.803207531480647 0
    outer loop
      vertex -13.268786568327291 10.453979093274526 1.6
      vertex -13.111140466039204 10.33706077539491 0
      vertex -13.268786568327291 10.453979093274526 0
    endloop
  endfacet
  facet normal 0.9415440651830225 -0.33688985339221533 0
    outer loop
      vertex -13.847759065022574 12.76536686473018 1.6
      vertex -13.913880671464417 12.580569354508924 0
      vertex -13.847759065022574 12.76536686473018 0
    endloop
  endfacet
  facet normal 0.903989293123443 -0.42755509343028286 0
    outer loop
      vertex -13.76384252869671 12.942793473651996 1.6
      vertex -13.847759065022574 12.76536686473018 0
      vertex -13.76384252869671 12.942793473651996 0
    endloop
  endfacet
  facet normal 0.8577286100002701 -0.5141027441932249 0
    outer loop
      vertex -13.66293922460509 13.111140466039204 1.6
      vertex -13.76384252869671 12.942793473651996 0
      vertex -13.66293922460509 13.111140466039204 0
    endloop
  endfacet
  facet normal 0.803207531480647 -0.5956993044924305 0
    outer loop
      vertex -13.546020906725474 13.268786568327291 1.6
      vertex -13.66293922460509 13.111140466039204 0
      vertex -13.546020906725474 13.268786568327291 0
    endloop
  endfacet
  facet normal 0.7409511253549622 -0.671558954847015 0
    outer loop
      vertex -13.414213562373096 13.414213562373096 1.6
      vertex -13.546020906725474 13.268786568327291 0
      vertex -13.414213562373096 13.414213562373096 0
    endloop
  endfacet
  facet normal 0.671558954847015 -0.7409511253549622 0
    outer loop
      vertex -13.268786568327291 13.546020906725474 0
      vertex -13.268786568327291 13.546020906725474 1.6
      vertex -13.414213562373096 13.414213562373096 0
    endloop
  endfacet
  facet normal 0.5956993044924305 -0.803207531480647 0
    outer loop
      vertex -13.111140466039204 13.66293922460509 0
      vertex -13.111140466039204 13.66293922460509 1.6
      vertex -13.268786568327291 13.546020906725474 0
    endloop
  endfacet
  facet normal 0.5141027441932249 -0.8577286100002701 0
    outer loop
      vertex -12.942793473651996 13.76384252869671 0
      vertex -12.942793473651996 13.76384252869671 1.6
      vertex -13.111140466039204 13.66293922460509 0
    endloop
  endfacet
  facet normal 0.42755509343028286 -0.903989293123443 0
    outer loop
      vertex -12.76536686473018 13.847759065022574 0
      vertex -12.76536686473018 13.847759065022574 1.6
      vertex -12.942793473651996 13.76384252869671 0
    endloop
  endfacet
  facet normal -0.671558954847015 0.7409511253549622 0
    outer loop
      vertex -10.731213431672709 10.453979093274526 1.6
      vertex -10.585786437626904 10.585786437626904 0
      vertex -10.731213431672709 10.453979093274526 0
    endloop
  endfacet
  facet normal -0.7409511253549622 0.671558954847015 0
    outer loop
      vertex -10.585786437626904 10.585786437626904 0
      vertex -10.585786437626904 10.585786437626904 1.6
      vertex -10.453979093274526 10.731213431672709 0
    endloop
  endfacet
  facet normal -0.803207531480647 0.5956993044924305 0
    outer loop
      vertex -10.33706077539491 10.888859533960796 0
      vertex -10.453979093274526 10.731213431672709 0
      vertex -10.453979093274526 10.731213431672709 1.6
    endloop
  endfacet
  facet normal -0.33688985339221533 -0.9415440651830225 0
    outer loop
      vertex -11.23463313526982 13.847759065022574 0
      vertex -11.23463313526982 13.847759065022574 1.6
      vertex -11.419430645491076 13.913880671464417 0
    endloop
  endfacet
  facet normal -0.42755509343028286 -0.903989293123443 0
    outer loop
      vertex -11.057206526348004 13.76384252869671 0
      vertex -11.057206526348004 13.76384252869671 1.6
      vertex -11.23463313526982 13.847759065022574 0
    endloop
  endfacet
  facet normal -0.5141027441932249 -0.8577286100002701 0
    outer loop
      vertex -10.888859533960796 13.66293922460509 0
      vertex -10.888859533960796 13.66293922460509 1.6
      vertex -11.057206526348004 13.76384252869671 0
    endloop
  endfacet
  facet normal -0.7409511253549622 -0.671558954847015 0
    outer loop
      vertex -10.585786437626904 13.414213562373096 0
      vertex -10.453979093274526 13.268786568327291 0
      vertex -10.453979093274526 13.268786568327291 1.6
    endloop
  endfacet
  facet normal -0.5956993044924305 -0.803207531480647 0
    outer loop
      vertex -10.731213431672709 13.546020906725474 0
      vertex -10.731213431672709 13.546020906725474 1.6
      vertex -10.888859533960796 13.66293922460509 0
    endloop
  endfacet
  facet normal -0.671558954847015 -0.7409511253549622 0
    outer loop
      vertex -10.731213431672709 13.546020906725474 0
      vertex -10.585786437626904 13.414213562373096 0
      vertex -10.585786437626904 13.414213562373096 1.6
    endloop
  endfacet
  facet normal -0.8577286100002701 0.5141027441932249 0
    outer loop
      vertex -10.23615747130329 11.057206526348004 0
      vertex -10.33706077539491 10.888859533960796 0
      vertex -10.33706077539491 10.888859533960796 1.6
    endloop
  endfacet
  facet normal -0.903989293123443 0.42755509343028286 0
    outer loop
      vertex -10.152240934977426 11.23463313526982 0
      vertex -10.23615747130329 11.057206526348004 0
      vertex -10.23615747130329 11.057206526348004 1.6
    endloop
  endfacet
  facet normal -0.9415440651830225 0.33688985339221533 0
    outer loop
      vertex -10.086119328535583 11.419430645491076 0
      vertex -10.152240934977426 11.23463313526982 0
      vertex -10.152240934977426 11.23463313526982 1.6
    endloop
  endfacet
  facet normal -0.9700312531945434 0.24298017990326629 0
    outer loop
      vertex -10.03842943919354 11.609819355967744 0
      vertex -10.086119328535583 11.419430645491076 0
      vertex -10.086119328535583 11.419430645491076 1.6
    endloop
  endfacet
  facet normal -0.9891765099647805 0.14673047445536544 0
    outer loop
      vertex -10.009630546655606 11.803965719340878 0
      vertex -10.03842943919354 11.609819355967744 0
      vertex -10.03842943919354 11.609819355967744 1.6
    endloop
  endfacet
  facet normal -0.9987954562051726 0.049067674327415184 0
    outer loop
      vertex -10 12 0
      vertex -10.009630546655606 11.803965719340878 0
      vertex -10.009630546655606 11.803965719340878 1.6
    endloop
  endfacet
  facet normal -0.9987954562051726 -0.049067674327415184 0
    outer loop
      vertex -10.009630546655606 12.196034280659122 0
      vertex -10 12 0
      vertex -10 12 1.6
    endloop
  endfacet
  facet normal -0.9891765099647805 -0.14673047445536544 0
    outer loop
      vertex -10.03842943919354 12.390180644032256 0
      vertex -10.009630546655606 12.196034280659122 0
      vertex -10.009630546655606 12.196034280659122 1.6
    endloop
  endfacet
  facet normal -0.9700312531945434 -0.24298017990326629 0
    outer loop
      vertex -10.086119328535583 12.580569354508924 0
      vertex -10.03842943919354 12.390180644032256 0
      vertex -10.03842943919354 12.390180644032256 1.6
    endloop
  endfacet
  facet normal -0.8577286100002701 -0.5141027441932249 0
    outer loop
      vertex -10.33706077539491 13.111140466039204 0
      vertex -10.23615747130329 12.942793473651996 0
      vertex -10.23615747130329 12.942793473651996 1.6
    endloop
  endfacet
  facet normal -0.9415440651830225 -0.33688985339221533 0
    outer loop
      vertex -10.152240934977426 12.76536686473018 0
      vertex -10.086119328535583 12.580569354508924 0
      vertex -10.086119328535583 12.580569354508924 1.6
    endloop
  endfacet
  facet normal -0.903989293123443 -0.42755509343028286 0
    outer loop
      vertex -10.23615747130329 12.942793473651996 0
      vertex -10.152240934977426 12.76536686473018 0
      vertex -10.152240934977426 12.76536686473018 1.6
    endloop
  endfacet
  facet normal -0.803207531480647 -0.5956993044924305 0
    outer loop
      vertex -10.453979093274526 13.268786568327291 0
      vertex -10.33706077539491 13.111140466039204 0
      vertex -10.33706077539491 13.111140466039204 1.6
    endloop
  endfacet
  facet normal 0.5956993044924305 0.803207531480647 0
    outer loop
      vertex -13.111140466039204 10.33706077539491 1.6
      vertex -13.111140466039204 10.33706077539491 0
      vertex -13.268786568327291 10.453979093274526 1.6
    endloop
  endfacet
  facet normal 0.42755509343028286 0.903989293123443 0
    outer loop
      vertex -12.76536686473018 10.152240934977426 1.6
      vertex -12.76536686473018 10.152240934977426 0
      vertex -12.942793473651996 10.23615747130329 1.6
    endloop
  endfacet
  facet normal 0.5141027441932249 0.8577286100002701 0
    outer loop
      vertex -12.942793473651996 10.23615747130329 1.6
      vertex -12.942793473651996 10.23615747130329 0
      vertex -13.111140466039204 10.33706077539491 1.6
    endloop
  endfacet
  facet normal 0.33688985339221533 0.9415440651830225 0
    outer loop
      vertex -12.580569354508924 10.086119328535583 1.6
      vertex -12.580569354508924 10.086119328535583 0
      vertex -12.76536686473018 10.152240934977426 1.6
    endloop
  endfacet
  facet normal 0.24298017990326629 0.9700312531945434 0
    outer loop
      vertex -12.390180644032256 10.03842943919354 1.6
      vertex -12.390180644032256 10.03842943919354 0
      vertex -12.580569354508924 10.086119328535583 1.6
    endloop
  endfacet
  facet normal 0.14673047445536544 0.9891765099647805 0
    outer loop
      vertex -12.196034280659122 10.009630546655606 1.6
      vertex -12.196034280659122 10.009630546655606 0
      vertex -12.390180644032256 10.03842943919354 1.6
    endloop
  endfacet
  facet normal 0.049067674327415184 0.9987954562051726 0
    outer loop
      vertex -12 10 1.6
      vertex -12 10 0
      vertex -12.196034280659122 10.009630546655606 1.6
    endloop
  endfacet
  facet normal -0.049067674327415184 0.9987954562051726 0
    outer loop
      vertex -11.803965719340878 10.009630546655606 1.6
      vertex -11.803965719340878 10.009630546655606 0
      vertex -12 10 1.6
    endloop
  endfacet
  facet normal -0.14673047445536544 0.9891765099647805 0
    outer loop
      vertex -11.609819355967744 10.03842943919354 1.6
      vertex -11.609819355967744 10.03842943919354 0
      vertex -11.803965719340878 10.009630546655606 1.6
    endloop
  endfacet
  facet normal -0.24298017990326629 0.9700312531945434 0
    outer loop
      vertex -11.419430645491076 10.086119328535583 1.6
      vertex -11.419430645491076 10.086119328535583 0
      vertex -11.609819355967744 10.03842943919354 1.6
    endloop
  endfacet
  facet normal -0.33688985339221533 0.9415440651830225 0
    outer loop
      vertex -11.23463313526982 10.152240934977426 1.6
      vertex -11.23463313526982 10.152240934977426 0
      vertex -11.419430645491076 10.086119328535583 1.6
    endloop
  endfacet
  facet normal -0.42755509343028286 0.903989293123443 0
    outer loop
      vertex -11.057206526348004 10.23615747130329 1.6
      vertex -11.057206526348004 10.23615747130329 0
      vertex -11.23463313526982 10.152240934977426 1.6
    endloop
  endfacet
  facet normal -0.5141027441932249 0.8577286100002701 0
    outer loop
      vertex -10.888859533960796 10.33706077539491 1.6
      vertex -10.888859533960796 10.33706077539491 0
      vertex -11.057206526348004 10.23615747130329 1.6
    endloop
  endfacet
  facet normal 0.803207531480647 0.5956993044924305 0
    outer loop
      vertex -13.66293922460509 10.888859533960796 1.6
      vertex -13.546020906725474 10.731213431672709 1.6
      vertex -13.546020906725474 10.731213431672709 0
    endloop
  endfacet
  facet normal 0.7409511253549622 0.671558954847015 0
    outer loop
      vertex -13.546020906725474 10.731213431672709 1.6
      vertex -13.414213562373096 10.585786437626904 1.6
      vertex -13.414213562373096 10.585786437626904 0
    endloop
  endfacet
  facet normal 0.8577286100002701 0.5141027441932249 0
    outer loop
      vertex -13.76384252869671 11.057206526348004 1.6
      vertex -13.66293922460509 10.888859533960796 1.6
      vertex -13.66293922460509 10.888859533960796 0
    endloop
  endfacet
  facet normal 0.903989293123443 0.42755509343028286 0
    outer loop
      vertex -13.847759065022574 11.23463313526982 1.6
      vertex -13.76384252869671 11.057206526348004 1.6
      vertex -13.76384252869671 11.057206526348004 0
    endloop
  endfacet
  facet normal 0.671558954847015 0.7409511253549622 0
    outer loop
      vertex -13.268786568327291 10.453979093274526 1.6
      vertex -13.268786568327291 10.453979093274526 0
      vertex -13.414213562373096 10.585786437626904 1.6
    endloop
  endfacet
  facet normal 0.9415440651830225 0.33688985339221533 0
    outer loop
      vertex -13.913880671464417 11.419430645491076 1.6
      vertex -13.847759065022574 11.23463313526982 1.6
      vertex -13.847759065022574 11.23463313526982 0
    endloop
  endfacet
  facet normal 0.903989293123443 -0.42755509343028286 0
    outer loop
      vertex -13.76384252869671 12.942793473651996 1.6
      vertex -13.847759065022574 12.76536686473018 1.6
      vertex -13.847759065022574 12.76536686473018 0
    endloop
  endfacet
  facet normal 0.8577286100002701 -0.5141027441932249 0
    outer loop
      vertex -13.66293922460509 13.111140466039204 1.6
      vertex -13.76384252869671 12.942793473651996 1.6
      vertex -13.76384252869671 12.942793473651996 0
    endloop
  endfacet
  facet normal 0.803207531480647 -0.5956993044924305 0
    outer loop
      vertex -13.546020906725474 13.268786568327291 1.6
      vertex -13.66293922460509 13.111140466039204 1.6
      vertex -13.66293922460509 13.111140466039204 0
    endloop
  endfacet
  facet normal 0.7409511253549622 -0.671558954847015 0
    outer loop
      vertex -13.414213562373096 13.414213562373096 1.6
      vertex -13.546020906725474 13.268786568327291 1.6
      vertex -13.546020906725474 13.268786568327291 0
    endloop
  endfacet
  facet normal 0.671558954847015 -0.7409511253549622 0
    outer loop
      vertex -13.414213562373096 13.414213562373096 0
      vertex -13.268786568327291 13.546020906725474 1.6
      vertex -13.414213562373096 13.414213562373096 1.6
    endloop
  endfacet
  facet normal 0.5956993044924305 -0.803207531480647 0
    outer loop
      vertex -13.268786568327291 13.546020906725474 0
      vertex -13.111140466039204 13.66293922460509 1.6
      vertex -13.268786568327291 13.546020906725474 1.6
    endloop
  endfacet
  facet normal 0.5141027441932249 -0.8577286100002701 0
    outer loop
      vertex -13.111140466039204 13.66293922460509 0
      vertex -12.942793473651996 13.76384252869671 1.6
      vertex -13.111140466039204 13.66293922460509 1.6
    endloop
  endfacet
  facet normal 0.42755509343028286 -0.903989293123443 0
    outer loop
      vertex -12.942793473651996 13.76384252869671 0
      vertex -12.76536686473018 13.847759065022574 1.6
      vertex -12.942793473651996 13.76384252869671 1.6
    endloop
  endfacet
  facet normal 0.33688985339221533 -0.9415440651830225 0
    outer loop
      vertex -12.76536686473018 13.847759065022574 0
      vertex -12.580569354508924 13.913880671464417 1.6
      vertex -12.76536686473018 13.847759065022574 1.6
    endloop
  endfacet
  facet normal -0.5956993044924305 0.803207531480647 0
    outer loop
      vertex -10.731213431672709 10.453979093274526 1.6
      vertex -10.731213431672709 10.453979093274526 0
      vertex -10.888859533960796 10.33706077539491 1.6
    endloop
  endfacet
  facet normal -0.671558954847015 0.7409511253549622 0
    outer loop
      vertex -10.585786437626904 10.585786437626904 1.6
      vertex -10.585786437626904 10.585786437626904 0
      vertex -10.731213431672709 10.453979093274526 1.6
    endloop
  endfacet
  facet normal -0.7409511253549622 0.671558954847015 0
    outer loop
      vertex -10.453979093274526 10.731213431672709 0
      vertex -10.585786437626904 10.585786437626904 1.6
      vertex -10.453979093274526 10.731213431672709 1.6
    endloop
  endfacet
  facet normal -0.42755509343028286 -0.903989293123443 0
    outer loop
      vertex -11.23463313526982 13.847759065022574 0
      vertex -11.057206526348004 13.76384252869671 1.6
      vertex -11.23463313526982 13.847759065022574 1.6
    endloop
  endfacet
  facet normal -0.5141027441932249 -0.8577286100002701 0
    outer loop
      vertex -11.057206526348004 13.76384252869671 0
      vertex -10.888859533960796 13.66293922460509 1.6
      vertex -11.057206526348004 13.76384252869671 1.6
    endloop
  endfacet
  facet normal -0.803207531480647 -0.5956993044924305 0
    outer loop
      vertex -10.453979093274526 13.268786568327291 0
      vertex -10.33706077539491 13.111140466039204 1.6
      vertex -10.453979093274526 13.268786568327291 1.6
    endloop
  endfacet
  facet normal -0.7409511253549622 -0.671558954847015 0
    outer loop
      vertex -10.585786437626904 13.414213562373096 0
      vertex -10.453979093274526 13.268786568327291 1.6
      vertex -10.585786437626904 13.414213562373096 1.6
    endloop
  endfacet
  facet normal -0.5956993044924305 -0.803207531480647 0
    outer loop
      vertex -10.888859533960796 13.66293922460509 0
      vertex -10.731213431672709 13.546020906725474 1.6
      vertex -10.888859533960796 13.66293922460509 1.6
    endloop
  endfacet
  facet normal -0.671558954847015 -0.7409511253549622 0
    outer loop
      vertex -10.731213431672709 13.546020906725474 0
      vertex -10.585786437626904 13.414213562373096 1.6
      vertex -10.731213431672709 13.546020906725474 1.6
    endloop
  endfacet
  facet normal -0.803207531480647 0.5956993044924305 0
    outer loop
      vertex -10.33706077539491 10.888859533960796 0
      vertex -10.453979093274526 10.731213431672709 1.6
      vertex -10.33706077539491 10.888859533960796 1.6
    endloop
  endfacet
  facet normal -0.8577286100002701 0.5141027441932249 0
    outer loop
      vertex -10.23615747130329 11.057206526348004 0
      vertex -10.33706077539491 10.888859533960796 1.6
      vertex -10.23615747130329 11.057206526348004 1.6
    endloop
  endfacet
  facet normal -0.903989293123443 0.42755509343028286 0
    outer loop
      vertex -10.152240934977426 11.23463313526982 0
      vertex -10.23615747130329 11.057206526348004 1.6
      vertex -10.152240934977426 11.23463313526982 1.6
    endloop
  endfacet
  facet normal -0.9415440651830225 0.33688985339221533 0
    outer loop
      vertex -10.086119328535583 11.419430645491076 0
      vertex -10.152240934977426 11.23463313526982 1.6
      vertex -10.086119328535583 11.419430645491076 1.6
    endloop
  endfacet
  facet normal -0.9700312531945434 0.24298017990326629 0
    outer loop
      vertex -10.03842943919354 11.609819355967744 0
      vertex -10.086119328535583 11.419430645491076 1.6
      vertex -10.03842943919354 11.609819355967744 1.6
    endloop
  endfacet
  facet normal -0.9891765099647805 0.14673047445536544 0
    outer loop
      vertex -10.009630546655606 11.803965719340878 0
      vertex -10.03842943919354 11.609819355967744 1.6
      vertex -10.009630546655606 11.803965719340878 1.6
    endloop
  endfacet
  facet normal -0.9987954562051726 0.049067674327415184 0
    outer loop
      vertex -10 12 0
      vertex -10.009630546655606 11.803965719340878 1.6
      vertex -10 12 1.6
    endloop
  endfacet
  facet normal -0.9987954562051726 -0.049067674327415184 0
    outer loop
      vertex -10.009630546655606 12.196034280659122 0
      vertex -10 12 1.6
      vertex -10.009630546655606 12.196034280659122 1.6
    endloop
  endfacet
  facet normal -0.9891765099647805 -0.14673047445536544 0
    outer loop
      vertex -10.03842943919354 12.390180644032256 0
      vertex -10.009630546655606 12.196034280659122 1.6
      vertex -10.03842943919354 12.390180644032256 1.6
    endloop
  endfacet
  facet normal -0.9700312531945434 -0.24298017990326629 0
    outer loop
      vertex -10.086119328535583 12.580569354508924 0
      vertex -10.03842943919354 12.390180644032256 1.6
      vertex -10.086119328535583 12.580569354508924 1.6
    endloop
  endfacet
  facet normal -0.903989293123443 -0.42755509343028286 0
    outer loop
      vertex -10.23615747130329 12.942793473651996 0
      vertex -10.152240934977426 12.76536686473018 1.6
      vertex -10.23615747130329 12.942793473651996 1.6
    endloop
  endfacet
  facet normal -0.9415440651830225 -0.33688985339221533 0
    outer loop
      vertex -10.152240934977426 12.76536686473018 0
      vertex -10.086119328535583 12.580569354508924 1.6
      vertex -10.152240934977426 12.76536686473018 1.6
    endloop
  endfacet
  facet normal -0.8577286100002701 -0.5141027441932249 0
    outer loop
      vertex -10.33706077539491 13.111140466039204 0
      vertex -10.23615747130329 12.942793473651996 1.6
      vertex -10.33706077539491 13.111140466039204 1.6
    endloop
  endfacet
  facet normal 0.33688985339221533 -0.9415440651830225 0
    outer loop
      vertex -12.580569354508924 13.913880671464417 0
      vertex -12.580569354508924 13.913880671464417 1.6
      vertex -12.76536686473018 13.847759065022574 0
    endloop
  endfacet
  facet normal 0.24298017990326629 -0.9700312531945434 0
    outer loop
      vertex -12.390180644032256 13.96157056080646 0
      vertex -12.390180644032256 13.96157056080646 1.6
      vertex -12.580569354508924 13.913880671464417 0
    endloop
  endfacet
  facet normal 0.14673047445536544 -0.9891765099647805 0
    outer loop
      vertex -12.196034280659122 13.990369453344394 0
      vertex -12.196034280659122 13.990369453344394 1.6
      vertex -12.390180644032256 13.96157056080646 0
    endloop
  endfacet
  facet normal 0.049067674327415184 -0.9987954562051726 0
    outer loop
      vertex -12 14 0
      vertex -12 14 1.6
      vertex -12.196034280659122 13.990369453344394 0
    endloop
  endfacet
  facet normal -0.049067674327415184 -0.9987954562051726 0
    outer loop
      vertex -11.803965719340878 13.990369453344394 0
      vertex -11.803965719340878 13.990369453344394 1.6
      vertex -12 14 0
    endloop
  endfacet
  facet normal -0.14673047445536544 -0.9891765099647805 0
    outer loop
      vertex -11.609819355967744 13.96157056080646 0
      vertex -11.609819355967744 13.96157056080646 1.6
      vertex -11.803965719340878 13.990369453344394 0
    endloop
  endfacet
  facet normal -0.24298017990326629 -0.9700312531945434 0
    outer loop
      vertex -11.419430645491076 13.913880671464417 0
      vertex -11.419430645491076 13.913880671464417 1.6
      vertex -11.609819355967744 13.96157056080646 0
    endloop
  endfacet
  facet normal 0.24298017990326629 -0.9700312531945434 0
    outer loop
      vertex -12.580569354508924 13.913880671464417 0
      vertex -12.390180644032256 13.96157056080646 1.6
      vertex -12.580569354508924 13.913880671464417 1.6
    endloop
  endfacet
  facet normal 0.14673047445536544 -0.9891765099647805 0
    outer loop
      vertex -12.390180644032256 13.96157056080646 0
      vertex -12.196034280659122 13.990369453344394 1.6
      vertex -12.390180644032256 13.96157056080646 1.6
    endloop
  endfacet
  facet normal 0.049067674327415184 -0.9987954562051726 0
    outer loop
      vertex -12.196034280659122 13.990369453344394 0
      vertex -12 14 1.6
      vertex -12.196034280659122 13.990369453344394 1.6
    endloop
  endfacet
  facet normal -0.049067674327415184 -0.9987954562051726 0
    outer loop
      vertex -12 14 0
      vertex -11.803965719340878 13.990369453344394 1.6
      vertex -12 14 1.6
    endloop
  endfacet
  facet normal -0.14673047445536544 -0.9891765099647805 0
    outer loop
      vertex -11.803965719340878 13.990369453344394 0
      vertex -11.609819355967744 13.96157056080646 1.6
      vertex -11.803965719340878 13.990369453344394 1.6
    endloop
  endfacet
  facet normal -0.24298017990326629 -0.9700312531945434 0
    outer loop
      vertex -11.609819355967744 13.96157056080646 0
      vertex -11.419430645491076 13.913880671464417 1.6
      vertex -11.609819355967744 13.96157056080646 1.6
    endloop
  endfacet
  facet normal -0.33688985339221533 -0.9415440651830225 0
    outer loop
      vertex -11.419430645491076 13.913880671464417 0
      vertex -11.23463313526982 13.847759065022574 1.6
      vertex -11.419430645491076 13.913880671464417 1.6
    endloop
  endfacet
  facet normal 0.24298017990326629 0.9700312531945434 0
    outer loop
      vertex -0.5805693545089247 -13.913880671464417 1.6
      vertex -0.3901806440322565 -13.96157056080646 0
      vertex -0.5805693545089247 -13.913880671464417 0
    endloop
  endfacet
  facet normal 0.1467304744553646 0.9891765099647806 0
    outer loop
      vertex -0.3901806440322565 -13.96157056080646 1.6
      vertex -0.1960342806591212 -13.990369453344394 0
      vertex -0.3901806440322565 -13.96157056080646 0
    endloop
  endfacet
  facet normal 0.04906767432741532 0.9987954562051726 0
    outer loop
      vertex -0.1960342806591212 -13.990369453344394 1.6
      vertex 0 -14 0
      vertex -0.1960342806591212 -13.990369453344394 0
    endloop
  endfacet
  facet normal 0.3368898533922157 0.9415440651830224 0
    outer loop
      vertex -0.5805693545089247 -13.913880671464417 1.6
      vertex -0.5805693545089247 -13.913880671464417 0
      vertex -0.7653668647301796 -13.847759065022574 1.6
    endloop
  endfacet
  facet normal 0.24298017990326629 0.9700312531945434 0
    outer loop
      vertex -0.3901806440322565 -13.96157056080646 1.6
      vertex -0.3901806440322565 -13.96157056080646 0
      vertex -0.5805693545089247 -13.913880671464417 1.6
    endloop
  endfacet
  facet normal 0.1467304744553646 0.9891765099647806 0
    outer loop
      vertex -0.1960342806591212 -13.990369453344394 1.6
      vertex -0.1960342806591212 -13.990369453344394 0
      vertex -0.3901806440322565 -13.96157056080646 1.6
    endloop
  endfacet
  facet normal 0.04906767432741532 0.9987954562051726 0
    outer loop
      vertex 0 -14 1.6
      vertex 0 -14 0
      vertex -0.1960342806591212 -13.990369453344394 1.6
    endloop
  endfacet
  facet normal 0.9039892931234441 0.42755509343028003 0
    outer loop
      vertex -1.8477590650225735 -12.76536686473018 1.6
      vertex -1.76384252869671 -12.942793473651996 0
      vertex -1.8477590650225735 -12.76536686473018 0
    endloop
  endfacet
  facet normal 0.941544065183021 0.33688985339221933 0
    outer loop
      vertex -1.9138806714644176 -12.580569354508924 1.6
      vertex -1.8477590650225735 -12.76536686473018 0
      vertex -1.9138806714644176 -12.580569354508924 0
    endloop
  endfacet
  facet normal 0.9891765099647807 0.1467304744553632 0
    outer loop
      vertex -1.9903694533443939 -12.196034280659122 1.6
      vertex -1.9615705608064609 -12.390180644032256 0
      vertex -1.9903694533443939 -12.196034280659122 0
    endloop
  endfacet
  facet normal 0.970031253194544 0.24298017990326415 0
    outer loop
      vertex -1.9615705608064609 -12.390180644032256 1.6
      vertex -1.9138806714644176 -12.580569354508924 0
      vertex -1.9615705608064609 -12.390180644032256 0
    endloop
  endfacet
  facet normal 0.9987954562051724 0.04906767432741744 0
    outer loop
      vertex -2 -12 1.6
      vertex -1.9903694533443939 -12.196034280659122 0
      vertex -2 -12 0
    endloop
  endfacet
  facet normal 0.9987954562051724 -0.04906767432741744 0
    outer loop
      vertex -1.9903694533443939 -11.803965719340878 1.6
      vertex -2 -12 0
      vertex -1.9903694533443939 -11.803965719340878 0
    endloop
  endfacet
  facet normal 0.9891765099647807 -0.1467304744553632 0
    outer loop
      vertex -1.9615705608064609 -11.609819355967744 1.6
      vertex -1.9903694533443939 -11.803965719340878 0
      vertex -1.9615705608064609 -11.609819355967744 0
    endloop
  endfacet
  facet normal 0.970031253194544 -0.24298017990326415 0
    outer loop
      vertex -1.9138806714644176 -11.419430645491076 1.6
      vertex -1.9615705608064609 -11.609819355967744 0
      vertex -1.9138806714644176 -11.419430645491076 0
    endloop
  endfacet
  facet normal 0.941544065183021 -0.33688985339221933 0
    outer loop
      vertex -1.8477590650225735 -11.23463313526982 1.6
      vertex -1.9138806714644176 -11.419430645491076 0
      vertex -1.8477590650225735 -11.23463313526982 0
    endloop
  endfacet
  facet normal 0.9039892931234441 -0.42755509343028003 0
    outer loop
      vertex -1.76384252869671 -11.057206526348004 1.6
      vertex -1.8477590650225735 -11.23463313526982 0
      vertex -1.76384252869671 -11.057206526348004 0
    endloop
  endfacet
  facet normal 0.6715589548470157 0.7409511253549618 0
    outer loop
      vertex -1.4142135623730951 -13.414213562373096 1.6
      vertex -1.268786568327291 -13.546020906725474 0
      vertex -1.4142135623730951 -13.414213562373096 0
    endloop
  endfacet
  facet normal 0.803207531480646 0.5956993044924319 0
    outer loop
      vertex -1.6629392246050905 -13.111140466039204 1.6
      vertex -1.546020906725474 -13.268786568327291 0
      vertex -1.6629392246050905 -13.111140466039204 0
    endloop
  endfacet
  facet normal 0.74095112535496 0.6715589548470176 0
    outer loop
      vertex -1.546020906725474 -13.268786568327291 1.6
      vertex -1.4142135623730951 -13.414213562373096 0
      vertex -1.546020906725474 -13.268786568327291 0
    endloop
  endfacet
  facet normal 0.5956993044924316 0.8032075314806463 0
    outer loop
      vertex -1.268786568327291 -13.546020906725474 1.6
      vertex -1.1111404660392044 -13.66293922460509 0
      vertex -1.268786568327291 -13.546020906725474 0
    endloop
  endfacet
  facet normal 0.5141027441932238 0.8577286100002709 0
    outer loop
      vertex -1.1111404660392044 -13.66293922460509 1.6
      vertex -0.9427934736519953 -13.76384252869671 0
      vertex -1.1111404660392044 -13.66293922460509 0
    endloop
  endfacet
  facet normal 0.4275550934302846 0.9039892931234421 0
    outer loop
      vertex -0.9427934736519953 -13.76384252869671 1.6
      vertex -0.7653668647301796 -13.847759065022574 0
      vertex -0.9427934736519953 -13.76384252869671 0
    endloop
  endfacet
  facet normal 0.8577286100002711 0.5141027441932232 0
    outer loop
      vertex -1.76384252869671 -12.942793473651996 1.6
      vertex -1.6629392246050905 -13.111140466039204 0
      vertex -1.76384252869671 -12.942793473651996 0
    endloop
  endfacet
  facet normal 0.3368898533922157 0.9415440651830224 0
    outer loop
      vertex -0.7653668647301796 -13.847759065022574 1.6
      vertex -0.5805693545089247 -13.913880671464417 0
      vertex -0.7653668647301796 -13.847759065022574 0
    endloop
  endfacet
  facet normal 0.8577286100002711 -0.5141027441932232 0
    outer loop
      vertex -1.6629392246050905 -10.888859533960796 1.6
      vertex -1.76384252869671 -11.057206526348004 0
      vertex -1.6629392246050905 -10.888859533960796 0
    endloop
  endfacet
  facet normal 0.803207531480646 -0.5956993044924319 0
    outer loop
      vertex -1.546020906725474 -10.731213431672709 1.6
      vertex -1.6629392246050905 -10.888859533960796 0
      vertex -1.546020906725474 -10.731213431672709 0
    endloop
  endfacet
  facet normal 0.74095112535496 -0.6715589548470176 0
    outer loop
      vertex -1.4142135623730951 -10.585786437626904 1.6
      vertex -1.546020906725474 -10.731213431672709 0
      vertex -1.4142135623730951 -10.585786437626904 0
    endloop
  endfacet
  facet normal 0.6715589548470157 -0.7409511253549618 0
    outer loop
      vertex -1.268786568327291 -10.453979093274526 1.6
      vertex -1.4142135623730951 -10.585786437626904 0
      vertex -1.268786568327291 -10.453979093274526 0
    endloop
  endfacet
  facet normal 0.5956993044924316 -0.8032075314806463 0
    outer loop
      vertex -1.1111404660392044 -10.33706077539491 1.6
      vertex -1.268786568327291 -10.453979093274526 0
      vertex -1.1111404660392044 -10.33706077539491 0
    endloop
  endfacet
  facet normal 0.5141027441932238 -0.8577286100002709 0
    outer loop
      vertex -0.9427934736519953 -10.23615747130329 1.6
      vertex -1.1111404660392044 -10.33706077539491 0
      vertex -0.9427934736519953 -10.23615747130329 0
    endloop
  endfacet
  facet normal 0.4275550934302846 -0.9039892931234421 0
    outer loop
      vertex -0.7653668647301796 -10.152240934977426 1.6
      vertex -0.9427934736519953 -10.23615747130329 0
      vertex -0.7653668647301796 -10.152240934977426 0
    endloop
  endfacet
  facet normal 0.3368898533922157 -0.9415440651830224 0
    outer loop
      vertex -0.5805693545089247 -10.086119328535583 1.6
      vertex -0.7653668647301796 -10.152240934977426 0
      vertex -0.5805693545089247 -10.086119328535583 0
    endloop
  endfacet
  facet normal 0.24298017990326629 -0.9700312531945434 0
    outer loop
      vertex -0.3901806440322565 -10.03842943919354 1.6
      vertex -0.5805693545089247 -10.086119328535583 0
      vertex -0.3901806440322565 -10.03842943919354 0
    endloop
  endfacet
  facet normal 0.1467304744553646 -0.9891765099647806 0
    outer loop
      vertex -0.1960342806591212 -10.009630546655606 1.6
      vertex -0.3901806440322565 -10.03842943919354 0
      vertex -0.1960342806591212 -10.009630546655606 0
    endloop
  endfacet
  facet normal 0.04906767432741532 -0.9987954562051726 0
    outer loop
      vertex -0.1960342806591212 -10.009630546655606 0
      vertex 0 -10 0
      vertex 0 -10 1.6
    endloop
  endfacet
  facet normal 0.9039892931234441 0.42755509343028003 0
    outer loop
      vertex -1.8477590650225735 -12.76536686473018 1.6
      vertex -1.76384252869671 -12.942793473651996 1.6
      vertex -1.76384252869671 -12.942793473651996 0
    endloop
  endfacet
  facet normal 0.941544065183021 0.33688985339221933 0
    outer loop
      vertex -1.9138806714644176 -12.580569354508924 1.6
      vertex -1.8477590650225735 -12.76536686473018 1.6
      vertex -1.8477590650225735 -12.76536686473018 0
    endloop
  endfacet
  facet normal 0.9891765099647807 0.1467304744553632 0
    outer loop
      vertex -1.9903694533443939 -12.196034280659122 1.6
      vertex -1.9615705608064609 -12.390180644032256 1.6
      vertex -1.9615705608064609 -12.390180644032256 0
    endloop
  endfacet
  facet normal 0.970031253194544 0.24298017990326415 0
    outer loop
      vertex -1.9615705608064609 -12.390180644032256 1.6
      vertex -1.9138806714644176 -12.580569354508924 1.6
      vertex -1.9138806714644176 -12.580569354508924 0
    endloop
  endfacet
  facet normal 0.9987954562051724 0.04906767432741744 0
    outer loop
      vertex -2 -12 1.6
      vertex -1.9903694533443939 -12.196034280659122 1.6
      vertex -1.9903694533443939 -12.196034280659122 0
    endloop
  endfacet
  facet normal 0.9987954562051724 -0.04906767432741744 0
    outer loop
      vertex -1.9903694533443939 -11.803965719340878 1.6
      vertex -2 -12 1.6
      vertex -2 -12 0
    endloop
  endfacet
  facet normal 0.9891765099647807 -0.1467304744553632 0
    outer loop
      vertex -1.9615705608064609 -11.609819355967744 1.6
      vertex -1.9903694533443939 -11.803965719340878 1.6
      vertex -1.9903694533443939 -11.803965719340878 0
    endloop
  endfacet
  facet normal 0.970031253194544 -0.24298017990326415 0
    outer loop
      vertex -1.9138806714644176 -11.419430645491076 1.6
      vertex -1.9615705608064609 -11.609819355967744 1.6
      vertex -1.9615705608064609 -11.609819355967744 0
    endloop
  endfacet
  facet normal 0.941544065183021 -0.33688985339221933 0
    outer loop
      vertex -1.8477590650225735 -11.23463313526982 1.6
      vertex -1.9138806714644176 -11.419430645491076 1.6
      vertex -1.9138806714644176 -11.419430645491076 0
    endloop
  endfacet
  facet normal 0.9039892931234441 -0.42755509343028003 0
    outer loop
      vertex -1.76384252869671 -11.057206526348004 1.6
      vertex -1.8477590650225735 -11.23463313526982 1.6
      vertex -1.8477590650225735 -11.23463313526982 0
    endloop
  endfacet
  facet normal 0.6715589548470157 0.7409511253549618 0
    outer loop
      vertex -1.268786568327291 -13.546020906725474 1.6
      vertex -1.268786568327291 -13.546020906725474 0
      vertex -1.4142135623730951 -13.414213562373096 1.6
    endloop
  endfacet
  facet normal 0.8577286100002711 0.5141027441932232 0
    outer loop
      vertex -1.76384252869671 -12.942793473651996 1.6
      vertex -1.6629392246050905 -13.111140466039204 1.6
      vertex -1.6629392246050905 -13.111140466039204 0
    endloop
  endfacet
  facet normal 0.803207531480646 0.5956993044924319 0
    outer loop
      vertex -1.6629392246050905 -13.111140466039204 1.6
      vertex -1.546020906725474 -13.268786568327291 1.6
      vertex -1.546020906725474 -13.268786568327291 0
    endloop
  endfacet
  facet normal 0.74095112535496 0.6715589548470176 0
    outer loop
      vertex -1.546020906725474 -13.268786568327291 1.6
      vertex -1.4142135623730951 -13.414213562373096 1.6
      vertex -1.4142135623730951 -13.414213562373096 0
    endloop
  endfacet
  facet normal 0.5956993044924316 0.8032075314806463 0
    outer loop
      vertex -1.1111404660392044 -13.66293922460509 1.6
      vertex -1.1111404660392044 -13.66293922460509 0
      vertex -1.268786568327291 -13.546020906725474 1.6
    endloop
  endfacet
  facet normal 0.5141027441932238 0.8577286100002709 0
    outer loop
      vertex -0.9427934736519953 -13.76384252869671 1.6
      vertex -0.9427934736519953 -13.76384252869671 0
      vertex -1.1111404660392044 -13.66293922460509 1.6
    endloop
  endfacet
  facet normal 0.4275550934302846 0.9039892931234421 0
    outer loop
      vertex -0.7653668647301796 -13.847759065022574 1.6
      vertex -0.7653668647301796 -13.847759065022574 0
      vertex -0.9427934736519953 -13.76384252869671 1.6
    endloop
  endfacet
  facet normal 0.8577286100002711 -0.5141027441932232 0
    outer loop
      vertex -1.6629392246050905 -10.888859533960796 1.6
      vertex -1.76384252869671 -11.057206526348004 1.6
      vertex -1.76384252869671 -11.057206526348004 0
    endloop
  endfacet
  facet normal 0.803207531480646 -0.5956993044924319 0
    outer loop
      vertex -1.546020906725474 -10.731213431672709 1.6
      vertex -1.6629392246050905 -10.888859533960796 1.6
      vertex -1.6629392246050905 -10.888859533960796 0
    endloop
  endfacet
  facet normal 0.74095112535496 -0.6715589548470176 0
    outer loop
      vertex -1.4142135623730951 -10.585786437626904 1.6
      vertex -1.546020906725474 -10.731213431672709 1.6
      vertex -1.546020906725474 -10.731213431672709 0
    endloop
  endfacet
  facet normal 0.6715589548470157 -0.7409511253549618 0
    outer loop
      vertex -1.4142135623730951 -10.585786437626904 1.6
      vertex -1.4142135623730951 -10.585786437626904 0
      vertex -1.268786568327291 -10.453979093274526 1.6
    endloop
  endfacet
  facet normal 0.5956993044924316 -0.8032075314806463 0
    outer loop
      vertex -1.268786568327291 -10.453979093274526 1.6
      vertex -1.268786568327291 -10.453979093274526 0
      vertex -1.1111404660392044 -10.33706077539491 1.6
    endloop
  endfacet
  facet normal 0.5141027441932238 -0.8577286100002709 0
    outer loop
      vertex -1.1111404660392044 -10.33706077539491 1.6
      vertex -1.1111404660392044 -10.33706077539491 0
      vertex -0.9427934736519953 -10.23615747130329 1.6
    endloop
  endfacet
  facet normal 0.4275550934302846 -0.9039892931234421 0
    outer loop
      vertex -0.9427934736519953 -10.23615747130329 1.6
      vertex -0.9427934736519953 -10.23615747130329 0
      vertex -0.7653668647301796 -10.152240934977426 1.6
    endloop
  endfacet
  facet normal 0.3368898533922157 -0.9415440651830224 0
    outer loop
      vertex -0.7653668647301796 -10.152240934977426 1.6
      vertex -0.7653668647301796 -10.152240934977426 0
      vertex -0.5805693545089247 -10.086119328535583 1.6
    endloop
  endfacet
  facet normal 0.24298017990326629 -0.9700312531945434 0
    outer loop
      vertex -0.5805693545089247 -10.086119328535583 1.6
      vertex -0.5805693545089247 -10.086119328535583 0
      vertex -0.3901806440322565 -10.03842943919354 1.6
    endloop
  endfacet
  facet normal 0.1467304744553646 -0.9891765099647806 0
    outer loop
      vertex -0.3901806440322565 -10.03842943919354 1.6
      vertex -0.3901806440322565 -10.03842943919354 0
      vertex -0.1960342806591212 -10.009630546655606 1.6
    endloop
  endfacet
  facet normal 0.04906767432741532 -0.9987954562051726 0
    outer loop
      vertex 0 -10 1.6
      vertex -0.1960342806591212 -10.009630546655606 1.6
      vertex -0.1960342806591212 -10.009630546655606 0
    endloop
  endfacet
  facet normal -0.04906767432741532 0.9987954562051726 0
    outer loop
      vertex 0 -14 1.6
      vertex 0.1960342806591212 -13.990369453344394 0
      vertex 0 -14 0
    endloop
  endfacet
  facet normal -0.1467304744553646 0.9891765099647806 0
    outer loop
      vertex 0.1960342806591212 -13.990369453344394 1.6
      vertex 0.3901806440322565 -13.96157056080646 0
      vertex 0.1960342806591212 -13.990369453344394 0
    endloop
  endfacet
  facet normal -0.24298017990326629 0.9700312531945434 0
    outer loop
      vertex 0.3901806440322565 -13.96157056080646 1.6
      vertex 0.5805693545089247 -13.913880671464417 0
      vertex 0.3901806440322565 -13.96157056080646 0
    endloop
  endfacet
  facet normal -0.3368898533922157 0.9415440651830224 0
    outer loop
      vertex 0.5805693545089247 -13.913880671464417 1.6
      vertex 0.7653668647301796 -13.847759065022574 0
      vertex 0.5805693545089247 -13.913880671464417 0
    endloop
  endfacet
  facet normal -0.04906767432741532 0.9987954562051726 0
    outer loop
      vertex 0.1960342806591212 -13.990369453344394 1.6
      vertex 0.1960342806591212 -13.990369453344394 0
      vertex 0 -14 1.6
    endloop
  endfacet
  facet normal -0.1467304744553646 0.9891765099647806 0
    outer loop
      vertex 0.3901806440322565 -13.96157056080646 1.6
      vertex 0.3901806440322565 -13.96157056080646 0
      vertex 0.1960342806591212 -13.990369453344394 1.6
    endloop
  endfacet
  facet normal -0.24298017990326629 0.9700312531945434 0
    outer loop
      vertex 0.5805693545089247 -13.913880671464417 1.6
      vertex 0.5805693545089247 -13.913880671464417 0
      vertex 0.3901806440322565 -13.96157056080646 1.6
    endloop
  endfacet
  facet normal -0.4275550934302846 0.9039892931234421 0
    outer loop
      vertex 0.7653668647301796 -13.847759065022574 1.6
      vertex 0.9427934736519953 -13.76384252869671 0
      vertex 0.7653668647301796 -13.847759065022574 0
    endloop
  endfacet
  facet normal -0.5141027441932238 0.8577286100002709 0
    outer loop
      vertex 0.9427934736519953 -13.76384252869671 1.6
      vertex 1.1111404660392044 -13.66293922460509 0
      vertex 0.9427934736519953 -13.76384252869671 0
    endloop
  endfacet
  facet normal -0.5956993044924316 0.8032075314806463 0
    outer loop
      vertex 1.1111404660392044 -13.66293922460509 1.6
      vertex 1.268786568327291 -13.546020906725474 0
      vertex 1.1111404660392044 -13.66293922460509 0
    endloop
  endfacet
  facet normal -0.6715589548470157 0.7409511253549618 0
    outer loop
      vertex 1.268786568327291 -13.546020906725474 1.6
      vertex 1.4142135623730951 -13.414213562373096 0
      vertex 1.268786568327291 -13.546020906725474 0
    endloop
  endfacet
  facet normal -0.74095112535496 0.6715589548470176 0
    outer loop
      vertex 1.4142135623730951 -13.414213562373096 0
      vertex 1.4142135623730951 -13.414213562373096 1.6
      vertex 1.546020906725474 -13.268786568327291 0
    endloop
  endfacet
  facet normal -0.803207531480646 0.5956993044924319 0
    outer loop
      vertex 1.546020906725474 -13.268786568327291 1.6
      vertex 1.6629392246050905 -13.111140466039204 0
      vertex 1.546020906725474 -13.268786568327291 0
    endloop
  endfacet
  facet normal -0.8577286100002711 0.5141027441932232 0
    outer loop
      vertex 1.6629392246050905 -13.111140466039204 1.6
      vertex 1.76384252869671 -12.942793473651996 0
      vertex 1.6629392246050905 -13.111140466039204 0
    endloop
  endfacet
  facet normal -0.5956993044924316 -0.8032075314806463 0
    outer loop
      vertex 1.268786568327291 -10.453979093274526 1.6
      vertex 1.1111404660392044 -10.33706077539491 0
      vertex 1.268786568327291 -10.453979093274526 0
    endloop
  endfacet
  facet normal -0.8577286100002711 -0.5141027441932232 0
    outer loop
      vertex 1.76384252869671 -11.057206526348004 1.6
      vertex 1.6629392246050905 -10.888859533960796 0
      vertex 1.76384252869671 -11.057206526348004 0
    endloop
  endfacet
  facet normal -0.74095112535496 -0.6715589548470176 0
    outer loop
      vertex 1.546020906725474 -10.731213431672709 1.6
      vertex 1.4142135623730951 -10.585786437626904 0
      vertex 1.546020906725474 -10.731213431672709 0
    endloop
  endfacet
  facet normal -0.6715589548470157 -0.7409511253549618 0
    outer loop
      vertex 1.268786568327291 -10.453979093274526 0
      vertex 1.4142135623730951 -10.585786437626904 0
      vertex 1.4142135623730951 -10.585786437626904 1.6
    endloop
  endfacet
  facet normal -0.803207531480646 -0.5956993044924319 0
    outer loop
      vertex 1.6629392246050905 -10.888859533960796 1.6
      vertex 1.546020906725474 -10.731213431672709 0
      vertex 1.6629392246050905 -10.888859533960796 0
    endloop
  endfacet
  facet normal -0.9039892931234441 0.42755509343028003 0
    outer loop
      vertex 1.76384252869671 -12.942793473651996 1.6
      vertex 1.8477590650225735 -12.76536686473018 0
      vertex 1.76384252869671 -12.942793473651996 0
    endloop
  endfacet
  facet normal -0.941544065183021 0.33688985339221933 0
    outer loop
      vertex 1.8477590650225735 -12.76536686473018 1.6
      vertex 1.9138806714644176 -12.580569354508924 0
      vertex 1.8477590650225735 -12.76536686473018 0
    endloop
  endfacet
  facet normal -0.970031253194544 0.24298017990326415 0
    outer loop
      vertex 1.9138806714644176 -12.580569354508924 1.6
      vertex 1.9615705608064609 -12.390180644032256 0
      vertex 1.9138806714644176 -12.580569354508924 0
    endloop
  endfacet
  facet normal -0.9891765099647807 0.1467304744553632 0
    outer loop
      vertex 1.9615705608064609 -12.390180644032256 1.6
      vertex 1.9903694533443939 -12.196034280659122 0
      vertex 1.9615705608064609 -12.390180644032256 0
    endloop
  endfacet
  facet normal -0.9987954562051724 0.04906767432741744 0
    outer loop
      vertex 1.9903694533443939 -12.196034280659122 1.6
      vertex 2 -12 0
      vertex 1.9903694533443939 -12.196034280659122 0
    endloop
  endfacet
  facet normal -0.9987954562051724 -0.04906767432741744 0
    outer loop
      vertex 2 -12 1.6
      vertex 1.9903694533443939 -11.803965719340878 0
      vertex 2 -12 0
    endloop
  endfacet
  facet normal -0.9891765099647807 -0.1467304744553632 0
    outer loop
      vertex 1.9903694533443939 -11.803965719340878 1.6
      vertex 1.9615705608064609 -11.609819355967744 0
      vertex 1.9903694533443939 -11.803965719340878 0
    endloop
  endfacet
  facet normal -0.970031253194544 -0.24298017990326415 0
    outer loop
      vertex 1.9615705608064609 -11.609819355967744 1.6
      vertex 1.9138806714644176 -11.419430645491076 0
      vertex 1.9615705608064609 -11.609819355967744 0
    endloop
  endfacet
  facet normal -0.941544065183021 -0.33688985339221933 0
    outer loop
      vertex 1.9138806714644176 -11.419430645491076 1.6
      vertex 1.8477590650225735 -11.23463313526982 0
      vertex 1.9138806714644176 -11.419430645491076 0
    endloop
  endfacet
  facet normal -0.9039892931234441 -0.42755509343028003 0
    outer loop
      vertex 1.8477590650225735 -11.23463313526982 1.6
      vertex 1.76384252869671 -11.057206526348004 0
      vertex 1.8477590650225735 -11.23463313526982 0
    endloop
  endfacet
  facet normal -0.04906767432741532 -0.9987954562051726 0
    outer loop
      vertex 0.1960342806591212 -10.009630546655606 1.6
      vertex 0 -10 0
      vertex 0.1960342806591212 -10.009630546655606 0
    endloop
  endfacet
  facet normal -0.1467304744553646 -0.9891765099647806 0
    outer loop
      vertex 0.3901806440322565 -10.03842943919354 1.6
      vertex 0.1960342806591212 -10.009630546655606 0
      vertex 0.3901806440322565 -10.03842943919354 0
    endloop
  endfacet
  facet normal -0.24298017990326629 -0.9700312531945434 0
    outer loop
      vertex 0.5805693545089247 -10.086119328535583 1.6
      vertex 0.3901806440322565 -10.03842943919354 0
      vertex 0.5805693545089247 -10.086119328535583 0
    endloop
  endfacet
  facet normal -0.3368898533922157 -0.9415440651830224 0
    outer loop
      vertex 0.7653668647301796 -10.152240934977426 1.6
      vertex 0.5805693545089247 -10.086119328535583 0
      vertex 0.7653668647301796 -10.152240934977426 0
    endloop
  endfacet
  facet normal -0.4275550934302846 -0.9039892931234421 0
    outer loop
      vertex 0.9427934736519953 -10.23615747130329 1.6
      vertex 0.7653668647301796 -10.152240934977426 0
      vertex 0.9427934736519953 -10.23615747130329 0
    endloop
  endfacet
  facet normal -0.5141027441932238 -0.8577286100002709 0
    outer loop
      vertex 1.1111404660392044 -10.33706077539491 1.6
      vertex 0.9427934736519953 -10.23615747130329 0
      vertex 1.1111404660392044 -10.33706077539491 0
    endloop
  endfacet
  facet normal -0.3368898533922157 0.9415440651830224 0
    outer loop
      vertex 0.7653668647301796 -13.847759065022574 1.6
      vertex 0.7653668647301796 -13.847759065022574 0
      vertex 0.5805693545089247 -13.913880671464417 1.6
    endloop
  endfacet
  facet normal -0.4275550934302846 0.9039892931234421 0
    outer loop
      vertex 0.9427934736519953 -13.76384252869671 1.6
      vertex 0.9427934736519953 -13.76384252869671 0
      vertex 0.7653668647301796 -13.847759065022574 1.6
    endloop
  endfacet
  facet normal -0.5141027441932238 0.8577286100002709 0
    outer loop
      vertex 1.1111404660392044 -13.66293922460509 1.6
      vertex 1.1111404660392044 -13.66293922460509 0
      vertex 0.9427934736519953 -13.76384252869671 1.6
    endloop
  endfacet
  facet normal -0.5956993044924316 0.8032075314806463 0
    outer loop
      vertex 1.268786568327291 -13.546020906725474 1.6
      vertex 1.268786568327291 -13.546020906725474 0
      vertex 1.1111404660392044 -13.66293922460509 1.6
    endloop
  endfacet
  facet normal -0.6715589548470157 0.7409511253549618 0
    outer loop
      vertex 1.4142135623730951 -13.414213562373096 1.6
      vertex 1.4142135623730951 -13.414213562373096 0
      vertex 1.268786568327291 -13.546020906725474 1.6
    endloop
  endfacet
  facet normal -0.74095112535496 0.6715589548470176 0
    outer loop
      vertex 1.4142135623730951 -13.414213562373096 1.6
      vertex 1.546020906725474 -13.268786568327291 1.6
      vertex 1.546020906725474 -13.268786568327291 0
    endloop
  endfacet
  facet normal -0.803207531480646 0.5956993044924319 0
    outer loop
      vertex 1.546020906725474 -13.268786568327291 1.6
      vertex 1.6629392246050905 -13.111140466039204 1.6
      vertex 1.6629392246050905 -13.111140466039204 0
    endloop
  endfacet
  facet normal -0.8577286100002711 0.5141027441932232 0
    outer loop
      vertex 1.6629392246050905 -13.111140466039204 1.6
      vertex 1.76384252869671 -12.942793473651996 1.6
      vertex 1.76384252869671 -12.942793473651996 0
    endloop
  endfacet
  facet normal -0.8577286100002711 -0.5141027441932232 0
    outer loop
      vertex 1.76384252869671 -11.057206526348004 1.6
      vertex 1.6629392246050905 -10.888859533960796 1.6
      vertex 1.6629392246050905 -10.888859533960796 0
    endloop
  endfacet
  facet normal -0.74095112535496 -0.6715589548470176 0
    outer loop
      vertex 1.546020906725474 -10.731213431672709 1.6
      vertex 1.4142135623730951 -10.585786437626904 1.6
      vertex 1.4142135623730951 -10.585786437626904 0
    endloop
  endfacet
  facet normal -0.6715589548470157 -0.7409511253549618 0
    outer loop
      vertex 1.268786568327291 -10.453979093274526 1.6
      vertex 1.268786568327291 -10.453979093274526 0
      vertex 1.4142135623730951 -10.585786437626904 1.6
    endloop
  endfacet
  facet normal -0.803207531480646 -0.5956993044924319 0
    outer loop
      vertex 1.6629392246050905 -10.888859533960796 1.6
      vertex 1.546020906725474 -10.731213431672709 1.6
      vertex 1.546020906725474 -10.731213431672709 0
    endloop
  endfacet
  facet normal -0.9039892931234441 0.42755509343028003 0
    outer loop
      vertex 1.76384252869671 -12.942793473651996 1.6
      vertex 1.8477590650225735 -12.76536686473018 1.6
      vertex 1.8477590650225735 -12.76536686473018 0
    endloop
  endfacet
  facet normal -0.941544065183021 0.33688985339221933 0
    outer loop
      vertex 1.8477590650225735 -12.76536686473018 1.6
      vertex 1.9138806714644176 -12.580569354508924 1.6
      vertex 1.9138806714644176 -12.580569354508924 0
    endloop
  endfacet
  facet normal -0.970031253194544 0.24298017990326415 0
    outer loop
      vertex 1.9138806714644176 -12.580569354508924 1.6
      vertex 1.9615705608064609 -12.390180644032256 1.6
      vertex 1.9615705608064609 -12.390180644032256 0
    endloop
  endfacet
  facet normal -0.9891765099647807 0.1467304744553632 0
    outer loop
      vertex 1.9615705608064609 -12.390180644032256 1.6
      vertex 1.9903694533443939 -12.196034280659122 1.6
      vertex 1.9903694533443939 -12.196034280659122 0
    endloop
  endfacet
  facet normal -0.9987954562051724 0.04906767432741744 0
    outer loop
      vertex 1.9903694533443939 -12.196034280659122 1.6
      vertex 2 -12 1.6
      vertex 2 -12 0
    endloop
  endfacet
  facet normal -0.9987954562051724 -0.04906767432741744 0
    outer loop
      vertex 2 -12 1.6
      vertex 1.9903694533443939 -11.803965719340878 1.6
      vertex 1.9903694533443939 -11.803965719340878 0
    endloop
  endfacet
  facet normal -0.970031253194544 -0.24298017990326415 0
    outer loop
      vertex 1.9615705608064609 -11.609819355967744 1.6
      vertex 1.9138806714644176 -11.419430645491076 1.6
      vertex 1.9138806714644176 -11.419430645491076 0
    endloop
  endfacet
  facet normal -0.941544065183021 -0.33688985339221933 0
    outer loop
      vertex 1.9138806714644176 -11.419430645491076 1.6
      vertex 1.8477590650225735 -11.23463313526982 1.6
      vertex 1.8477590650225735 -11.23463313526982 0
    endloop
  endfacet
  facet normal -0.9891765099647807 -0.1467304744553632 0
    outer loop
      vertex 1.9903694533443939 -11.803965719340878 1.6
      vertex 1.9615705608064609 -11.609819355967744 1.6
      vertex 1.9615705608064609 -11.609819355967744 0
    endloop
  endfacet
  facet normal -0.9039892931234441 -0.42755509343028003 0
    outer loop
      vertex 1.8477590650225735 -11.23463313526982 1.6
      vertex 1.76384252869671 -11.057206526348004 1.6
      vertex 1.76384252869671 -11.057206526348004 0
    endloop
  endfacet
  facet normal -0.04906767432741532 -0.9987954562051726 0
    outer loop
      vertex 0 -10 1.6
      vertex 0 -10 0
      vertex 0.1960342806591212 -10.009630546655606 1.6
    endloop
  endfacet
  facet normal -0.1467304744553646 -0.9891765099647806 0
    outer loop
      vertex 0.1960342806591212 -10.009630546655606 1.6
      vertex 0.1960342806591212 -10.009630546655606 0
      vertex 0.3901806440322565 -10.03842943919354 1.6
    endloop
  endfacet
  facet normal -0.24298017990326629 -0.9700312531945434 0
    outer loop
      vertex 0.3901806440322565 -10.03842943919354 1.6
      vertex 0.3901806440322565 -10.03842943919354 0
      vertex 0.5805693545089247 -10.086119328535583 1.6
    endloop
  endfacet
  facet normal -0.3368898533922157 -0.9415440651830224 0
    outer loop
      vertex 0.5805693545089247 -10.086119328535583 1.6
      vertex 0.5805693545089247 -10.086119328535583 0
      vertex 0.7653668647301796 -10.152240934977426 1.6
    endloop
  endfacet
  facet normal -0.4275550934302846 -0.9039892931234421 0
    outer loop
      vertex 0.7653668647301796 -10.152240934977426 1.6
      vertex 0.7653668647301796 -10.152240934977426 0
      vertex 0.9427934736519953 -10.23615747130329 1.6
    endloop
  endfacet
  facet normal -0.5141027441932238 -0.8577286100002709 0
    outer loop
      vertex 0.9427934736519953 -10.23615747130329 1.6
      vertex 0.9427934736519953 -10.23615747130329 0
      vertex 1.1111404660392044 -10.33706077539491 1.6
    endloop
  endfacet
  facet normal -0.5956993044924316 -0.8032075314806463 0
    outer loop
      vertex 1.1111404660392044 -10.33706077539491 1.6
      vertex 1.1111404660392044 -10.33706077539491 0
      vertex 1.268786568327291 -10.453979093274526 1.6
    endloop
  endfacet
  facet normal 0.9039892931234434 0.42755509343028186 0
    outer loop
      vertex -1.8477590650225735 -0.7653668647301796 1.6
      vertex -1.76384252869671 -0.9427934736519953 0
      vertex -1.8477590650225735 -0.7653668647301796 0
    endloop
  endfacet
  facet normal 0.9415440651830209 0.33688985339221966 0
    outer loop
      vertex -1.9138806714644176 -0.5805693545089247 1.6
      vertex -1.8477590650225735 -0.7653668647301796 0
      vertex -1.9138806714644176 -0.5805693545089247 0
    endloop
  endfacet
  facet normal 0.970031253194544 0.24298017990326415 0
    outer loop
      vertex -1.9615705608064609 -0.3901806440322565 1.6
      vertex -1.9138806714644176 -0.5805693545089247 0
      vertex -1.9615705608064609 -0.3901806440322565 0
    endloop
  endfacet
  facet normal 0.9891765099647809 0.1467304744553624 0
    outer loop
      vertex -1.9903694533443939 -0.1960342806591212 1.6
      vertex -1.9615705608064609 -0.3901806440322565 0
      vertex -1.9903694533443939 -0.1960342806591212 0
    endloop
  endfacet
  facet normal 0.9987954562051724 0.04906767432741758 0
    outer loop
      vertex -2 0 1.6
      vertex -1.9903694533443939 -0.1960342806591212 0
      vertex -2 0 0
    endloop
  endfacet
  facet normal 0.42755509343028186 0.9039892931234434 0
    outer loop
      vertex -0.9427934736519953 -1.76384252869671 1.6
      vertex -0.7653668647301796 -1.8477590650225735 0
      vertex -0.9427934736519953 -1.76384252869671 0
    endloop
  endfacet
  facet normal 0.33688985339221966 0.9415440651830209 0
    outer loop
      vertex -0.7653668647301796 -1.8477590650225735 1.6
      vertex -0.5805693545089247 -1.9138806714644176 0
      vertex -0.7653668647301796 -1.8477590650225735 0
    endloop
  endfacet
  facet normal 0.24298017990326415 0.970031253194544 0
    outer loop
      vertex -0.5805693545089247 -1.9138806714644176 1.6
      vertex -0.3901806440322565 -1.9615705608064609 0
      vertex -0.5805693545089247 -1.9138806714644176 0
    endloop
  endfacet
  facet normal 0.1467304744553624 0.9891765099647809 0
    outer loop
      vertex -0.3901806440322565 -1.9615705608064609 1.6
      vertex -0.1960342806591212 -1.9903694533443939 0
      vertex -0.3901806440322565 -1.9615705608064609 0
    endloop
  endfacet
  facet normal 0.04906767432741758 0.9987954562051724 0
    outer loop
      vertex -0.1960342806591212 -1.9903694533443939 1.6
      vertex 0 -2 0
      vertex -0.1960342806591212 -1.9903694533443939 0
    endloop
  endfacet
  facet normal 0.7409511253549593 0.671558954847018 0
    outer loop
      vertex -1.546020906725474 -1.268786568327291 1.6
      vertex -1.4142135623730951 -1.4142135623730951 0
      vertex -1.546020906725474 -1.268786568327291 0
    endloop
  endfacet
  facet normal 0.671558954847018 0.7409511253549593 0
    outer loop
      vertex -1.4142135623730951 -1.4142135623730951 1.6
      vertex -1.268786568327291 -1.546020906725474 0
      vertex -1.4142135623730951 -1.4142135623730951 0
    endloop
  endfacet
  facet normal 0.8032075314806452 0.5956993044924329 0
    outer loop
      vertex -1.6629392246050905 -1.1111404660392044 1.6
      vertex -1.546020906725474 -1.268786568327291 0
      vertex -1.6629392246050905 -1.1111404660392044 0
    endloop
  endfacet
  facet normal 0.857728610000272 0.5141027441932221 0
    outer loop
      vertex -1.76384252869671 -0.9427934736519953 1.6
      vertex -1.6629392246050905 -1.1111404660392044 0
      vertex -1.76384252869671 -0.9427934736519953 0
    endloop
  endfacet
  facet normal 0.5956993044924329 0.8032075314806452 0
    outer loop
      vertex -1.268786568327291 -1.546020906725474 1.6
      vertex -1.1111404660392044 -1.6629392246050905 0
      vertex -1.268786568327291 -1.546020906725474 0
    endloop
  endfacet
  facet normal 0.5141027441932221 0.857728610000272 0
    outer loop
      vertex -1.1111404660392044 -1.6629392246050905 1.6
      vertex -0.9427934736519953 -1.76384252869671 0
      vertex -1.1111404660392044 -1.6629392246050905 0
    endloop
  endfacet
  facet normal 0.9039892931234434 0.42755509343028186 0
    outer loop
      vertex -1.8477590650225735 -0.7653668647301796 1.6
      vertex -1.76384252869671 -0.9427934736519953 1.6
      vertex -1.76384252869671 -0.9427934736519953 0
    endloop
  endfacet
  facet normal 0.9415440651830209 0.33688985339221966 0
    outer loop
      vertex -1.9138806714644176 -0.5805693545089247 1.6
      vertex -1.8477590650225735 -0.7653668647301796 1.6
      vertex -1.8477590650225735 -0.7653668647301796 0
    endloop
  endfacet
  facet normal 0.970031253194544 0.24298017990326415 0
    outer loop
      vertex -1.9615705608064609 -0.3901806440322565 1.6
      vertex -1.9138806714644176 -0.5805693545089247 1.6
      vertex -1.9138806714644176 -0.5805693545089247 0
    endloop
  endfacet
  facet normal 0.9891765099647809 0.1467304744553624 0
    outer loop
      vertex -1.9903694533443939 -0.1960342806591212 1.6
      vertex -1.9615705608064609 -0.3901806440322565 1.6
      vertex -1.9615705608064609 -0.3901806440322565 0
    endloop
  endfacet
  facet normal 0.9987954562051724 0.04906767432741758 0
    outer loop
      vertex -2 0 1.6
      vertex -1.9903694533443939 -0.1960342806591212 1.6
      vertex -1.9903694533443939 -0.1960342806591212 0
    endloop
  endfacet
  facet normal 0.42755509343028186 0.9039892931234434 0
    outer loop
      vertex -0.7653668647301796 -1.8477590650225735 1.6
      vertex -0.7653668647301796 -1.8477590650225735 0
      vertex -0.9427934736519953 -1.76384252869671 1.6
    endloop
  endfacet
  facet normal 0.33688985339221966 0.9415440651830209 0
    outer loop
      vertex -0.5805693545089247 -1.9138806714644176 1.6
      vertex -0.5805693545089247 -1.9138806714644176 0
      vertex -0.7653668647301796 -1.8477590650225735 1.6
    endloop
  endfacet
  facet normal 0.24298017990326415 0.970031253194544 0
    outer loop
      vertex -0.3901806440322565 -1.9615705608064609 1.6
      vertex -0.3901806440322565 -1.9615705608064609 0
      vertex -0.5805693545089247 -1.9138806714644176 1.6
    endloop
  endfacet
  facet normal 0.1467304744553624 0.9891765099647809 0
    outer loop
      vertex -0.1960342806591212 -1.9903694533443939 1.6
      vertex -0.1960342806591212 -1.9903694533443939 0
      vertex -0.3901806440322565 -1.9615705608064609 1.6
    endloop
  endfacet
  facet normal 0.04906767432741758 0.9987954562051724 0
    outer loop
      vertex 0 -2 1.6
      vertex 0 -2 0
      vertex -0.1960342806591212 -1.9903694533443939 1.6
    endloop
  endfacet
  facet normal 0.7409511253549593 0.671558954847018 0
    outer loop
      vertex -1.546020906725474 -1.268786568327291 1.6
      vertex -1.4142135623730951 -1.4142135623730951 1.6
      vertex -1.4142135623730951 -1.4142135623730951 0
    endloop
  endfacet
  facet normal 0.671558954847018 0.7409511253549593 0
    outer loop
      vertex -1.268786568327291 -1.546020906725474 1.6
      vertex -1.268786568327291 -1.546020906725474 0
      vertex -1.4142135623730951 -1.4142135623730951 1.6
    endloop
  endfacet
  facet normal 0.8032075314806452 0.5956993044924329 0
    outer loop
      vertex -1.6629392246050905 -1.1111404660392044 1.6
      vertex -1.546020906725474 -1.268786568327291 1.6
      vertex -1.546020906725474 -1.268786568327291 0
    endloop
  endfacet
  facet normal 0.857728610000272 0.5141027441932221 0
    outer loop
      vertex -1.76384252869671 -0.9427934736519953 1.6
      vertex -1.6629392246050905 -1.1111404660392044 1.6
      vertex -1.6629392246050905 -1.1111404660392044 0
    endloop
  endfacet
  facet normal 0.5956993044924329 0.8032075314806452 0
    outer loop
      vertex -1.1111404660392044 -1.6629392246050905 1.6
      vertex -1.1111404660392044 -1.6629392246050905 0
      vertex -1.268786568327291 -1.546020906725474 1.6
    endloop
  endfacet
  facet normal 0.5141027441932221 0.857728610000272 0
    outer loop
      vertex -0.9427934736519953 -1.76384252869671 1.6
      vertex -0.9427934736519953 -1.76384252869671 0
      vertex -1.1111404660392044 -1.6629392246050905 1.6
    endloop
  endfacet
  facet normal 0.9987954562051724 -0.04906767432741758 0
    outer loop
      vertex -1.9903694533443939 0.1960342806591212 1.6
      vertex -2 0 0
      vertex -1.9903694533443939 0.1960342806591212 0
    endloop
  endfacet
  facet normal 0.9891765099647809 -0.1467304744553624 0
    outer loop
      vertex -1.9615705608064609 0.3901806440322565 1.6
      vertex -1.9903694533443939 0.1960342806591212 0
      vertex -1.9615705608064609 0.3901806440322565 0
    endloop
  endfacet
  facet normal 0.970031253194544 -0.24298017990326415 0
    outer loop
      vertex -1.9138806714644176 0.5805693545089247 1.6
      vertex -1.9615705608064609 0.3901806440322565 0
      vertex -1.9138806714644176 0.5805693545089247 0
    endloop
  endfacet
  facet normal 0.9415440651830209 -0.33688985339221966 0
    outer loop
      vertex -1.8477590650225735 0.7653668647301796 1.6
      vertex -1.9138806714644176 0.5805693545089247 0
      vertex -1.8477590650225735 0.7653668647301796 0
    endloop
  endfacet
  facet normal 0.9039892931234434 -0.42755509343028186 0
    outer loop
      vertex -1.76384252869671 0.9427934736519953 1.6
      vertex -1.8477590650225735 0.7653668647301796 0
      vertex -1.76384252869671 0.9427934736519953 0
    endloop
  endfacet
  facet normal 0.857728610000272 -0.5141027441932221 0
    outer loop
      vertex -1.6629392246050905 1.1111404660392044 1.6
      vertex -1.76384252869671 0.9427934736519953 0
      vertex -1.6629392246050905 1.1111404660392044 0
    endloop
  endfacet
  facet normal 0.8032075314806452 -0.5956993044924329 0
    outer loop
      vertex -1.546020906725474 1.268786568327291 1.6
      vertex -1.6629392246050905 1.1111404660392044 0
      vertex -1.546020906725474 1.268786568327291 0
    endloop
  endfacet
  facet normal 0.7409511253549593 -0.671558954847018 0
    outer loop
      vertex -1.4142135623730951 1.4142135623730951 1.6
      vertex -1.546020906725474 1.268786568327291 0
      vertex -1.4142135623730951 1.4142135623730951 0
    endloop
  endfacet
  facet normal 0.671558954847018 -0.7409511253549593 0
    outer loop
      vertex -1.268786568327291 1.546020906725474 0
      vertex -1.268786568327291 1.546020906725474 1.6
      vertex -1.4142135623730951 1.4142135623730951 0
    endloop
  endfacet
  facet normal 0.5956993044924329 -0.8032075314806452 0
    outer loop
      vertex -1.1111404660392044 1.6629392246050905 0
      vertex -1.1111404660392044 1.6629392246050905 1.6
      vertex -1.268786568327291 1.546020906725474 0
    endloop
  endfacet
  facet normal 0.5141027441932221 -0.857728610000272 0
    outer loop
      vertex -0.9427934736519953 1.76384252869671 0
      vertex -0.9427934736519953 1.76384252869671 1.6
      vertex -1.1111404660392044 1.6629392246050905 0
    endloop
  endfacet
  facet normal 0.42755509343028186 -0.9039892931234434 0
    outer loop
      vertex -0.7653668647301796 1.8477590650225735 0
      vertex -0.7653668647301796 1.8477590650225735 1.6
      vertex -0.9427934736519953 1.76384252869671 0
    endloop
  endfacet
  facet normal 0.33688985339221966 -0.9415440651830209 0
    outer loop
      vertex -0.5805693545089247 1.9138806714644176 0
      vertex -0.5805693545089247 1.9138806714644176 1.6
      vertex -0.7653668647301796 1.8477590650225735 0
    endloop
  endfacet
  facet normal 0.24298017990326415 -0.970031253194544 0
    outer loop
      vertex -0.3901806440322565 1.9615705608064609 0
      vertex -0.3901806440322565 1.9615705608064609 1.6
      vertex -0.5805693545089247 1.9138806714644176 0
    endloop
  endfacet
  facet normal 0.1467304744553624 -0.9891765099647809 0
    outer loop
      vertex -0.1960342806591212 1.9903694533443939 0
      vertex -0.1960342806591212 1.9903694533443939 1.6
      vertex -0.3901806440322565 1.9615705608064609 0
    endloop
  endfacet
  facet normal 0.04906767432741758 -0.9987954562051724 0
    outer loop
      vertex -0.1960342806591212 1.9903694533443939 0
      vertex 0 2 0
      vertex 0 2 1.6
    endloop
  endfacet
  facet normal 0.9987954562051724 -0.04906767432741758 0
    outer loop
      vertex -1.9903694533443939 0.1960342806591212 1.6
      vertex -2 0 1.6
      vertex -2 0 0
    endloop
  endfacet
  facet normal 0.9891765099647809 -0.1467304744553624 0
    outer loop
      vertex -1.9615705608064609 0.3901806440322565 1.6
      vertex -1.9903694533443939 0.1960342806591212 1.6
      vertex -1.9903694533443939 0.1960342806591212 0
    endloop
  endfacet
  facet normal 0.970031253194544 -0.24298017990326415 0
    outer loop
      vertex -1.9138806714644176 0.5805693545089247 1.6
      vertex -1.9615705608064609 0.3901806440322565 1.6
      vertex -1.9615705608064609 0.3901806440322565 0
    endloop
  endfacet
  facet normal 0.9415440651830209 -0.33688985339221966 0
    outer loop
      vertex -1.8477590650225735 0.7653668647301796 1.6
      vertex -1.9138806714644176 0.5805693545089247 1.6
      vertex -1.9138806714644176 0.5805693545089247 0
    endloop
  endfacet
  facet normal 0.9039892931234434 -0.42755509343028186 0
    outer loop
      vertex -1.76384252869671 0.9427934736519953 1.6
      vertex -1.8477590650225735 0.7653668647301796 1.6
      vertex -1.8477590650225735 0.7653668647301796 0
    endloop
  endfacet
  facet normal 0.857728610000272 -0.5141027441932221 0
    outer loop
      vertex -1.6629392246050905 1.1111404660392044 1.6
      vertex -1.76384252869671 0.9427934736519953 1.6
      vertex -1.76384252869671 0.9427934736519953 0
    endloop
  endfacet
  facet normal 0.8032075314806452 -0.5956993044924329 0
    outer loop
      vertex -1.546020906725474 1.268786568327291 1.6
      vertex -1.6629392246050905 1.1111404660392044 1.6
      vertex -1.6629392246050905 1.1111404660392044 0
    endloop
  endfacet
  facet normal 0.7409511253549593 -0.671558954847018 0
    outer loop
      vertex -1.4142135623730951 1.4142135623730951 1.6
      vertex -1.546020906725474 1.268786568327291 1.6
      vertex -1.546020906725474 1.268786568327291 0
    endloop
  endfacet
  facet normal 0.671558954847018 -0.7409511253549593 0
    outer loop
      vertex -1.4142135623730951 1.4142135623730951 0
      vertex -1.268786568327291 1.546020906725474 1.6
      vertex -1.4142135623730951 1.4142135623730951 1.6
    endloop
  endfacet
  facet normal 0.5956993044924329 -0.8032075314806452 0
    outer loop
      vertex -1.268786568327291 1.546020906725474 0
      vertex -1.1111404660392044 1.6629392246050905 1.6
      vertex -1.268786568327291 1.546020906725474 1.6
    endloop
  endfacet
  facet normal 0.5141027441932221 -0.857728610000272 0
    outer loop
      vertex -1.1111404660392044 1.6629392246050905 0
      vertex -0.9427934736519953 1.76384252869671 1.6
      vertex -1.1111404660392044 1.6629392246050905 1.6
    endloop
  endfacet
  facet normal 0.42755509343028186 -0.9039892931234434 0
    outer loop
      vertex -0.9427934736519953 1.76384252869671 0
      vertex -0.7653668647301796 1.8477590650225735 1.6
      vertex -0.9427934736519953 1.76384252869671 1.6
    endloop
  endfacet
  facet normal 0.33688985339221966 -0.9415440651830209 0
    outer loop
      vertex -0.7653668647301796 1.8477590650225735 0
      vertex -0.5805693545089247 1.9138806714644176 1.6
      vertex -0.7653668647301796 1.8477590650225735 1.6
    endloop
  endfacet
  facet normal 0.24298017990326415 -0.970031253194544 0
    outer loop
      vertex -0.5805693545089247 1.9138806714644176 0
      vertex -0.3901806440322565 1.9615705608064609 1.6
      vertex -0.5805693545089247 1.9138806714644176 1.6
    endloop
  endfacet
  facet normal 0.1467304744553624 -0.9891765099647809 0
    outer loop
      vertex -0.3901806440322565 1.9615705608064609 0
      vertex -0.1960342806591212 1.9903694533443939 1.6
      vertex -0.3901806440322565 1.9615705608064609 1.6
    endloop
  endfacet
  facet normal 0.04906767432741758 -0.9987954562051724 0
    outer loop
      vertex 0 2 1.6
      vertex -0.1960342806591212 1.9903694533443939 1.6
      vertex -0.1960342806591212 1.9903694533443939 0
    endloop
  endfacet
  facet normal -0.04906767432741758 0.9987954562051724 0
    outer loop
      vertex 0 -2 1.6
      vertex 0.1960342806591212 -1.9903694533443939 0
      vertex 0 -2 0
    endloop
  endfacet
  facet normal -0.1467304744553624 0.9891765099647809 0
    outer loop
      vertex 0.1960342806591212 -1.9903694533443939 1.6
      vertex 0.3901806440322565 -1.9615705608064609 0
      vertex 0.1960342806591212 -1.9903694533443939 0
    endloop
  endfacet
  facet normal -0.24298017990326415 0.970031253194544 0
    outer loop
      vertex 0.3901806440322565 -1.9615705608064609 1.6
      vertex 0.5805693545089247 -1.9138806714644176 0
      vertex 0.3901806440322565 -1.9615705608064609 0
    endloop
  endfacet
  facet normal -0.33688985339221966 0.9415440651830209 0
    outer loop
      vertex 0.5805693545089247 -1.9138806714644176 1.6
      vertex 0.7653668647301796 -1.8477590650225735 0
      vertex 0.5805693545089247 -1.9138806714644176 0
    endloop
  endfacet
  facet normal -0.42755509343028186 0.9039892931234434 0
    outer loop
      vertex 0.7653668647301796 -1.8477590650225735 1.6
      vertex 0.9427934736519953 -1.76384252869671 0
      vertex 0.7653668647301796 -1.8477590650225735 0
    endloop
  endfacet
  facet normal -0.5141027441932221 0.857728610000272 0
    outer loop
      vertex 0.9427934736519953 -1.76384252869671 1.6
      vertex 1.1111404660392044 -1.6629392246050905 0
      vertex 0.9427934736519953 -1.76384252869671 0
    endloop
  endfacet
  facet normal -0.5956993044924329 0.8032075314806452 0
    outer loop
      vertex 1.1111404660392044 -1.6629392246050905 1.6
      vertex 1.268786568327291 -1.546020906725474 0
      vertex 1.1111404660392044 -1.6629392246050905 0
    endloop
  endfacet
  facet normal -0.671558954847018 0.7409511253549593 0
    outer loop
      vertex 1.268786568327291 -1.546020906725474 1.6
      vertex 1.4142135623730951 -1.4142135623730951 0
      vertex 1.268786568327291 -1.546020906725474 0
    endloop
  endfacet
  facet normal -0.7409511253549593 0.671558954847018 0
    outer loop
      vertex 1.4142135623730951 -1.4142135623730951 0
      vertex 1.4142135623730951 -1.4142135623730951 1.6
      vertex 1.546020906725474 -1.268786568327291 0
    endloop
  endfacet
  facet normal -0.8032075314806452 0.5956993044924329 0
    outer loop
      vertex 1.6629392246050905 -1.1111404660392044 0
      vertex 1.546020906725474 -1.268786568327291 0
      vertex 1.546020906725474 -1.268786568327291 1.6
    endloop
  endfacet
  facet normal -0.857728610000272 0.5141027441932221 0
    outer loop
      vertex 1.76384252869671 -0.9427934736519953 0
      vertex 1.6629392246050905 -1.1111404660392044 0
      vertex 1.6629392246050905 -1.1111404660392044 1.6
    endloop
  endfacet
  facet normal -0.9039892931234434 0.42755509343028186 0
    outer loop
      vertex 1.8477590650225735 -0.7653668647301796 0
      vertex 1.76384252869671 -0.9427934736519953 0
      vertex 1.76384252869671 -0.9427934736519953 1.6
    endloop
  endfacet
  facet normal -0.9415440651830209 0.33688985339221966 0
    outer loop
      vertex 1.9138806714644176 -0.5805693545089247 0
      vertex 1.8477590650225735 -0.7653668647301796 0
      vertex 1.8477590650225735 -0.7653668647301796 1.6
    endloop
  endfacet
  facet normal -0.970031253194544 0.24298017990326415 0
    outer loop
      vertex 1.9615705608064609 -0.3901806440322565 0
      vertex 1.9138806714644176 -0.5805693545089247 0
      vertex 1.9138806714644176 -0.5805693545089247 1.6
    endloop
  endfacet
  facet normal -0.9891765099647809 0.1467304744553624 0
    outer loop
      vertex 1.9903694533443939 -0.1960342806591212 0
      vertex 1.9615705608064609 -0.3901806440322565 0
      vertex 1.9615705608064609 -0.3901806440322565 1.6
    endloop
  endfacet
  facet normal -0.9987954562051724 0.04906767432741758 0
    outer loop
      vertex 1.9903694533443939 -0.1960342806591212 0
      vertex 1.9903694533443939 -0.1960342806591212 1.6
      vertex 2 0 0
    endloop
  endfacet
  facet normal -0.04906767432741758 0.9987954562051724 0
    outer loop
      vertex 0.1960342806591212 -1.9903694533443939 1.6
      vertex 0.1960342806591212 -1.9903694533443939 0
      vertex 0 -2 1.6
    endloop
  endfacet
  facet normal -0.1467304744553624 0.9891765099647809 0
    outer loop
      vertex 0.3901806440322565 -1.9615705608064609 1.6
      vertex 0.3901806440322565 -1.9615705608064609 0
      vertex 0.1960342806591212 -1.9903694533443939 1.6
    endloop
  endfacet
  facet normal -0.24298017990326415 0.970031253194544 0
    outer loop
      vertex 0.5805693545089247 -1.9138806714644176 1.6
      vertex 0.5805693545089247 -1.9138806714644176 0
      vertex 0.3901806440322565 -1.9615705608064609 1.6
    endloop
  endfacet
  facet normal -0.33688985339221966 0.9415440651830209 0
    outer loop
      vertex 0.7653668647301796 -1.8477590650225735 1.6
      vertex 0.7653668647301796 -1.8477590650225735 0
      vertex 0.5805693545089247 -1.9138806714644176 1.6
    endloop
  endfacet
  facet normal -0.42755509343028186 0.9039892931234434 0
    outer loop
      vertex 0.9427934736519953 -1.76384252869671 1.6
      vertex 0.9427934736519953 -1.76384252869671 0
      vertex 0.7653668647301796 -1.8477590650225735 1.6
    endloop
  endfacet
  facet normal -0.5141027441932221 0.857728610000272 0
    outer loop
      vertex 1.1111404660392044 -1.6629392246050905 1.6
      vertex 1.1111404660392044 -1.6629392246050905 0
      vertex 0.9427934736519953 -1.76384252869671 1.6
    endloop
  endfacet
  facet normal -0.5956993044924329 0.8032075314806452 0
    outer loop
      vertex 1.268786568327291 -1.546020906725474 1.6
      vertex 1.268786568327291 -1.546020906725474 0
      vertex 1.1111404660392044 -1.6629392246050905 1.6
    endloop
  endfacet
  facet normal -0.671558954847018 0.7409511253549593 0
    outer loop
      vertex 1.4142135623730951 -1.4142135623730951 1.6
      vertex 1.4142135623730951 -1.4142135623730951 0
      vertex 1.268786568327291 -1.546020906725474 1.6
    endloop
  endfacet
  facet normal -0.7409511253549593 0.671558954847018 0
    outer loop
      vertex 1.546020906725474 -1.268786568327291 0
      vertex 1.4142135623730951 -1.4142135623730951 1.6
      vertex 1.546020906725474 -1.268786568327291 1.6
    endloop
  endfacet
  facet normal -0.8032075314806452 0.5956993044924329 0
    outer loop
      vertex 1.6629392246050905 -1.1111404660392044 0
      vertex 1.546020906725474 -1.268786568327291 1.6
      vertex 1.6629392246050905 -1.1111404660392044 1.6
    endloop
  endfacet
  facet normal -0.857728610000272 0.5141027441932221 0
    outer loop
      vertex 1.76384252869671 -0.9427934736519953 0
      vertex 1.6629392246050905 -1.1111404660392044 1.6
      vertex 1.76384252869671 -0.9427934736519953 1.6
    endloop
  endfacet
  facet normal -0.9039892931234434 0.42755509343028186 0
    outer loop
      vertex 1.8477590650225735 -0.7653668647301796 0
      vertex 1.76384252869671 -0.9427934736519953 1.6
      vertex 1.8477590650225735 -0.7653668647301796 1.6
    endloop
  endfacet
  facet normal -0.9415440651830209 0.33688985339221966 0
    outer loop
      vertex 1.9138806714644176 -0.5805693545089247 0
      vertex 1.8477590650225735 -0.7653668647301796 1.6
      vertex 1.9138806714644176 -0.5805693545089247 1.6
    endloop
  endfacet
  facet normal -0.970031253194544 0.24298017990326415 0
    outer loop
      vertex 1.9615705608064609 -0.3901806440322565 0
      vertex 1.9138806714644176 -0.5805693545089247 1.6
      vertex 1.9615705608064609 -0.3901806440322565 1.6
    endloop
  endfacet
  facet normal -0.9891765099647809 0.1467304744553624 0
    outer loop
      vertex 1.9903694533443939 -0.1960342806591212 0
      vertex 1.9615705608064609 -0.3901806440322565 1.6
      vertex 1.9903694533443939 -0.1960342806591212 1.6
    endloop
  endfacet
  facet normal -0.9987954562051724 0.04906767432741758 0
    outer loop
      vertex 2 0 0
      vertex 1.9903694533443939 -0.1960342806591212 1.6
      vertex 2 0 1.6
    endloop
  endfacet
  facet normal -0.5141027441932221 -0.857728610000272 0
    outer loop
      vertex 1.1111404660392044 1.6629392246050905 0
      vertex 1.1111404660392044 1.6629392246050905 1.6
      vertex 0.9427934736519953 1.76384252869671 0
    endloop
  endfacet
  facet normal -0.5956993044924329 -0.8032075314806452 0
    outer loop
      vertex 1.268786568327291 1.546020906725474 0
      vertex 1.268786568327291 1.546020906725474 1.6
      vertex 1.1111404660392044 1.6629392246050905 0
    endloop
  endfacet
  facet normal -0.857728610000272 -0.5141027441932221 0
    outer loop
      vertex 1.6629392246050905 1.1111404660392044 0
      vertex 1.76384252869671 0.9427934736519953 0
      vertex 1.76384252869671 0.9427934736519953 1.6
    endloop
  endfacet
  facet normal -0.8032075314806452 -0.5956993044924329 0
    outer loop
      vertex 1.546020906725474 1.268786568327291 0
      vertex 1.6629392246050905 1.1111404660392044 0
      vertex 1.6629392246050905 1.1111404660392044 1.6
    endloop
  endfacet
  facet normal -0.671558954847018 -0.7409511253549593 0
    outer loop
      vertex 1.268786568327291 1.546020906725474 0
      vertex 1.4142135623730951 1.4142135623730951 0
      vertex 1.4142135623730951 1.4142135623730951 1.6
    endloop
  endfacet
  facet normal -0.7409511253549593 -0.671558954847018 0
    outer loop
      vertex 1.4142135623730951 1.4142135623730951 0
      vertex 1.546020906725474 1.268786568327291 0
      vertex 1.546020906725474 1.268786568327291 1.6
    endloop
  endfacet
  facet normal -0.04906767432741758 -0.9987954562051724 0
    outer loop
      vertex 0.1960342806591212 1.9903694533443939 0
      vertex 0.1960342806591212 1.9903694533443939 1.6
      vertex 0 2 0
    endloop
  endfacet
  facet normal -0.1467304744553624 -0.9891765099647809 0
    outer loop
      vertex 0.3901806440322565 1.9615705608064609 0
      vertex 0.3901806440322565 1.9615705608064609 1.6
      vertex 0.1960342806591212 1.9903694533443939 0
    endloop
  endfacet
  facet normal -0.24298017990326415 -0.970031253194544 0
    outer loop
      vertex 0.5805693545089247 1.9138806714644176 0
      vertex 0.5805693545089247 1.9138806714644176 1.6
      vertex 0.3901806440322565 1.9615705608064609 0
    endloop
  endfacet
  facet normal -0.33688985339221966 -0.9415440651830209 0
    outer loop
      vertex 0.7653668647301796 1.8477590650225735 0
      vertex 0.7653668647301796 1.8477590650225735 1.6
      vertex 0.5805693545089247 1.9138806714644176 0
    endloop
  endfacet
  facet normal -0.42755509343028186 -0.9039892931234434 0
    outer loop
      vertex 0.9427934736519953 1.76384252869671 0
      vertex 0.9427934736519953 1.76384252869671 1.6
      vertex 0.7653668647301796 1.8477590650225735 0
    endloop
  endfacet
  facet normal -0.9987954562051724 -0.04906767432741758 0
    outer loop
      vertex 2 0 0
      vertex 2 0 1.6
      vertex 1.9903694533443939 0.1960342806591212 0
    endloop
  endfacet
  facet normal -0.9891765099647809 -0.1467304744553624 0
    outer loop
      vertex 1.9615705608064609 0.3901806440322565 0
      vertex 1.9903694533443939 0.1960342806591212 0
      vertex 1.9903694533443939 0.1960342806591212 1.6
    endloop
  endfacet
  facet normal -0.970031253194544 -0.24298017990326415 0
    outer loop
      vertex 1.9138806714644176 0.5805693545089247 0
      vertex 1.9615705608064609 0.3901806440322565 0
      vertex 1.9615705608064609 0.3901806440322565 1.6
    endloop
  endfacet
  facet normal -0.9415440651830209 -0.33688985339221966 0
    outer loop
      vertex 1.8477590650225735 0.7653668647301796 0
      vertex 1.9138806714644176 0.5805693545089247 0
      vertex 1.9138806714644176 0.5805693545089247 1.6
    endloop
  endfacet
  facet normal -0.9039892931234434 -0.42755509343028186 0
    outer loop
      vertex 1.76384252869671 0.9427934736519953 0
      vertex 1.8477590650225735 0.7653668647301796 0
      vertex 1.8477590650225735 0.7653668647301796 1.6
    endloop
  endfacet
  facet normal -0.5141027441932221 -0.857728610000272 0
    outer loop
      vertex 0.9427934736519953 1.76384252869671 0
      vertex 1.1111404660392044 1.6629392246050905 1.6
      vertex 0.9427934736519953 1.76384252869671 1.6
    endloop
  endfacet
  facet normal -0.5956993044924329 -0.8032075314806452 0
    outer loop
      vertex 1.1111404660392044 1.6629392246050905 0
      vertex 1.268786568327291 1.546020906725474 1.6
      vertex 1.1111404660392044 1.6629392246050905 1.6
    endloop
  endfacet
  facet normal -0.857728610000272 -0.5141027441932221 0
    outer loop
      vertex 1.6629392246050905 1.1111404660392044 0
      vertex 1.76384252869671 0.9427934736519953 1.6
      vertex 1.6629392246050905 1.1111404660392044 1.6
    endloop
  endfacet
  facet normal -0.8032075314806452 -0.5956993044924329 0
    outer loop
      vertex 1.546020906725474 1.268786568327291 0
      vertex 1.6629392246050905 1.1111404660392044 1.6
      vertex 1.546020906725474 1.268786568327291 1.6
    endloop
  endfacet
  facet normal -0.671558954847018 -0.7409511253549593 0
    outer loop
      vertex 1.268786568327291 1.546020906725474 0
      vertex 1.4142135623730951 1.4142135623730951 1.6
      vertex 1.268786568327291 1.546020906725474 1.6
    endloop
  endfacet
  facet normal -0.7409511253549593 -0.671558954847018 0
    outer loop
      vertex 1.4142135623730951 1.4142135623730951 0
      vertex 1.546020906725474 1.268786568327291 1.6
      vertex 1.4142135623730951 1.4142135623730951 1.6
    endloop
  endfacet
  facet normal -0.04906767432741758 -0.9987954562051724 0
    outer loop
      vertex 0 2 0
      vertex 0.1960342806591212 1.9903694533443939 1.6
      vertex 0 2 1.6
    endloop
  endfacet
  facet normal -0.1467304744553624 -0.9891765099647809 0
    outer loop
      vertex 0.1960342806591212 1.9903694533443939 0
      vertex 0.3901806440322565 1.9615705608064609 1.6
      vertex 0.1960342806591212 1.9903694533443939 1.6
    endloop
  endfacet
  facet normal -0.24298017990326415 -0.970031253194544 0
    outer loop
      vertex 0.3901806440322565 1.9615705608064609 0
      vertex 0.5805693545089247 1.9138806714644176 1.6
      vertex 0.3901806440322565 1.9615705608064609 1.6
    endloop
  endfacet
  facet normal -0.33688985339221966 -0.9415440651830209 0
    outer loop
      vertex 0.5805693545089247 1.9138806714644176 0
      vertex 0.7653668647301796 1.8477590650225735 1.6
      vertex 0.5805693545089247 1.9138806714644176 1.6
    endloop
  endfacet
  facet normal -0.42755509343028186 -0.9039892931234434 0
    outer loop
      vertex 0.7653668647301796 1.8477590650225735 0
      vertex 0.9427934736519953 1.76384252869671 1.6
      vertex 0.7653668647301796 1.8477590650225735 1.6
    endloop
  endfacet
  facet normal -0.9987954562051724 -0.04906767432741758 0
    outer loop
      vertex 1.9903694533443939 0.1960342806591212 0
      vertex 2 0 1.6
      vertex 1.9903694533443939 0.1960342806591212 1.6
    endloop
  endfacet
  facet normal -0.9891765099647809 -0.1467304744553624 0
    outer loop
      vertex 1.9615705608064609 0.3901806440322565 0
      vertex 1.9903694533443939 0.1960342806591212 1.6
      vertex 1.9615705608064609 0.3901806440322565 1.6
    endloop
  endfacet
  facet normal -0.970031253194544 -0.24298017990326415 0
    outer loop
      vertex 1.9138806714644176 0.5805693545089247 0
      vertex 1.9615705608064609 0.3901806440322565 1.6
      vertex 1.9138806714644176 0.5805693545089247 1.6
    endloop
  endfacet
  facet normal -0.9415440651830209 -0.33688985339221966 0
    outer loop
      vertex 1.8477590650225735 0.7653668647301796 0
      vertex 1.9138806714644176 0.5805693545089247 1.6
      vertex 1.8477590650225735 0.7653668647301796 1.6
    endloop
  endfacet
  facet normal -0.9039892931234434 -0.42755509343028186 0
    outer loop
      vertex 1.76384252869671 0.9427934736519953 0
      vertex 1.8477590650225735 0.7653668647301796 1.6
      vertex 1.76384252869671 0.9427934736519953 1.6
    endloop
  endfacet
  facet normal 0.5141027441932238 0.8577286100002709 0
    outer loop
      vertex -1.1111404660392044 10.33706077539491 0
      vertex -1.1111404660392044 10.33706077539491 1.6
      vertex -0.9427934736519953 10.23615747130329 0
    endloop
  endfacet
  facet normal 0.4275550934302846 0.9039892931234421 0
    outer loop
      vertex -0.9427934736519953 10.23615747130329 0
      vertex -0.9427934736519953 10.23615747130329 1.6
      vertex -0.7653668647301796 10.152240934977426 0
    endloop
  endfacet
  facet normal 0.3368898533922157 0.9415440651830224 0
    outer loop
      vertex -0.7653668647301796 10.152240934977426 0
      vertex -0.7653668647301796 10.152240934977426 1.6
      vertex -0.5805693545089247 10.086119328535583 0
    endloop
  endfacet
  facet normal 0.24298017990326629 0.9700312531945434 0
    outer loop
      vertex -0.5805693545089247 10.086119328535583 0
      vertex -0.5805693545089247 10.086119328535583 1.6
      vertex -0.3901806440322565 10.03842943919354 0
    endloop
  endfacet
  facet normal 0.1467304744553646 0.9891765099647806 0
    outer loop
      vertex -0.3901806440322565 10.03842943919354 0
      vertex -0.3901806440322565 10.03842943919354 1.6
      vertex -0.1960342806591212 10.009630546655606 0
    endloop
  endfacet
  facet normal 0.04906767432741532 0.9987954562051726 0
    outer loop
      vertex -0.1960342806591212 10.009630546655606 0
      vertex -0.1960342806591212 10.009630546655606 1.6
      vertex 0 10 0
    endloop
  endfacet
  facet normal 0.9039892931234441 0.42755509343028003 0
    outer loop
      vertex -1.76384252869671 11.057206526348004 0
      vertex -1.8477590650225735 11.23463313526982 0
      vertex -1.8477590650225735 11.23463313526982 1.6
    endloop
  endfacet
  facet normal 0.941544065183021 0.33688985339221933 0
    outer loop
      vertex -1.8477590650225735 11.23463313526982 0
      vertex -1.9138806714644176 11.419430645491076 0
      vertex -1.9138806714644176 11.419430645491076 1.6
    endloop
  endfacet
  facet normal 0.970031253194544 0.24298017990326415 0
    outer loop
      vertex -1.9138806714644176 11.419430645491076 0
      vertex -1.9615705608064609 11.609819355967744 0
      vertex -1.9615705608064609 11.609819355967744 1.6
    endloop
  endfacet
  facet normal 0.9891765099647807 0.1467304744553632 0
    outer loop
      vertex -1.9615705608064609 11.609819355967744 0
      vertex -1.9903694533443939 11.803965719340878 0
      vertex -1.9903694533443939 11.803965719340878 1.6
    endloop
  endfacet
  facet normal 0.9987954562051724 0.04906767432741744 0
    outer loop
      vertex -1.9903694533443939 11.803965719340878 0
      vertex -2 12 0
      vertex -2 12 1.6
    endloop
  endfacet
  facet normal 0.9987954562051724 -0.04906767432741744 0
    outer loop
      vertex -2 12 0
      vertex -1.9903694533443939 12.196034280659122 0
      vertex -1.9903694533443939 12.196034280659122 1.6
    endloop
  endfacet
  facet normal 0.9891765099647807 -0.1467304744553632 0
    outer loop
      vertex -1.9903694533443939 12.196034280659122 0
      vertex -1.9615705608064609 12.390180644032256 0
      vertex -1.9615705608064609 12.390180644032256 1.6
    endloop
  endfacet
  facet normal 0.970031253194544 -0.24298017990326415 0
    outer loop
      vertex -1.9615705608064609 12.390180644032256 0
      vertex -1.9138806714644176 12.580569354508924 0
      vertex -1.9138806714644176 12.580569354508924 1.6
    endloop
  endfacet
  facet normal 0.941544065183021 -0.33688985339221933 0
    outer loop
      vertex -1.9138806714644176 12.580569354508924 0
      vertex -1.8477590650225735 12.76536686473018 0
      vertex -1.8477590650225735 12.76536686473018 1.6
    endloop
  endfacet
  facet normal 0.9039892931234441 -0.42755509343028003 0
    outer loop
      vertex -1.8477590650225735 12.76536686473018 0
      vertex -1.76384252869671 12.942793473651996 0
      vertex -1.76384252869671 12.942793473651996 1.6
    endloop
  endfacet
  facet normal 0.803207531480646 0.5956993044924319 0
    outer loop
      vertex -1.546020906725474 10.731213431672709 0
      vertex -1.6629392246050905 10.888859533960796 0
      vertex -1.6629392246050905 10.888859533960796 1.6
    endloop
  endfacet
  facet normal 0.6715589548470157 0.7409511253549618 0
    outer loop
      vertex -1.4142135623730951 10.585786437626904 0
      vertex -1.4142135623730951 10.585786437626904 1.6
      vertex -1.268786568327291 10.453979093274526 0
    endloop
  endfacet
  facet normal 0.74095112535496 0.6715589548470176 0
    outer loop
      vertex -1.4142135623730951 10.585786437626904 0
      vertex -1.546020906725474 10.731213431672709 0
      vertex -1.546020906725474 10.731213431672709 1.6
    endloop
  endfacet
  facet normal 0.8577286100002711 0.5141027441932232 0
    outer loop
      vertex -1.6629392246050905 10.888859533960796 0
      vertex -1.76384252869671 11.057206526348004 0
      vertex -1.76384252869671 11.057206526348004 1.6
    endloop
  endfacet
  facet normal 0.5956993044924316 0.8032075314806463 0
    outer loop
      vertex -1.268786568327291 10.453979093274526 0
      vertex -1.268786568327291 10.453979093274526 1.6
      vertex -1.1111404660392044 10.33706077539491 0
    endloop
  endfacet
  facet normal 0.8577286100002711 -0.5141027441932232 0
    outer loop
      vertex -1.76384252869671 12.942793473651996 0
      vertex -1.6629392246050905 13.111140466039204 0
      vertex -1.6629392246050905 13.111140466039204 1.6
    endloop
  endfacet
  facet normal 0.803207531480646 -0.5956993044924319 0
    outer loop
      vertex -1.6629392246050905 13.111140466039204 0
      vertex -1.546020906725474 13.268786568327291 0
      vertex -1.546020906725474 13.268786568327291 1.6
    endloop
  endfacet
  facet normal 0.74095112535496 -0.6715589548470176 0
    outer loop
      vertex -1.546020906725474 13.268786568327291 0
      vertex -1.4142135623730951 13.414213562373096 0
      vertex -1.4142135623730951 13.414213562373096 1.6
    endloop
  endfacet
  facet normal 0.6715589548470157 -0.7409511253549618 0
    outer loop
      vertex -1.268786568327291 13.546020906725474 0
      vertex -1.268786568327291 13.546020906725474 1.6
      vertex -1.4142135623730951 13.414213562373096 0
    endloop
  endfacet
  facet normal 0.5956993044924316 -0.8032075314806463 0
    outer loop
      vertex -1.1111404660392044 13.66293922460509 0
      vertex -1.1111404660392044 13.66293922460509 1.6
      vertex -1.268786568327291 13.546020906725474 0
    endloop
  endfacet
  facet normal 0.5141027441932238 -0.8577286100002709 0
    outer loop
      vertex -0.9427934736519953 13.76384252869671 0
      vertex -0.9427934736519953 13.76384252869671 1.6
      vertex -1.1111404660392044 13.66293922460509 0
    endloop
  endfacet
  facet normal 0.4275550934302846 -0.9039892931234421 0
    outer loop
      vertex -0.7653668647301796 13.847759065022574 0
      vertex -0.7653668647301796 13.847759065022574 1.6
      vertex -0.9427934736519953 13.76384252869671 0
    endloop
  endfacet
  facet normal 0.5956993044924316 0.8032075314806463 0
    outer loop
      vertex -1.1111404660392044 10.33706077539491 0
      vertex -1.268786568327291 10.453979093274526 1.6
      vertex -1.1111404660392044 10.33706077539491 1.6
    endloop
  endfacet
  facet normal 0.5141027441932238 0.8577286100002709 0
    outer loop
      vertex -0.9427934736519953 10.23615747130329 0
      vertex -1.1111404660392044 10.33706077539491 1.6
      vertex -0.9427934736519953 10.23615747130329 1.6
    endloop
  endfacet
  facet normal 0.4275550934302846 0.9039892931234421 0
    outer loop
      vertex -0.7653668647301796 10.152240934977426 0
      vertex -0.9427934736519953 10.23615747130329 1.6
      vertex -0.7653668647301796 10.152240934977426 1.6
    endloop
  endfacet
  facet normal 0.3368898533922157 0.9415440651830224 0
    outer loop
      vertex -0.5805693545089247 10.086119328535583 0
      vertex -0.7653668647301796 10.152240934977426 1.6
      vertex -0.5805693545089247 10.086119328535583 1.6
    endloop
  endfacet
  facet normal 0.24298017990326629 0.9700312531945434 0
    outer loop
      vertex -0.3901806440322565 10.03842943919354 0
      vertex -0.5805693545089247 10.086119328535583 1.6
      vertex -0.3901806440322565 10.03842943919354 1.6
    endloop
  endfacet
  facet normal 0.1467304744553646 0.9891765099647806 0
    outer loop
      vertex -0.1960342806591212 10.009630546655606 0
      vertex -0.3901806440322565 10.03842943919354 1.6
      vertex -0.1960342806591212 10.009630546655606 1.6
    endloop
  endfacet
  facet normal 0.04906767432741532 0.9987954562051726 0
    outer loop
      vertex 0 10 0
      vertex -0.1960342806591212 10.009630546655606 1.6
      vertex 0 10 1.6
    endloop
  endfacet
  facet normal 0.9039892931234441 0.42755509343028003 0
    outer loop
      vertex -1.76384252869671 11.057206526348004 0
      vertex -1.8477590650225735 11.23463313526982 1.6
      vertex -1.76384252869671 11.057206526348004 1.6
    endloop
  endfacet
  facet normal 0.9891765099647807 0.1467304744553632 0
    outer loop
      vertex -1.9615705608064609 11.609819355967744 0
      vertex -1.9903694533443939 11.803965719340878 1.6
      vertex -1.9615705608064609 11.609819355967744 1.6
    endloop
  endfacet
  facet normal 0.941544065183021 0.33688985339221933 0
    outer loop
      vertex -1.8477590650225735 11.23463313526982 0
      vertex -1.9138806714644176 11.419430645491076 1.6
      vertex -1.8477590650225735 11.23463313526982 1.6
    endloop
  endfacet
  facet normal 0.970031253194544 0.24298017990326415 0
    outer loop
      vertex -1.9138806714644176 11.419430645491076 0
      vertex -1.9615705608064609 11.609819355967744 1.6
      vertex -1.9138806714644176 11.419430645491076 1.6
    endloop
  endfacet
  facet normal 0.9987954562051724 0.04906767432741744 0
    outer loop
      vertex -1.9903694533443939 11.803965719340878 0
      vertex -2 12 1.6
      vertex -1.9903694533443939 11.803965719340878 1.6
    endloop
  endfacet
  facet normal 0.9987954562051724 -0.04906767432741744 0
    outer loop
      vertex -2 12 0
      vertex -1.9903694533443939 12.196034280659122 1.6
      vertex -2 12 1.6
    endloop
  endfacet
  facet normal 0.9891765099647807 -0.1467304744553632 0
    outer loop
      vertex -1.9903694533443939 12.196034280659122 0
      vertex -1.9615705608064609 12.390180644032256 1.6
      vertex -1.9903694533443939 12.196034280659122 1.6
    endloop
  endfacet
  facet normal 0.970031253194544 -0.24298017990326415 0
    outer loop
      vertex -1.9615705608064609 12.390180644032256 0
      vertex -1.9138806714644176 12.580569354508924 1.6
      vertex -1.9615705608064609 12.390180644032256 1.6
    endloop
  endfacet
  facet normal 0.941544065183021 -0.33688985339221933 0
    outer loop
      vertex -1.9138806714644176 12.580569354508924 0
      vertex -1.8477590650225735 12.76536686473018 1.6
      vertex -1.9138806714644176 12.580569354508924 1.6
    endloop
  endfacet
  facet normal 0.9039892931234441 -0.42755509343028003 0
    outer loop
      vertex -1.8477590650225735 12.76536686473018 0
      vertex -1.76384252869671 12.942793473651996 1.6
      vertex -1.8477590650225735 12.76536686473018 1.6
    endloop
  endfacet
  facet normal 0.803207531480646 0.5956993044924319 0
    outer loop
      vertex -1.546020906725474 10.731213431672709 0
      vertex -1.6629392246050905 10.888859533960796 1.6
      vertex -1.546020906725474 10.731213431672709 1.6
    endloop
  endfacet
  facet normal 0.6715589548470157 0.7409511253549618 0
    outer loop
      vertex -1.268786568327291 10.453979093274526 0
      vertex -1.4142135623730951 10.585786437626904 1.6
      vertex -1.268786568327291 10.453979093274526 1.6
    endloop
  endfacet
  facet normal 0.74095112535496 0.6715589548470176 0
    outer loop
      vertex -1.4142135623730951 10.585786437626904 0
      vertex -1.546020906725474 10.731213431672709 1.6
      vertex -1.4142135623730951 10.585786437626904 1.6
    endloop
  endfacet
  facet normal 0.8577286100002711 0.5141027441932232 0
    outer loop
      vertex -1.6629392246050905 10.888859533960796 0
      vertex -1.76384252869671 11.057206526348004 1.6
      vertex -1.6629392246050905 10.888859533960796 1.6
    endloop
  endfacet
  facet normal 0.8577286100002711 -0.5141027441932232 0
    outer loop
      vertex -1.76384252869671 12.942793473651996 0
      vertex -1.6629392246050905 13.111140466039204 1.6
      vertex -1.76384252869671 12.942793473651996 1.6
    endloop
  endfacet
  facet normal 0.803207531480646 -0.5956993044924319 0
    outer loop
      vertex -1.6629392246050905 13.111140466039204 0
      vertex -1.546020906725474 13.268786568327291 1.6
      vertex -1.6629392246050905 13.111140466039204 1.6
    endloop
  endfacet
  facet normal 0.74095112535496 -0.6715589548470176 0
    outer loop
      vertex -1.546020906725474 13.268786568327291 0
      vertex -1.4142135623730951 13.414213562373096 1.6
      vertex -1.546020906725474 13.268786568327291 1.6
    endloop
  endfacet
  facet normal 0.6715589548470157 -0.7409511253549618 0
    outer loop
      vertex -1.4142135623730951 13.414213562373096 0
      vertex -1.268786568327291 13.546020906725474 1.6
      vertex -1.4142135623730951 13.414213562373096 1.6
    endloop
  endfacet
  facet normal 0.5956993044924316 -0.8032075314806463 0
    outer loop
      vertex -1.268786568327291 13.546020906725474 0
      vertex -1.1111404660392044 13.66293922460509 1.6
      vertex -1.268786568327291 13.546020906725474 1.6
    endloop
  endfacet
  facet normal 0.5141027441932238 -0.8577286100002709 0
    outer loop
      vertex -1.1111404660392044 13.66293922460509 0
      vertex -0.9427934736519953 13.76384252869671 1.6
      vertex -1.1111404660392044 13.66293922460509 1.6
    endloop
  endfacet
  facet normal 0.4275550934302846 -0.9039892931234421 0
    outer loop
      vertex -0.9427934736519953 13.76384252869671 0
      vertex -0.7653668647301796 13.847759065022574 1.6
      vertex -0.9427934736519953 13.76384252869671 1.6
    endloop
  endfacet
  facet normal 0.3368898533922157 -0.9415440651830224 0
    outer loop
      vertex -0.7653668647301796 13.847759065022574 0
      vertex -0.5805693545089247 13.913880671464417 1.6
      vertex -0.7653668647301796 13.847759065022574 1.6
    endloop
  endfacet
  facet normal 0.3368898533922157 -0.9415440651830224 0
    outer loop
      vertex -0.5805693545089247 13.913880671464417 0
      vertex -0.5805693545089247 13.913880671464417 1.6
      vertex -0.7653668647301796 13.847759065022574 0
    endloop
  endfacet
  facet normal 0.24298017990326629 -0.9700312531945434 0
    outer loop
      vertex -0.3901806440322565 13.96157056080646 0
      vertex -0.3901806440322565 13.96157056080646 1.6
      vertex -0.5805693545089247 13.913880671464417 0
    endloop
  endfacet
  facet normal 0.1467304744553646 -0.9891765099647806 0
    outer loop
      vertex -0.1960342806591212 13.990369453344394 0
      vertex -0.1960342806591212 13.990369453344394 1.6
      vertex -0.3901806440322565 13.96157056080646 0
    endloop
  endfacet
  facet normal 0.04906767432741532 -0.9987954562051726 0
    outer loop
      vertex -0.1960342806591212 13.990369453344394 0
      vertex 0 14 0
      vertex 0 14 1.6
    endloop
  endfacet
  facet normal 0.24298017990326629 -0.9700312531945434 0
    outer loop
      vertex -0.5805693545089247 13.913880671464417 0
      vertex -0.3901806440322565 13.96157056080646 1.6
      vertex -0.5805693545089247 13.913880671464417 1.6
    endloop
  endfacet
  facet normal 0.1467304744553646 -0.9891765099647806 0
    outer loop
      vertex -0.3901806440322565 13.96157056080646 0
      vertex -0.1960342806591212 13.990369453344394 1.6
      vertex -0.3901806440322565 13.96157056080646 1.6
    endloop
  endfacet
  facet normal 0.04906767432741532 -0.9987954562051726 0
    outer loop
      vertex 0 14 1.6
      vertex -0.1960342806591212 13.990369453344394 1.6
      vertex -0.1960342806591212 13.990369453344394 0
    endloop
  endfacet
  facet normal -0.04906767432741532 0.9987954562051726 0
    outer loop
      vertex 0 10 0
      vertex 0 10 1.6
      vertex 0.1960342806591212 10.009630546655606 0
    endloop
  endfacet
  facet normal -0.1467304744553646 0.9891765099647806 0
    outer loop
      vertex 0.1960342806591212 10.009630546655606 0
      vertex 0.1960342806591212 10.009630546655606 1.6
      vertex 0.3901806440322565 10.03842943919354 0
    endloop
  endfacet
  facet normal -0.24298017990326629 0.9700312531945434 0
    outer loop
      vertex 0.3901806440322565 10.03842943919354 0
      vertex 0.3901806440322565 10.03842943919354 1.6
      vertex 0.5805693545089247 10.086119328535583 0
    endloop
  endfacet
  facet normal -0.3368898533922157 0.9415440651830224 0
    outer loop
      vertex 0.5805693545089247 10.086119328535583 0
      vertex 0.5805693545089247 10.086119328535583 1.6
      vertex 0.7653668647301796 10.152240934977426 0
    endloop
  endfacet
  facet normal -0.4275550934302846 0.9039892931234421 0
    outer loop
      vertex 0.7653668647301796 10.152240934977426 0
      vertex 0.7653668647301796 10.152240934977426 1.6
      vertex 0.9427934736519953 10.23615747130329 0
    endloop
  endfacet
  facet normal -0.5141027441932238 0.8577286100002709 0
    outer loop
      vertex 0.9427934736519953 10.23615747130329 0
      vertex 0.9427934736519953 10.23615747130329 1.6
      vertex 1.1111404660392044 10.33706077539491 0
    endloop
  endfacet
  facet normal -0.5956993044924316 0.8032075314806463 0
    outer loop
      vertex 1.1111404660392044 10.33706077539491 0
      vertex 1.1111404660392044 10.33706077539491 1.6
      vertex 1.268786568327291 10.453979093274526 0
    endloop
  endfacet
  facet normal -0.6715589548470157 0.7409511253549618 0
    outer loop
      vertex 1.268786568327291 10.453979093274526 0
      vertex 1.268786568327291 10.453979093274526 1.6
      vertex 1.4142135623730951 10.585786437626904 0
    endloop
  endfacet
  facet normal -0.74095112535496 0.6715589548470176 0
    outer loop
      vertex 1.4142135623730951 10.585786437626904 0
      vertex 1.4142135623730951 10.585786437626904 1.6
      vertex 1.546020906725474 10.731213431672709 0
    endloop
  endfacet
  facet normal -0.803207531480646 0.5956993044924319 0
    outer loop
      vertex 1.6629392246050905 10.888859533960796 0
      vertex 1.546020906725474 10.731213431672709 0
      vertex 1.546020906725474 10.731213431672709 1.6
    endloop
  endfacet
  facet normal -0.8577286100002711 0.5141027441932232 0
    outer loop
      vertex 1.76384252869671 11.057206526348004 0
      vertex 1.6629392246050905 10.888859533960796 0
      vertex 1.6629392246050905 10.888859533960796 1.6
    endloop
  endfacet
  facet normal -0.3368898533922157 -0.9415440651830224 0
    outer loop
      vertex 0.7653668647301796 13.847759065022574 0
      vertex 0.7653668647301796 13.847759065022574 1.6
      vertex 0.5805693545089247 13.913880671464417 0
    endloop
  endfacet
  facet normal -0.8577286100002711 -0.5141027441932232 0
    outer loop
      vertex 1.6629392246050905 13.111140466039204 0
      vertex 1.76384252869671 12.942793473651996 0
      vertex 1.76384252869671 12.942793473651996 1.6
    endloop
  endfacet
  facet normal -0.4275550934302846 -0.9039892931234421 0
    outer loop
      vertex 0.9427934736519953 13.76384252869671 0
      vertex 0.9427934736519953 13.76384252869671 1.6
      vertex 0.7653668647301796 13.847759065022574 0
    endloop
  endfacet
  facet normal -0.5141027441932238 -0.8577286100002709 0
    outer loop
      vertex 1.1111404660392044 13.66293922460509 0
      vertex 1.1111404660392044 13.66293922460509 1.6
      vertex 0.9427934736519953 13.76384252869671 0
    endloop
  endfacet
  facet normal -0.5956993044924316 -0.8032075314806463 0
    outer loop
      vertex 1.268786568327291 13.546020906725474 0
      vertex 1.268786568327291 13.546020906725474 1.6
      vertex 1.1111404660392044 13.66293922460509 0
    endloop
  endfacet
  facet normal -0.74095112535496 -0.6715589548470176 0
    outer loop
      vertex 1.4142135623730951 13.414213562373096 0
      vertex 1.546020906725474 13.268786568327291 0
      vertex 1.546020906725474 13.268786568327291 1.6
    endloop
  endfacet
  facet normal -0.803207531480646 -0.5956993044924319 0
    outer loop
      vertex 1.546020906725474 13.268786568327291 0
      vertex 1.6629392246050905 13.111140466039204 0
      vertex 1.6629392246050905 13.111140466039204 1.6
    endloop
  endfacet
  facet normal -0.6715589548470157 -0.7409511253549618 0
    outer loop
      vertex 1.268786568327291 13.546020906725474 0
      vertex 1.4142135623730951 13.414213562373096 0
      vertex 1.4142135623730951 13.414213562373096 1.6
    endloop
  endfacet
  facet normal -0.9039892931234441 0.42755509343028003 0
    outer loop
      vertex 1.8477590650225735 11.23463313526982 0
      vertex 1.76384252869671 11.057206526348004 0
      vertex 1.76384252869671 11.057206526348004 1.6
    endloop
  endfacet
  facet normal -0.941544065183021 0.33688985339221933 0
    outer loop
      vertex 1.9138806714644176 11.419430645491076 0
      vertex 1.8477590650225735 11.23463313526982 0
      vertex 1.8477590650225735 11.23463313526982 1.6
    endloop
  endfacet
  facet normal -0.970031253194544 0.24298017990326415 0
    outer loop
      vertex 1.9615705608064609 11.609819355967744 0
      vertex 1.9138806714644176 11.419430645491076 0
      vertex 1.9138806714644176 11.419430645491076 1.6
    endloop
  endfacet
  facet normal -0.9891765099647807 0.1467304744553632 0
    outer loop
      vertex 1.9903694533443939 11.803965719340878 0
      vertex 1.9615705608064609 11.609819355967744 0
      vertex 1.9615705608064609 11.609819355967744 1.6
    endloop
  endfacet
  facet normal -0.9987954562051724 0.04906767432741744 0
    outer loop
      vertex 2 12 0
      vertex 1.9903694533443939 11.803965719340878 0
      vertex 1.9903694533443939 11.803965719340878 1.6
    endloop
  endfacet
  facet normal -0.9987954562051724 -0.04906767432741744 0
    outer loop
      vertex 1.9903694533443939 12.196034280659122 0
      vertex 2 12 0
      vertex 2 12 1.6
    endloop
  endfacet
  facet normal -0.970031253194544 -0.24298017990326415 0
    outer loop
      vertex 1.9138806714644176 12.580569354508924 0
      vertex 1.9615705608064609 12.390180644032256 0
      vertex 1.9615705608064609 12.390180644032256 1.6
    endloop
  endfacet
  facet normal -0.9891765099647807 -0.1467304744553632 0
    outer loop
      vertex 1.9615705608064609 12.390180644032256 0
      vertex 1.9903694533443939 12.196034280659122 0
      vertex 1.9903694533443939 12.196034280659122 1.6
    endloop
  endfacet
  facet normal -0.941544065183021 -0.33688985339221933 0
    outer loop
      vertex 1.8477590650225735 12.76536686473018 0
      vertex 1.9138806714644176 12.580569354508924 0
      vertex 1.9138806714644176 12.580569354508924 1.6
    endloop
  endfacet
  facet normal -0.9039892931234441 -0.42755509343028003 0
    outer loop
      vertex 1.76384252869671 12.942793473651996 0
      vertex 1.8477590650225735 12.76536686473018 0
      vertex 1.8477590650225735 12.76536686473018 1.6
    endloop
  endfacet
  facet normal -0.04906767432741532 0.9987954562051726 0
    outer loop
      vertex 0.1960342806591212 10.009630546655606 0
      vertex 0 10 1.6
      vertex 0.1960342806591212 10.009630546655606 1.6
    endloop
  endfacet
  facet normal -0.1467304744553646 0.9891765099647806 0
    outer loop
      vertex 0.3901806440322565 10.03842943919354 0
      vertex 0.1960342806591212 10.009630546655606 1.6
      vertex 0.3901806440322565 10.03842943919354 1.6
    endloop
  endfacet
  facet normal -0.24298017990326629 0.9700312531945434 0
    outer loop
      vertex 0.5805693545089247 10.086119328535583 0
      vertex 0.3901806440322565 10.03842943919354 1.6
      vertex 0.5805693545089247 10.086119328535583 1.6
    endloop
  endfacet
  facet normal -0.3368898533922157 0.9415440651830224 0
    outer loop
      vertex 0.7653668647301796 10.152240934977426 0
      vertex 0.5805693545089247 10.086119328535583 1.6
      vertex 0.7653668647301796 10.152240934977426 1.6
    endloop
  endfacet
  facet normal -0.4275550934302846 0.9039892931234421 0
    outer loop
      vertex 0.9427934736519953 10.23615747130329 0
      vertex 0.7653668647301796 10.152240934977426 1.6
      vertex 0.9427934736519953 10.23615747130329 1.6
    endloop
  endfacet
  facet normal -0.5141027441932238 0.8577286100002709 0
    outer loop
      vertex 1.1111404660392044 10.33706077539491 0
      vertex 0.9427934736519953 10.23615747130329 1.6
      vertex 1.1111404660392044 10.33706077539491 1.6
    endloop
  endfacet
  facet normal -0.5956993044924316 0.8032075314806463 0
    outer loop
      vertex 1.268786568327291 10.453979093274526 0
      vertex 1.1111404660392044 10.33706077539491 1.6
      vertex 1.268786568327291 10.453979093274526 1.6
    endloop
  endfacet
  facet normal -0.6715589548470157 0.7409511253549618 0
    outer loop
      vertex 1.4142135623730951 10.585786437626904 0
      vertex 1.268786568327291 10.453979093274526 1.6
      vertex 1.4142135623730951 10.585786437626904 1.6
    endloop
  endfacet
  facet normal -0.74095112535496 0.6715589548470176 0
    outer loop
      vertex 1.546020906725474 10.731213431672709 0
      vertex 1.4142135623730951 10.585786437626904 1.6
      vertex 1.546020906725474 10.731213431672709 1.6
    endloop
  endfacet
  facet normal -0.803207531480646 0.5956993044924319 0
    outer loop
      vertex 1.6629392246050905 10.888859533960796 0
      vertex 1.546020906725474 10.731213431672709 1.6
      vertex 1.6629392246050905 10.888859533960796 1.6
    endloop
  endfacet
  facet normal -0.8577286100002711 0.5141027441932232 0
    outer loop
      vertex 1.76384252869671 11.057206526348004 0
      vertex 1.6629392246050905 10.888859533960796 1.6
      vertex 1.76384252869671 11.057206526348004 1.6
    endloop
  endfacet
  facet normal -0.4275550934302846 -0.9039892931234421 0
    outer loop
      vertex 0.7653668647301796 13.847759065022574 0
      vertex 0.9427934736519953 13.76384252869671 1.6
      vertex 0.7653668647301796 13.847759065022574 1.6
    endloop
  endfacet
  facet normal -0.5141027441932238 -0.8577286100002709 0
    outer loop
      vertex 0.9427934736519953 13.76384252869671 0
      vertex 1.1111404660392044 13.66293922460509 1.6
      vertex 0.9427934736519953 13.76384252869671 1.6
    endloop
  endfacet
  facet normal -0.5956993044924316 -0.8032075314806463 0
    outer loop
      vertex 1.1111404660392044 13.66293922460509 0
      vertex 1.268786568327291 13.546020906725474 1.6
      vertex 1.1111404660392044 13.66293922460509 1.6
    endloop
  endfacet
  facet normal -0.74095112535496 -0.6715589548470176 0
    outer loop
      vertex 1.4142135623730951 13.414213562373096 0
      vertex 1.546020906725474 13.268786568327291 1.6
      vertex 1.4142135623730951 13.414213562373096 1.6
    endloop
  endfacet
  facet normal -0.803207531480646 -0.5956993044924319 0
    outer loop
      vertex 1.546020906725474 13.268786568327291 0
      vertex 1.6629392246050905 13.111140466039204 1.6
      vertex 1.546020906725474 13.268786568327291 1.6
    endloop
  endfacet
  facet normal -0.8577286100002711 -0.5141027441932232 0
    outer loop
      vertex 1.6629392246050905 13.111140466039204 0
      vertex 1.76384252869671 12.942793473651996 1.6
      vertex 1.6629392246050905 13.111140466039204 1.6
    endloop
  endfacet
  facet normal -0.6715589548470157 -0.7409511253549618 0
    outer loop
      vertex 1.268786568327291 13.546020906725474 0
      vertex 1.4142135623730951 13.414213562373096 1.6
      vertex 1.268786568327291 13.546020906725474 1.6
    endloop
  endfacet
  facet normal -0.9039892931234441 0.42755509343028003 0
    outer loop
      vertex 1.8477590650225735 11.23463313526982 0
      vertex 1.76384252869671 11.057206526348004 1.6
      vertex 1.8477590650225735 11.23463313526982 1.6
    endloop
  endfacet
  facet normal -0.941544065183021 0.33688985339221933 0
    outer loop
      vertex 1.9138806714644176 11.419430645491076 0
      vertex 1.8477590650225735 11.23463313526982 1.6
      vertex 1.9138806714644176 11.419430645491076 1.6
    endloop
  endfacet
  facet normal -0.970031253194544 0.24298017990326415 0
    outer loop
      vertex 1.9615705608064609 11.609819355967744 0
      vertex 1.9138806714644176 11.419430645491076 1.6
      vertex 1.9615705608064609 11.609819355967744 1.6
    endloop
  endfacet
  facet normal -0.9891765099647807 0.1467304744553632 0
    outer loop
      vertex 1.9903694533443939 11.803965719340878 0
      vertex 1.9615705608064609 11.609819355967744 1.6
      vertex 1.9903694533443939 11.803965719340878 1.6
    endloop
  endfacet
  facet normal -0.9987954562051724 0.04906767432741744 0
    outer loop
      vertex 2 12 0
      vertex 1.9903694533443939 11.803965719340878 1.6
      vertex 2 12 1.6
    endloop
  endfacet
  facet normal -0.9987954562051724 -0.04906767432741744 0
    outer loop
      vertex 1.9903694533443939 12.196034280659122 0
      vertex 2 12 1.6
      vertex 1.9903694533443939 12.196034280659122 1.6
    endloop
  endfacet
  facet normal -0.970031253194544 -0.24298017990326415 0
    outer loop
      vertex 1.9138806714644176 12.580569354508924 0
      vertex 1.9615705608064609 12.390180644032256 1.6
      vertex 1.9138806714644176 12.580569354508924 1.6
    endloop
  endfacet
  facet normal -0.9891765099647807 -0.1467304744553632 0
    outer loop
      vertex 1.9615705608064609 12.390180644032256 0
      vertex 1.9903694533443939 12.196034280659122 1.6
      vertex 1.9615705608064609 12.390180644032256 1.6
    endloop
  endfacet
  facet normal -0.941544065183021 -0.33688985339221933 0
    outer loop
      vertex 1.8477590650225735 12.76536686473018 0
      vertex 1.9138806714644176 12.580569354508924 1.6
      vertex 1.8477590650225735 12.76536686473018 1.6
    endloop
  endfacet
  facet normal -0.9039892931234441 -0.42755509343028003 0
    outer loop
      vertex 1.76384252869671 12.942793473651996 0
      vertex 1.8477590650225735 12.76536686473018 1.6
      vertex 1.76384252869671 12.942793473651996 1.6
    endloop
  endfacet
  facet normal -0.04906767432741532 -0.9987954562051726 0
    outer loop
      vertex 0.1960342806591212 13.990369453344394 0
      vertex 0.1960342806591212 13.990369453344394 1.6
      vertex 0 14 0
    endloop
  endfacet
  facet normal -0.1467304744553646 -0.9891765099647806 0
    outer loop
      vertex 0.3901806440322565 13.96157056080646 0
      vertex 0.3901806440322565 13.96157056080646 1.6
      vertex 0.1960342806591212 13.990369453344394 0
    endloop
  endfacet
  facet normal -0.24298017990326629 -0.9700312531945434 0
    outer loop
      vertex 0.5805693545089247 13.913880671464417 0
      vertex 0.5805693545089247 13.913880671464417 1.6
      vertex 0.3901806440322565 13.96157056080646 0
    endloop
  endfacet
  facet normal -0.04906767432741532 -0.9987954562051726 0
    outer loop
      vertex 0 14 0
      vertex 0.1960342806591212 13.990369453344394 1.6
      vertex 0 14 1.6
    endloop
  endfacet
  facet normal -0.1467304744553646 -0.9891765099647806 0
    outer loop
      vertex 0.1960342806591212 13.990369453344394 0
      vertex 0.3901806440322565 13.96157056080646 1.6
      vertex 0.1960342806591212 13.990369453344394 1.6
    endloop
  endfacet
  facet normal -0.24298017990326629 -0.9700312531945434 0
    outer loop
      vertex 0.3901806440322565 13.96157056080646 0
      vertex 0.5805693545089247 13.913880671464417 1.6
      vertex 0.3901806440322565 13.96157056080646 1.6
    endloop
  endfacet
  facet normal -0.3368898533922157 -0.9415440651830224 0
    outer loop
      vertex 0.5805693545089247 13.913880671464417 0
      vertex 0.7653668647301796 13.847759065022574 1.6
      vertex 0.5805693545089247 13.913880671464417 1.6
    endloop
  endfacet
  facet normal 0.24298017990326629 0.9700312531945434 0
    outer loop
      vertex 11.419430645491076 -13.913880671464417 1.6
      vertex 11.609819355967744 -13.96157056080646 0
      vertex 11.419430645491076 -13.913880671464417 0
    endloop
  endfacet
  facet normal 0.14673047445536544 0.9891765099647805 0
    outer loop
      vertex 11.609819355967744 -13.96157056080646 1.6
      vertex 11.803965719340878 -13.990369453344394 0
      vertex 11.609819355967744 -13.96157056080646 0
    endloop
  endfacet
  facet normal 0.049067674327415184 0.9987954562051726 0
    outer loop
      vertex 11.803965719340878 -13.990369453344394 1.6
      vertex 12 -14 0
      vertex 11.803965719340878 -13.990369453344394 0
    endloop
  endfacet
  facet normal -0.049067674327415184 0.9987954562051726 0
    outer loop
      vertex 12 -14 1.6
      vertex 12.196034280659122 -13.990369453344394 0
      vertex 12 -14 0
    endloop
  endfacet
  facet normal -0.14673047445536544 0.9891765099647805 0
    outer loop
      vertex 12.196034280659122 -13.990369453344394 1.6
      vertex 12.390180644032256 -13.96157056080646 0
      vertex 12.196034280659122 -13.990369453344394 0
    endloop
  endfacet
  facet normal -0.24298017990326629 0.9700312531945434 0
    outer loop
      vertex 12.390180644032256 -13.96157056080646 1.6
      vertex 12.580569354508924 -13.913880671464417 0
      vertex 12.390180644032256 -13.96157056080646 0
    endloop
  endfacet
  facet normal -0.33688985339221533 0.9415440651830225 0
    outer loop
      vertex 12.580569354508924 -13.913880671464417 1.6
      vertex 12.76536686473018 -13.847759065022574 0
      vertex 12.580569354508924 -13.913880671464417 0
    endloop
  endfacet
  facet normal 0.33688985339221533 0.9415440651830225 0
    outer loop
      vertex 11.419430645491076 -13.913880671464417 1.6
      vertex 11.419430645491076 -13.913880671464417 0
      vertex 11.23463313526982 -13.847759065022574 1.6
    endloop
  endfacet
  facet normal 0.24298017990326629 0.9700312531945434 0
    outer loop
      vertex 11.609819355967744 -13.96157056080646 1.6
      vertex 11.609819355967744 -13.96157056080646 0
      vertex 11.419430645491076 -13.913880671464417 1.6
    endloop
  endfacet
  facet normal 0.14673047445536544 0.9891765099647805 0
    outer loop
      vertex 11.803965719340878 -13.990369453344394 1.6
      vertex 11.803965719340878 -13.990369453344394 0
      vertex 11.609819355967744 -13.96157056080646 1.6
    endloop
  endfacet
  facet normal 0.049067674327415184 0.9987954562051726 0
    outer loop
      vertex 12 -14 1.6
      vertex 12 -14 0
      vertex 11.803965719340878 -13.990369453344394 1.6
    endloop
  endfacet
  facet normal -0.049067674327415184 0.9987954562051726 0
    outer loop
      vertex 12.196034280659122 -13.990369453344394 1.6
      vertex 12.196034280659122 -13.990369453344394 0
      vertex 12 -14 1.6
    endloop
  endfacet
  facet normal -0.14673047445536544 0.9891765099647805 0
    outer loop
      vertex 12.390180644032256 -13.96157056080646 1.6
      vertex 12.390180644032256 -13.96157056080646 0
      vertex 12.196034280659122 -13.990369453344394 1.6
    endloop
  endfacet
  facet normal -0.24298017990326629 0.9700312531945434 0
    outer loop
      vertex 12.580569354508924 -13.913880671464417 1.6
      vertex 12.580569354508924 -13.913880671464417 0
      vertex 12.390180644032256 -13.96157056080646 1.6
    endloop
  endfacet
  facet normal 0.803207531480647 0.5956993044924305 0
    outer loop
      vertex 10.33706077539491 -13.111140466039204 1.6
      vertex 10.453979093274526 -13.268786568327291 0
      vertex 10.33706077539491 -13.111140466039204 0
    endloop
  endfacet
  facet normal 0.903989293123443 0.42755509343028286 0
    outer loop
      vertex 10.152240934977426 -12.76536686473018 1.6
      vertex 10.23615747130329 -12.942793473651996 0
      vertex 10.152240934977426 -12.76536686473018 0
    endloop
  endfacet
  facet normal 0.9415440651830225 0.33688985339221533 0
    outer loop
      vertex 10.086119328535583 -12.580569354508924 1.6
      vertex 10.152240934977426 -12.76536686473018 0
      vertex 10.086119328535583 -12.580569354508924 0
    endloop
  endfacet
  facet normal 0.8577286100002701 0.5141027441932249 0
    outer loop
      vertex 10.23615747130329 -12.942793473651996 1.6
      vertex 10.33706077539491 -13.111140466039204 0
      vertex 10.23615747130329 -12.942793473651996 0
    endloop
  endfacet
  facet normal 0.9700312531945434 0.24298017990326629 0
    outer loop
      vertex 10.03842943919354 -12.390180644032256 1.6
      vertex 10.086119328535583 -12.580569354508924 0
      vertex 10.03842943919354 -12.390180644032256 0
    endloop
  endfacet
  facet normal 0.9891765099647805 0.14673047445536544 0
    outer loop
      vertex 10.009630546655606 -12.196034280659122 1.6
      vertex 10.03842943919354 -12.390180644032256 0
      vertex 10.009630546655606 -12.196034280659122 0
    endloop
  endfacet
  facet normal 0.9987954562051726 0.049067674327415184 0
    outer loop
      vertex 10 -12 1.6
      vertex 10.009630546655606 -12.196034280659122 0
      vertex 10 -12 0
    endloop
  endfacet
  facet normal 0.9987954562051726 -0.049067674327415184 0
    outer loop
      vertex 10.009630546655606 -11.803965719340878 1.6
      vertex 10 -12 0
      vertex 10.009630546655606 -11.803965719340878 0
    endloop
  endfacet
  facet normal 0.9891765099647805 -0.14673047445536544 0
    outer loop
      vertex 10.03842943919354 -11.609819355967744 1.6
      vertex 10.009630546655606 -11.803965719340878 0
      vertex 10.03842943919354 -11.609819355967744 0
    endloop
  endfacet
  facet normal 0.9700312531945434 -0.24298017990326629 0
    outer loop
      vertex 10.086119328535583 -11.419430645491076 1.6
      vertex 10.03842943919354 -11.609819355967744 0
      vertex 10.086119328535583 -11.419430645491076 0
    endloop
  endfacet
  facet normal 0.9415440651830225 -0.33688985339221533 0
    outer loop
      vertex 10.152240934977426 -11.23463313526982 1.6
      vertex 10.086119328535583 -11.419430645491076 0
      vertex 10.152240934977426 -11.23463313526982 0
    endloop
  endfacet
  facet normal 0.903989293123443 -0.42755509343028286 0
    outer loop
      vertex 10.23615747130329 -11.057206526348004 1.6
      vertex 10.152240934977426 -11.23463313526982 0
      vertex 10.23615747130329 -11.057206526348004 0
    endloop
  endfacet
  facet normal 0.8577286100002701 -0.5141027441932249 0
    outer loop
      vertex 10.33706077539491 -10.888859533960796 1.6
      vertex 10.23615747130329 -11.057206526348004 0
      vertex 10.33706077539491 -10.888859533960796 0
    endloop
  endfacet
  facet normal 0.671558954847015 0.7409511253549622 0
    outer loop
      vertex 10.585786437626904 -13.414213562373096 1.6
      vertex 10.731213431672709 -13.546020906725474 0
      vertex 10.585786437626904 -13.414213562373096 0
    endloop
  endfacet
  facet normal 0.5956993044924305 0.803207531480647 0
    outer loop
      vertex 10.731213431672709 -13.546020906725474 1.6
      vertex 10.888859533960796 -13.66293922460509 0
      vertex 10.731213431672709 -13.546020906725474 0
    endloop
  endfacet
  facet normal 0.7409511253549622 0.671558954847015 0
    outer loop
      vertex 10.453979093274526 -13.268786568327291 1.6
      vertex 10.585786437626904 -13.414213562373096 0
      vertex 10.453979093274526 -13.268786568327291 0
    endloop
  endfacet
  facet normal 0.5141027441932249 0.8577286100002701 0
    outer loop
      vertex 10.888859533960796 -13.66293922460509 1.6
      vertex 11.057206526348004 -13.76384252869671 0
      vertex 10.888859533960796 -13.66293922460509 0
    endloop
  endfacet
  facet normal 0.42755509343028286 0.903989293123443 0
    outer loop
      vertex 11.057206526348004 -13.76384252869671 1.6
      vertex 11.23463313526982 -13.847759065022574 0
      vertex 11.057206526348004 -13.76384252869671 0
    endloop
  endfacet
  facet normal 0.33688985339221533 0.9415440651830225 0
    outer loop
      vertex 11.23463313526982 -13.847759065022574 1.6
      vertex 11.419430645491076 -13.913880671464417 0
      vertex 11.23463313526982 -13.847759065022574 0
    endloop
  endfacet
  facet normal 0.803207531480647 -0.5956993044924305 0
    outer loop
      vertex 10.453979093274526 -10.731213431672709 1.6
      vertex 10.33706077539491 -10.888859533960796 0
      vertex 10.453979093274526 -10.731213431672709 0
    endloop
  endfacet
  facet normal 0.7409511253549622 -0.671558954847015 0
    outer loop
      vertex 10.585786437626904 -10.585786437626904 1.6
      vertex 10.453979093274526 -10.731213431672709 0
      vertex 10.585786437626904 -10.585786437626904 0
    endloop
  endfacet
  facet normal 0.671558954847015 -0.7409511253549622 0
    outer loop
      vertex 10.731213431672709 -10.453979093274526 0
      vertex 10.731213431672709 -10.453979093274526 1.6
      vertex 10.585786437626904 -10.585786437626904 0
    endloop
  endfacet
  facet normal -0.42755509343028286 0.903989293123443 0
    outer loop
      vertex 12.76536686473018 -13.847759065022574 1.6
      vertex 12.942793473651996 -13.76384252869671 0
      vertex 12.76536686473018 -13.847759065022574 0
    endloop
  endfacet
  facet normal -0.5141027441932249 0.8577286100002701 0
    outer loop
      vertex 12.942793473651996 -13.76384252869671 1.6
      vertex 13.111140466039204 -13.66293922460509 0
      vertex 12.942793473651996 -13.76384252869671 0
    endloop
  endfacet
  facet normal -0.5956993044924305 0.803207531480647 0
    outer loop
      vertex 13.111140466039204 -13.66293922460509 1.6
      vertex 13.268786568327291 -13.546020906725474 0
      vertex 13.111140466039204 -13.66293922460509 0
    endloop
  endfacet
  facet normal -0.671558954847015 0.7409511253549622 0
    outer loop
      vertex 13.268786568327291 -13.546020906725474 1.6
      vertex 13.414213562373096 -13.414213562373096 0
      vertex 13.268786568327291 -13.546020906725474 0
    endloop
  endfacet
  facet normal -0.7409511253549622 0.671558954847015 0
    outer loop
      vertex 13.414213562373096 -13.414213562373096 0
      vertex 13.414213562373096 -13.414213562373096 1.6
      vertex 13.546020906725474 -13.268786568327291 0
    endloop
  endfacet
  facet normal -0.803207531480647 0.5956993044924305 0
    outer loop
      vertex 13.66293922460509 -13.111140466039204 0
      vertex 13.546020906725474 -13.268786568327291 0
      vertex 13.546020906725474 -13.268786568327291 1.6
    endloop
  endfacet
  facet normal -0.8577286100002701 0.5141027441932249 0
    outer loop
      vertex 13.76384252869671 -12.942793473651996 0
      vertex 13.66293922460509 -13.111140466039204 0
      vertex 13.66293922460509 -13.111140466039204 1.6
    endloop
  endfacet
  facet normal -0.903989293123443 0.42755509343028286 0
    outer loop
      vertex 13.847759065022574 -12.76536686473018 0
      vertex 13.76384252869671 -12.942793473651996 0
      vertex 13.76384252869671 -12.942793473651996 1.6
    endloop
  endfacet
  facet normal -0.9415440651830225 0.33688985339221533 0
    outer loop
      vertex 13.913880671464417 -12.580569354508924 0
      vertex 13.847759065022574 -12.76536686473018 0
      vertex 13.847759065022574 -12.76536686473018 1.6
    endloop
  endfacet
  facet normal -0.5956993044924305 -0.803207531480647 0
    outer loop
      vertex 13.268786568327291 -10.453979093274526 0
      vertex 13.268786568327291 -10.453979093274526 1.6
      vertex 13.111140466039204 -10.33706077539491 0
    endloop
  endfacet
  facet normal -0.671558954847015 -0.7409511253549622 0
    outer loop
      vertex 13.268786568327291 -10.453979093274526 0
      vertex 13.414213562373096 -10.585786437626904 0
      vertex 13.414213562373096 -10.585786437626904 1.6
    endloop
  endfacet
  facet normal -0.903989293123443 -0.42755509343028286 0
    outer loop
      vertex 13.76384252869671 -11.057206526348004 0
      vertex 13.847759065022574 -11.23463313526982 0
      vertex 13.847759065022574 -11.23463313526982 1.6
    endloop
  endfacet
  facet normal -0.8577286100002701 -0.5141027441932249 0
    outer loop
      vertex 13.66293922460509 -10.888859533960796 0
      vertex 13.76384252869671 -11.057206526348004 0
      vertex 13.76384252869671 -11.057206526348004 1.6
    endloop
  endfacet
  facet normal -0.7409511253549622 -0.671558954847015 0
    outer loop
      vertex 13.414213562373096 -10.585786437626904 0
      vertex 13.546020906725474 -10.731213431672709 0
      vertex 13.546020906725474 -10.731213431672709 1.6
    endloop
  endfacet
  facet normal -0.803207531480647 -0.5956993044924305 0
    outer loop
      vertex 13.546020906725474 -10.731213431672709 0
      vertex 13.66293922460509 -10.888859533960796 0
      vertex 13.66293922460509 -10.888859533960796 1.6
    endloop
  endfacet
  facet normal 0.5956993044924305 -0.803207531480647 0
    outer loop
      vertex 10.888859533960796 -10.33706077539491 0
      vertex 10.888859533960796 -10.33706077539491 1.6
      vertex 10.731213431672709 -10.453979093274526 0
    endloop
  endfacet
  facet normal 0.5141027441932249 -0.8577286100002701 0
    outer loop
      vertex 11.057206526348004 -10.23615747130329 0
      vertex 11.057206526348004 -10.23615747130329 1.6
      vertex 10.888859533960796 -10.33706077539491 0
    endloop
  endfacet
  facet normal 0.42755509343028286 -0.903989293123443 0
    outer loop
      vertex 11.23463313526982 -10.152240934977426 0
      vertex 11.23463313526982 -10.152240934977426 1.6
      vertex 11.057206526348004 -10.23615747130329 0
    endloop
  endfacet
  facet normal 0.33688985339221533 -0.9415440651830225 0
    outer loop
      vertex 11.419430645491076 -10.086119328535583 0
      vertex 11.419430645491076 -10.086119328535583 1.6
      vertex 11.23463313526982 -10.152240934977426 0
    endloop
  endfacet
  facet normal 0.24298017990326629 -0.9700312531945434 0
    outer loop
      vertex 11.609819355967744 -10.03842943919354 0
      vertex 11.609819355967744 -10.03842943919354 1.6
      vertex 11.419430645491076 -10.086119328535583 0
    endloop
  endfacet
  facet normal 0.14673047445536544 -0.9891765099647805 0
    outer loop
      vertex 11.803965719340878 -10.009630546655606 0
      vertex 11.803965719340878 -10.009630546655606 1.6
      vertex 11.609819355967744 -10.03842943919354 0
    endloop
  endfacet
  facet normal 0.049067674327415184 -0.9987954562051726 0
    outer loop
      vertex 12 -10 0
      vertex 12 -10 1.6
      vertex 11.803965719340878 -10.009630546655606 0
    endloop
  endfacet
  facet normal -0.049067674327415184 -0.9987954562051726 0
    outer loop
      vertex 12.196034280659122 -10.009630546655606 0
      vertex 12.196034280659122 -10.009630546655606 1.6
      vertex 12 -10 0
    endloop
  endfacet
  facet normal -0.14673047445536544 -0.9891765099647805 0
    outer loop
      vertex 12.390180644032256 -10.03842943919354 0
      vertex 12.390180644032256 -10.03842943919354 1.6
      vertex 12.196034280659122 -10.009630546655606 0
    endloop
  endfacet
  facet normal -0.24298017990326629 -0.9700312531945434 0
    outer loop
      vertex 12.580569354508924 -10.086119328535583 0
      vertex 12.580569354508924 -10.086119328535583 1.6
      vertex 12.390180644032256 -10.03842943919354 0
    endloop
  endfacet
  facet normal -0.33688985339221533 -0.9415440651830225 0
    outer loop
      vertex 12.76536686473018 -10.152240934977426 0
      vertex 12.76536686473018 -10.152240934977426 1.6
      vertex 12.580569354508924 -10.086119328535583 0
    endloop
  endfacet
  facet normal -0.42755509343028286 -0.903989293123443 0
    outer loop
      vertex 12.942793473651996 -10.23615747130329 0
      vertex 12.942793473651996 -10.23615747130329 1.6
      vertex 12.76536686473018 -10.152240934977426 0
    endloop
  endfacet
  facet normal -0.5141027441932249 -0.8577286100002701 0
    outer loop
      vertex 13.111140466039204 -10.33706077539491 0
      vertex 13.111140466039204 -10.33706077539491 1.6
      vertex 12.942793473651996 -10.23615747130329 0
    endloop
  endfacet
  facet normal 0.8577286100002701 0.5141027441932249 0
    outer loop
      vertex 10.23615747130329 -12.942793473651996 1.6
      vertex 10.33706077539491 -13.111140466039204 1.6
      vertex 10.33706077539491 -13.111140466039204 0
    endloop
  endfacet
  facet normal 0.9415440651830225 0.33688985339221533 0
    outer loop
      vertex 10.086119328535583 -12.580569354508924 1.6
      vertex 10.152240934977426 -12.76536686473018 1.6
      vertex 10.152240934977426 -12.76536686473018 0
    endloop
  endfacet
  facet normal 0.903989293123443 0.42755509343028286 0
    outer loop
      vertex 10.152240934977426 -12.76536686473018 1.6
      vertex 10.23615747130329 -12.942793473651996 1.6
      vertex 10.23615747130329 -12.942793473651996 0
    endloop
  endfacet
  facet normal 0.9700312531945434 0.24298017990326629 0
    outer loop
      vertex 10.03842943919354 -12.390180644032256 1.6
      vertex 10.086119328535583 -12.580569354508924 1.6
      vertex 10.086119328535583 -12.580569354508924 0
    endloop
  endfacet
  facet normal 0.9891765099647805 0.14673047445536544 0
    outer loop
      vertex 10.009630546655606 -12.196034280659122 1.6
      vertex 10.03842943919354 -12.390180644032256 1.6
      vertex 10.03842943919354 -12.390180644032256 0
    endloop
  endfacet
  facet normal 0.9987954562051726 0.049067674327415184 0
    outer loop
      vertex 10 -12 1.6
      vertex 10.009630546655606 -12.196034280659122 1.6
      vertex 10.009630546655606 -12.196034280659122 0
    endloop
  endfacet
  facet normal 0.9987954562051726 -0.049067674327415184 0
    outer loop
      vertex 10.009630546655606 -11.803965719340878 1.6
      vertex 10 -12 1.6
      vertex 10 -12 0
    endloop
  endfacet
  facet normal 0.9891765099647805 -0.14673047445536544 0
    outer loop
      vertex 10.03842943919354 -11.609819355967744 1.6
      vertex 10.009630546655606 -11.803965719340878 1.6
      vertex 10.009630546655606 -11.803965719340878 0
    endloop
  endfacet
  facet normal 0.9700312531945434 -0.24298017990326629 0
    outer loop
      vertex 10.086119328535583 -11.419430645491076 1.6
      vertex 10.03842943919354 -11.609819355967744 1.6
      vertex 10.03842943919354 -11.609819355967744 0
    endloop
  endfacet
  facet normal 0.9415440651830225 -0.33688985339221533 0
    outer loop
      vertex 10.152240934977426 -11.23463313526982 1.6
      vertex 10.086119328535583 -11.419430645491076 1.6
      vertex 10.086119328535583 -11.419430645491076 0
    endloop
  endfacet
  facet normal 0.903989293123443 -0.42755509343028286 0
    outer loop
      vertex 10.23615747130329 -11.057206526348004 1.6
      vertex 10.152240934977426 -11.23463313526982 1.6
      vertex 10.152240934977426 -11.23463313526982 0
    endloop
  endfacet
  facet normal 0.8577286100002701 -0.5141027441932249 0
    outer loop
      vertex 10.33706077539491 -10.888859533960796 1.6
      vertex 10.23615747130329 -11.057206526348004 1.6
      vertex 10.23615747130329 -11.057206526348004 0
    endloop
  endfacet
  facet normal 0.803207531480647 -0.5956993044924305 0
    outer loop
      vertex 10.453979093274526 -10.731213431672709 1.6
      vertex 10.33706077539491 -10.888859533960796 1.6
      vertex 10.33706077539491 -10.888859533960796 0
    endloop
  endfacet
  facet normal 0.671558954847015 0.7409511253549622 0
    outer loop
      vertex 10.731213431672709 -13.546020906725474 1.6
      vertex 10.731213431672709 -13.546020906725474 0
      vertex 10.585786437626904 -13.414213562373096 1.6
    endloop
  endfacet
  facet normal 0.5956993044924305 0.803207531480647 0
    outer loop
      vertex 10.888859533960796 -13.66293922460509 1.6
      vertex 10.888859533960796 -13.66293922460509 0
      vertex 10.731213431672709 -13.546020906725474 1.6
    endloop
  endfacet
  facet normal 0.7409511253549622 0.671558954847015 0
    outer loop
      vertex 10.453979093274526 -13.268786568327291 1.6
      vertex 10.585786437626904 -13.414213562373096 1.6
      vertex 10.585786437626904 -13.414213562373096 0
    endloop
  endfacet
  facet normal 0.803207531480647 0.5956993044924305 0
    outer loop
      vertex 10.33706077539491 -13.111140466039204 1.6
      vertex 10.453979093274526 -13.268786568327291 1.6
      vertex 10.453979093274526 -13.268786568327291 0
    endloop
  endfacet
  facet normal 0.5141027441932249 0.8577286100002701 0
    outer loop
      vertex 11.057206526348004 -13.76384252869671 1.6
      vertex 11.057206526348004 -13.76384252869671 0
      vertex 10.888859533960796 -13.66293922460509 1.6
    endloop
  endfacet
  facet normal 0.42755509343028286 0.903989293123443 0
    outer loop
      vertex 11.23463313526982 -13.847759065022574 1.6
      vertex 11.23463313526982 -13.847759065022574 0
      vertex 11.057206526348004 -13.76384252869671 1.6
    endloop
  endfacet
  facet normal 0.7409511253549622 -0.671558954847015 0
    outer loop
      vertex 10.585786437626904 -10.585786437626904 1.6
      vertex 10.453979093274526 -10.731213431672709 1.6
      vertex 10.453979093274526 -10.731213431672709 0
    endloop
  endfacet
  facet normal 0.671558954847015 -0.7409511253549622 0
    outer loop
      vertex 10.585786437626904 -10.585786437626904 0
      vertex 10.731213431672709 -10.453979093274526 1.6
      vertex 10.585786437626904 -10.585786437626904 1.6
    endloop
  endfacet
  facet normal 0.5956993044924305 -0.803207531480647 0
    outer loop
      vertex 10.731213431672709 -10.453979093274526 0
      vertex 10.888859533960796 -10.33706077539491 1.6
      vertex 10.731213431672709 -10.453979093274526 1.6
    endloop
  endfacet
  facet normal -0.33688985339221533 0.9415440651830225 0
    outer loop
      vertex 12.76536686473018 -13.847759065022574 1.6
      vertex 12.76536686473018 -13.847759065022574 0
      vertex 12.580569354508924 -13.913880671464417 1.6
    endloop
  endfacet
  facet normal -0.42755509343028286 0.903989293123443 0
    outer loop
      vertex 12.942793473651996 -13.76384252869671 1.6
      vertex 12.942793473651996 -13.76384252869671 0
      vertex 12.76536686473018 -13.847759065022574 1.6
    endloop
  endfacet
  facet normal -0.5141027441932249 0.8577286100002701 0
    outer loop
      vertex 13.111140466039204 -13.66293922460509 1.6
      vertex 13.111140466039204 -13.66293922460509 0
      vertex 12.942793473651996 -13.76384252869671 1.6
    endloop
  endfacet
  facet normal -0.5956993044924305 0.803207531480647 0
    outer loop
      vertex 13.268786568327291 -13.546020906725474 1.6
      vertex 13.268786568327291 -13.546020906725474 0
      vertex 13.111140466039204 -13.66293922460509 1.6
    endloop
  endfacet
  facet normal -0.671558954847015 0.7409511253549622 0
    outer loop
      vertex 13.414213562373096 -13.414213562373096 1.6
      vertex 13.414213562373096 -13.414213562373096 0
      vertex 13.268786568327291 -13.546020906725474 1.6
    endloop
  endfacet
  facet normal -0.7409511253549622 0.671558954847015 0
    outer loop
      vertex 13.546020906725474 -13.268786568327291 0
      vertex 13.414213562373096 -13.414213562373096 1.6
      vertex 13.546020906725474 -13.268786568327291 1.6
    endloop
  endfacet
  facet normal -0.803207531480647 0.5956993044924305 0
    outer loop
      vertex 13.66293922460509 -13.111140466039204 0
      vertex 13.546020906725474 -13.268786568327291 1.6
      vertex 13.66293922460509 -13.111140466039204 1.6
    endloop
  endfacet
  facet normal -0.8577286100002701 0.5141027441932249 0
    outer loop
      vertex 13.76384252869671 -12.942793473651996 0
      vertex 13.66293922460509 -13.111140466039204 1.6
      vertex 13.76384252869671 -12.942793473651996 1.6
    endloop
  endfacet
  facet normal -0.903989293123443 0.42755509343028286 0
    outer loop
      vertex 13.847759065022574 -12.76536686473018 0
      vertex 13.76384252869671 -12.942793473651996 1.6
      vertex 13.847759065022574 -12.76536686473018 1.6
    endloop
  endfacet
  facet normal -0.9415440651830225 -0.33688985339221533 0
    outer loop
      vertex 13.847759065022574 -11.23463313526982 0
      vertex 13.913880671464417 -11.419430645491076 1.6
      vertex 13.847759065022574 -11.23463313526982 1.6
    endloop
  endfacet
  facet normal -0.671558954847015 -0.7409511253549622 0
    outer loop
      vertex 13.268786568327291 -10.453979093274526 0
      vertex 13.414213562373096 -10.585786437626904 1.6
      vertex 13.268786568327291 -10.453979093274526 1.6
    endloop
  endfacet
  facet normal -0.903989293123443 -0.42755509343028286 0
    outer loop
      vertex 13.76384252869671 -11.057206526348004 0
      vertex 13.847759065022574 -11.23463313526982 1.6
      vertex 13.76384252869671 -11.057206526348004 1.6
    endloop
  endfacet
  facet normal -0.8577286100002701 -0.5141027441932249 0
    outer loop
      vertex 13.66293922460509 -10.888859533960796 0
      vertex 13.76384252869671 -11.057206526348004 1.6
      vertex 13.66293922460509 -10.888859533960796 1.6
    endloop
  endfacet
  facet normal -0.7409511253549622 -0.671558954847015 0
    outer loop
      vertex 13.414213562373096 -10.585786437626904 0
      vertex 13.546020906725474 -10.731213431672709 1.6
      vertex 13.414213562373096 -10.585786437626904 1.6
    endloop
  endfacet
  facet normal -0.803207531480647 -0.5956993044924305 0
    outer loop
      vertex 13.546020906725474 -10.731213431672709 0
      vertex 13.66293922460509 -10.888859533960796 1.6
      vertex 13.546020906725474 -10.731213431672709 1.6
    endloop
  endfacet
  facet normal 0.5141027441932249 -0.8577286100002701 0
    outer loop
      vertex 10.888859533960796 -10.33706077539491 0
      vertex 11.057206526348004 -10.23615747130329 1.6
      vertex 10.888859533960796 -10.33706077539491 1.6
    endloop
  endfacet
  facet normal 0.42755509343028286 -0.903989293123443 0
    outer loop
      vertex 11.057206526348004 -10.23615747130329 0
      vertex 11.23463313526982 -10.152240934977426 1.6
      vertex 11.057206526348004 -10.23615747130329 1.6
    endloop
  endfacet
  facet normal 0.33688985339221533 -0.9415440651830225 0
    outer loop
      vertex 11.23463313526982 -10.152240934977426 0
      vertex 11.419430645491076 -10.086119328535583 1.6
      vertex 11.23463313526982 -10.152240934977426 1.6
    endloop
  endfacet
  facet normal 0.24298017990326629 -0.9700312531945434 0
    outer loop
      vertex 11.419430645491076 -10.086119328535583 0
      vertex 11.609819355967744 -10.03842943919354 1.6
      vertex 11.419430645491076 -10.086119328535583 1.6
    endloop
  endfacet
  facet normal 0.14673047445536544 -0.9891765099647805 0
    outer loop
      vertex 11.609819355967744 -10.03842943919354 0
      vertex 11.803965719340878 -10.009630546655606 1.6
      vertex 11.609819355967744 -10.03842943919354 1.6
    endloop
  endfacet
  facet normal 0.049067674327415184 -0.9987954562051726 0
    outer loop
      vertex 11.803965719340878 -10.009630546655606 0
      vertex 12 -10 1.6
      vertex 11.803965719340878 -10.009630546655606 1.6
    endloop
  endfacet
  facet normal -0.049067674327415184 -0.9987954562051726 0
    outer loop
      vertex 12 -10 0
      vertex 12.196034280659122 -10.009630546655606 1.6
      vertex 12 -10 1.6
    endloop
  endfacet
  facet normal -0.14673047445536544 -0.9891765099647805 0
    outer loop
      vertex 12.196034280659122 -10.009630546655606 0
      vertex 12.390180644032256 -10.03842943919354 1.6
      vertex 12.196034280659122 -10.009630546655606 1.6
    endloop
  endfacet
  facet normal -0.24298017990326629 -0.9700312531945434 0
    outer loop
      vertex 12.390180644032256 -10.03842943919354 0
      vertex 12.580569354508924 -10.086119328535583 1.6
      vertex 12.390180644032256 -10.03842943919354 1.6
    endloop
  endfacet
  facet normal -0.33688985339221533 -0.9415440651830225 0
    outer loop
      vertex 12.580569354508924 -10.086119328535583 0
      vertex 12.76536686473018 -10.152240934977426 1.6
      vertex 12.580569354508924 -10.086119328535583 1.6
    endloop
  endfacet
  facet normal -0.5141027441932249 -0.8577286100002701 0
    outer loop
      vertex 12.942793473651996 -10.23615747130329 0
      vertex 13.111140466039204 -10.33706077539491 1.6
      vertex 12.942793473651996 -10.23615747130329 1.6
    endloop
  endfacet
  facet normal -0.42755509343028286 -0.903989293123443 0
    outer loop
      vertex 12.76536686473018 -10.152240934977426 0
      vertex 12.942793473651996 -10.23615747130329 1.6
      vertex 12.76536686473018 -10.152240934977426 1.6
    endloop
  endfacet
  facet normal -0.5956993044924305 -0.803207531480647 0
    outer loop
      vertex 13.111140466039204 -10.33706077539491 0
      vertex 13.268786568327291 -10.453979093274526 1.6
      vertex 13.111140466039204 -10.33706077539491 1.6
    endloop
  endfacet
  facet normal -0.9700312531945434 0.24298017990326629 0
    outer loop
      vertex 13.96157056080646 -12.390180644032256 0
      vertex 13.913880671464417 -12.580569354508924 0
      vertex 13.913880671464417 -12.580569354508924 1.6
    endloop
  endfacet
  facet normal -0.9891765099647805 0.14673047445536544 0
    outer loop
      vertex 13.990369453344394 -12.196034280659122 0
      vertex 13.96157056080646 -12.390180644032256 0
      vertex 13.96157056080646 -12.390180644032256 1.6
    endloop
  endfacet
  facet normal -0.9987954562051726 0.049067674327415184 0
    outer loop
      vertex 14 -12 0
      vertex 13.990369453344394 -12.196034280659122 0
      vertex 13.990369453344394 -12.196034280659122 1.6
    endloop
  endfacet
  facet normal -0.9987954562051726 -0.049067674327415184 0
    outer loop
      vertex 13.990369453344394 -11.803965719340878 0
      vertex 14 -12 0
      vertex 14 -12 1.6
    endloop
  endfacet
  facet normal -0.9891765099647805 -0.14673047445536544 0
    outer loop
      vertex 13.96157056080646 -11.609819355967744 0
      vertex 13.990369453344394 -11.803965719340878 0
      vertex 13.990369453344394 -11.803965719340878 1.6
    endloop
  endfacet
  facet normal -0.9700312531945434 -0.24298017990326629 0
    outer loop
      vertex 13.913880671464417 -11.419430645491076 0
      vertex 13.96157056080646 -11.609819355967744 0
      vertex 13.96157056080646 -11.609819355967744 1.6
    endloop
  endfacet
  facet normal -0.9415440651830225 -0.33688985339221533 0
    outer loop
      vertex 13.847759065022574 -11.23463313526982 0
      vertex 13.913880671464417 -11.419430645491076 0
      vertex 13.913880671464417 -11.419430645491076 1.6
    endloop
  endfacet
  facet normal -0.9415440651830225 0.33688985339221533 0
    outer loop
      vertex 13.913880671464417 -12.580569354508924 0
      vertex 13.847759065022574 -12.76536686473018 1.6
      vertex 13.913880671464417 -12.580569354508924 1.6
    endloop
  endfacet
  facet normal -0.9700312531945434 0.24298017990326629 0
    outer loop
      vertex 13.96157056080646 -12.390180644032256 0
      vertex 13.913880671464417 -12.580569354508924 1.6
      vertex 13.96157056080646 -12.390180644032256 1.6
    endloop
  endfacet
  facet normal -0.9891765099647805 0.14673047445536544 0
    outer loop
      vertex 13.990369453344394 -12.196034280659122 0
      vertex 13.96157056080646 -12.390180644032256 1.6
      vertex 13.990369453344394 -12.196034280659122 1.6
    endloop
  endfacet
  facet normal -0.9987954562051726 0.049067674327415184 0
    outer loop
      vertex 14 -12 0
      vertex 13.990369453344394 -12.196034280659122 1.6
      vertex 14 -12 1.6
    endloop
  endfacet
  facet normal -0.9987954562051726 -0.049067674327415184 0
    outer loop
      vertex 13.990369453344394 -11.803965719340878 0
      vertex 14 -12 1.6
      vertex 13.990369453344394 -11.803965719340878 1.6
    endloop
  endfacet
  facet normal -0.9891765099647805 -0.14673047445536544 0
    outer loop
      vertex 13.96157056080646 -11.609819355967744 0
      vertex 13.990369453344394 -11.803965719340878 1.6
      vertex 13.96157056080646 -11.609819355967744 1.6
    endloop
  endfacet
  facet normal -0.9700312531945434 -0.24298017990326629 0
    outer loop
      vertex 13.913880671464417 -11.419430645491076 0
      vertex 13.96157056080646 -11.609819355967744 1.6
      vertex 13.913880671464417 -11.419430645491076 1.6
    endloop
  endfacet
  facet normal 0.8032075314806463 0.5956993044924316 0
    outer loop
      vertex 10.453979093274526 -1.268786568327291 0
      vertex 10.33706077539491 -1.1111404660392044 0
      vertex 10.33706077539491 -1.1111404660392044 1.6
    endloop
  endfacet
  facet normal 0.8577286100002709 0.5141027441932238 0
    outer loop
      vertex 10.33706077539491 -1.1111404660392044 0
      vertex 10.23615747130329 -0.9427934736519953 0
      vertex 10.23615747130329 -0.9427934736519953 1.6
    endloop
  endfacet
  facet normal 0.9039892931234421 0.4275550934302846 0
    outer loop
      vertex 10.23615747130329 -0.9427934736519953 0
      vertex 10.152240934977426 -0.7653668647301796 0
      vertex 10.152240934977426 -0.7653668647301796 1.6
    endloop
  endfacet
  facet normal 0.9700312531945434 0.24298017990326629 0
    outer loop
      vertex 10.086119328535583 -0.5805693545089247 0
      vertex 10.03842943919354 -0.3901806440322565 0
      vertex 10.03842943919354 -0.3901806440322565 1.6
    endloop
  endfacet
  facet normal 0.9415440651830224 0.3368898533922157 0
    outer loop
      vertex 10.152240934977426 -0.7653668647301796 0
      vertex 10.086119328535583 -0.5805693545089247 0
      vertex 10.086119328535583 -0.5805693545089247 1.6
    endloop
  endfacet
  facet normal 0.9891765099647806 0.1467304744553646 0
    outer loop
      vertex 10.03842943919354 -0.3901806440322565 0
      vertex 10.009630546655606 -0.1960342806591212 0
      vertex 10.009630546655606 -0.1960342806591212 1.6
    endloop
  endfacet
  facet normal 0.9987954562051726 0.04906767432741532 0
    outer loop
      vertex 10.009630546655606 -0.1960342806591212 0
      vertex 10 0 0
      vertex 10 0 1.6
    endloop
  endfacet
  facet normal 0.42755509343028003 0.9039892931234441 0
    outer loop
      vertex 11.057206526348004 -1.76384252869671 0
      vertex 11.057206526348004 -1.76384252869671 1.6
      vertex 11.23463313526982 -1.8477590650225735 0
    endloop
  endfacet
  facet normal 0.33688985339221933 0.941544065183021 0
    outer loop
      vertex 11.23463313526982 -1.8477590650225735 0
      vertex 11.23463313526982 -1.8477590650225735 1.6
      vertex 11.419430645491076 -1.9138806714644176 0
    endloop
  endfacet
  facet normal 0.24298017990326415 0.970031253194544 0
    outer loop
      vertex 11.419430645491076 -1.9138806714644176 0
      vertex 11.419430645491076 -1.9138806714644176 1.6
      vertex 11.609819355967744 -1.9615705608064609 0
    endloop
  endfacet
  facet normal 0.1467304744553632 0.9891765099647807 0
    outer loop
      vertex 11.609819355967744 -1.9615705608064609 0
      vertex 11.609819355967744 -1.9615705608064609 1.6
      vertex 11.803965719340878 -1.9903694533443939 0
    endloop
  endfacet
  facet normal 0.04906767432741744 0.9987954562051724 0
    outer loop
      vertex 11.803965719340878 -1.9903694533443939 0
      vertex 11.803965719340878 -1.9903694533443939 1.6
      vertex 12 -2 0
    endloop
  endfacet
  facet normal -0.04906767432741744 0.9987954562051724 0
    outer loop
      vertex 12 -2 0
      vertex 12 -2 1.6
      vertex 12.196034280659122 -1.9903694533443939 0
    endloop
  endfacet
  facet normal 0.7409511253549618 0.6715589548470157 0
    outer loop
      vertex 10.585786437626904 -1.4142135623730951 0
      vertex 10.453979093274526 -1.268786568327291 0
      vertex 10.453979093274526 -1.268786568327291 1.6
    endloop
  endfacet
  facet normal 0.5956993044924319 0.803207531480646 0
    outer loop
      vertex 10.731213431672709 -1.546020906725474 0
      vertex 10.731213431672709 -1.546020906725474 1.6
      vertex 10.888859533960796 -1.6629392246050905 0
    endloop
  endfacet
  facet normal 0.6715589548470176 0.74095112535496 0
    outer loop
      vertex 10.585786437626904 -1.4142135623730951 0
      vertex 10.585786437626904 -1.4142135623730951 1.6
      vertex 10.731213431672709 -1.546020906725474 0
    endloop
  endfacet
  facet normal 0.5141027441932232 0.8577286100002711 0
    outer loop
      vertex 10.888859533960796 -1.6629392246050905 0
      vertex 10.888859533960796 -1.6629392246050905 1.6
      vertex 11.057206526348004 -1.76384252869671 0
    endloop
  endfacet
  facet normal -0.1467304744553632 0.9891765099647807 0
    outer loop
      vertex 12.196034280659122 -1.9903694533443939 0
      vertex 12.196034280659122 -1.9903694533443939 1.6
      vertex 12.390180644032256 -1.9615705608064609 0
    endloop
  endfacet
  facet normal -0.24298017990326415 0.970031253194544 0
    outer loop
      vertex 12.390180644032256 -1.9615705608064609 0
      vertex 12.390180644032256 -1.9615705608064609 1.6
      vertex 12.580569354508924 -1.9138806714644176 0
    endloop
  endfacet
  facet normal -0.33688985339221933 0.941544065183021 0
    outer loop
      vertex 12.580569354508924 -1.9138806714644176 0
      vertex 12.580569354508924 -1.9138806714644176 1.6
      vertex 12.76536686473018 -1.8477590650225735 0
    endloop
  endfacet
  facet normal -0.42755509343028003 0.9039892931234441 0
    outer loop
      vertex 12.76536686473018 -1.8477590650225735 0
      vertex 12.76536686473018 -1.8477590650225735 1.6
      vertex 12.942793473651996 -1.76384252869671 0
    endloop
  endfacet
  facet normal -0.5141027441932232 0.8577286100002711 0
    outer loop
      vertex 12.942793473651996 -1.76384252869671 0
      vertex 12.942793473651996 -1.76384252869671 1.6
      vertex 13.111140466039204 -1.6629392246050905 0
    endloop
  endfacet
  facet normal -0.5956993044924319 0.803207531480646 0
    outer loop
      vertex 13.111140466039204 -1.6629392246050905 0
      vertex 13.111140466039204 -1.6629392246050905 1.6
      vertex 13.268786568327291 -1.546020906725474 0
    endloop
  endfacet
  facet normal -0.6715589548470176 0.74095112535496 0
    outer loop
      vertex 13.268786568327291 -1.546020906725474 0
      vertex 13.268786568327291 -1.546020906725474 1.6
      vertex 13.414213562373096 -1.4142135623730951 0
    endloop
  endfacet
  facet normal -0.7409511253549618 0.6715589548470157 0
    outer loop
      vertex 13.414213562373096 -1.4142135623730951 0
      vertex 13.414213562373096 -1.4142135623730951 1.6
      vertex 13.546020906725474 -1.268786568327291 0
    endloop
  endfacet
  facet normal -0.8032075314806463 0.5956993044924316 0
    outer loop
      vertex 13.66293922460509 -1.1111404660392044 0
      vertex 13.546020906725474 -1.268786568327291 0
      vertex 13.546020906725474 -1.268786568327291 1.6
    endloop
  endfacet
  facet normal -0.8577286100002709 0.5141027441932238 0
    outer loop
      vertex 13.76384252869671 -0.9427934736519953 0
      vertex 13.66293922460509 -1.1111404660392044 0
      vertex 13.66293922460509 -1.1111404660392044 1.6
    endloop
  endfacet
  facet normal -0.9039892931234421 0.4275550934302846 0
    outer loop
      vertex 13.847759065022574 -0.7653668647301796 0
      vertex 13.76384252869671 -0.9427934736519953 0
      vertex 13.76384252869671 -0.9427934736519953 1.6
    endloop
  endfacet
  facet normal -0.9415440651830224 0.3368898533922157 0
    outer loop
      vertex 13.913880671464417 -0.5805693545089247 0
      vertex 13.847759065022574 -0.7653668647301796 0
      vertex 13.847759065022574 -0.7653668647301796 1.6
    endloop
  endfacet
  facet normal 0.9039892931234421 0.4275550934302846 0
    outer loop
      vertex 10.23615747130329 -0.9427934736519953 0
      vertex 10.152240934977426 -0.7653668647301796 1.6
      vertex 10.23615747130329 -0.9427934736519953 1.6
    endloop
  endfacet
  facet normal 0.8577286100002709 0.5141027441932238 0
    outer loop
      vertex 10.33706077539491 -1.1111404660392044 0
      vertex 10.23615747130329 -0.9427934736519953 1.6
      vertex 10.33706077539491 -1.1111404660392044 1.6
    endloop
  endfacet
  facet normal 0.9415440651830224 0.3368898533922157 0
    outer loop
      vertex 10.152240934977426 -0.7653668647301796 0
      vertex 10.086119328535583 -0.5805693545089247 1.6
      vertex 10.152240934977426 -0.7653668647301796 1.6
    endloop
  endfacet
  facet normal 0.9700312531945434 0.24298017990326629 0
    outer loop
      vertex 10.086119328535583 -0.5805693545089247 0
      vertex 10.03842943919354 -0.3901806440322565 1.6
      vertex 10.086119328535583 -0.5805693545089247 1.6
    endloop
  endfacet
  facet normal 0.9891765099647806 0.1467304744553646 0
    outer loop
      vertex 10.03842943919354 -0.3901806440322565 0
      vertex 10.009630546655606 -0.1960342806591212 1.6
      vertex 10.03842943919354 -0.3901806440322565 1.6
    endloop
  endfacet
  facet normal 0.9987954562051726 0.04906767432741532 0
    outer loop
      vertex 10.009630546655606 -0.1960342806591212 0
      vertex 10 0 1.6
      vertex 10.009630546655606 -0.1960342806591212 1.6
    endloop
  endfacet
  facet normal 0.42755509343028003 0.9039892931234441 0
    outer loop
      vertex 11.23463313526982 -1.8477590650225735 0
      vertex 11.057206526348004 -1.76384252869671 1.6
      vertex 11.23463313526982 -1.8477590650225735 1.6
    endloop
  endfacet
  facet normal 0.33688985339221933 0.941544065183021 0
    outer loop
      vertex 11.419430645491076 -1.9138806714644176 0
      vertex 11.23463313526982 -1.8477590650225735 1.6
      vertex 11.419430645491076 -1.9138806714644176 1.6
    endloop
  endfacet
  facet normal 0.24298017990326415 0.970031253194544 0
    outer loop
      vertex 11.609819355967744 -1.9615705608064609 0
      vertex 11.419430645491076 -1.9138806714644176 1.6
      vertex 11.609819355967744 -1.9615705608064609 1.6
    endloop
  endfacet
  facet normal 0.1467304744553632 0.9891765099647807 0
    outer loop
      vertex 11.803965719340878 -1.9903694533443939 0
      vertex 11.609819355967744 -1.9615705608064609 1.6
      vertex 11.803965719340878 -1.9903694533443939 1.6
    endloop
  endfacet
  facet normal 0.04906767432741744 0.9987954562051724 0
    outer loop
      vertex 12 -2 0
      vertex 11.803965719340878 -1.9903694533443939 1.6
      vertex 12 -2 1.6
    endloop
  endfacet
  facet normal -0.04906767432741744 0.9987954562051724 0
    outer loop
      vertex 12.196034280659122 -1.9903694533443939 0
      vertex 12 -2 1.6
      vertex 12.196034280659122 -1.9903694533443939 1.6
    endloop
  endfacet
  facet normal 0.7409511253549618 0.6715589548470157 0
    outer loop
      vertex 10.585786437626904 -1.4142135623730951 0
      vertex 10.453979093274526 -1.268786568327291 1.6
      vertex 10.585786437626904 -1.4142135623730951 1.6
    endloop
  endfacet
  facet normal 0.5956993044924319 0.803207531480646 0
    outer loop
      vertex 10.888859533960796 -1.6629392246050905 0
      vertex 10.731213431672709 -1.546020906725474 1.6
      vertex 10.888859533960796 -1.6629392246050905 1.6
    endloop
  endfacet
  facet normal 0.6715589548470176 0.74095112535496 0
    outer loop
      vertex 10.731213431672709 -1.546020906725474 0
      vertex 10.585786437626904 -1.4142135623730951 1.6
      vertex 10.731213431672709 -1.546020906725474 1.6
    endloop
  endfacet
  facet normal 0.8032075314806463 0.5956993044924316 0
    outer loop
      vertex 10.453979093274526 -1.268786568327291 0
      vertex 10.33706077539491 -1.1111404660392044 1.6
      vertex 10.453979093274526 -1.268786568327291 1.6
    endloop
  endfacet
  facet normal 0.5141027441932232 0.8577286100002711 0
    outer loop
      vertex 11.057206526348004 -1.76384252869671 0
      vertex 10.888859533960796 -1.6629392246050905 1.6
      vertex 11.057206526348004 -1.76384252869671 1.6
    endloop
  endfacet
  facet normal -0.1467304744553632 0.9891765099647807 0
    outer loop
      vertex 12.390180644032256 -1.9615705608064609 0
      vertex 12.196034280659122 -1.9903694533443939 1.6
      vertex 12.390180644032256 -1.9615705608064609 1.6
    endloop
  endfacet
  facet normal -0.24298017990326415 0.970031253194544 0
    outer loop
      vertex 12.580569354508924 -1.9138806714644176 0
      vertex 12.390180644032256 -1.9615705608064609 1.6
      vertex 12.580569354508924 -1.9138806714644176 1.6
    endloop
  endfacet
  facet normal -0.33688985339221933 0.941544065183021 0
    outer loop
      vertex 12.76536686473018 -1.8477590650225735 0
      vertex 12.580569354508924 -1.9138806714644176 1.6
      vertex 12.76536686473018 -1.8477590650225735 1.6
    endloop
  endfacet
  facet normal -0.42755509343028003 0.9039892931234441 0
    outer loop
      vertex 12.942793473651996 -1.76384252869671 0
      vertex 12.76536686473018 -1.8477590650225735 1.6
      vertex 12.942793473651996 -1.76384252869671 1.6
    endloop
  endfacet
  facet normal -0.5141027441932232 0.8577286100002711 0
    outer loop
      vertex 13.111140466039204 -1.6629392246050905 0
      vertex 12.942793473651996 -1.76384252869671 1.6
      vertex 13.111140466039204 -1.6629392246050905 1.6
    endloop
  endfacet
  facet normal -0.5956993044924319 0.803207531480646 0
    outer loop
      vertex 13.268786568327291 -1.546020906725474 0
      vertex 13.111140466039204 -1.6629392246050905 1.6
      vertex 13.268786568327291 -1.546020906725474 1.6
    endloop
  endfacet
  facet normal -0.6715589548470176 0.74095112535496 0
    outer loop
      vertex 13.414213562373096 -1.4142135623730951 0
      vertex 13.268786568327291 -1.546020906725474 1.6
      vertex 13.414213562373096 -1.4142135623730951 1.6
    endloop
  endfacet
  facet normal -0.7409511253549618 0.6715589548470157 0
    outer loop
      vertex 13.546020906725474 -1.268786568327291 0
      vertex 13.414213562373096 -1.4142135623730951 1.6
      vertex 13.546020906725474 -1.268786568327291 1.6
    endloop
  endfacet
  facet normal -0.8032075314806463 0.5956993044924316 0
    outer loop
      vertex 13.66293922460509 -1.1111404660392044 0
      vertex 13.546020906725474 -1.268786568327291 1.6
      vertex 13.66293922460509 -1.1111404660392044 1.6
    endloop
  endfacet
  facet normal -0.8577286100002709 0.5141027441932238 0
    outer loop
      vertex 13.76384252869671 -0.9427934736519953 0
      vertex 13.66293922460509 -1.1111404660392044 1.6
      vertex 13.76384252869671 -0.9427934736519953 1.6
    endloop
  endfacet
  facet normal -0.9039892931234421 0.4275550934302846 0
    outer loop
      vertex 13.847759065022574 -0.7653668647301796 0
      vertex 13.76384252869671 -0.9427934736519953 1.6
      vertex 13.847759065022574 -0.7653668647301796 1.6
    endloop
  endfacet
  facet normal -0.9700312531945434 0.24298017990326629 0
    outer loop
      vertex 13.96157056080646 -0.3901806440322565 0
      vertex 13.913880671464417 -0.5805693545089247 0
      vertex 13.913880671464417 -0.5805693545089247 1.6
    endloop
  endfacet
  facet normal -0.9891765099647806 0.1467304744553646 0
    outer loop
      vertex 13.990369453344394 -0.1960342806591212 0
      vertex 13.96157056080646 -0.3901806440322565 0
      vertex 13.96157056080646 -0.3901806440322565 1.6
    endloop
  endfacet
  facet normal -0.9987954562051726 0.04906767432741532 0
    outer loop
      vertex 13.990369453344394 -0.1960342806591212 0
      vertex 13.990369453344394 -0.1960342806591212 1.6
      vertex 14 0 0
    endloop
  endfacet
  facet normal -0.9415440651830224 0.3368898533922157 0
    outer loop
      vertex 13.913880671464417 -0.5805693545089247 0
      vertex 13.847759065022574 -0.7653668647301796 1.6
      vertex 13.913880671464417 -0.5805693545089247 1.6
    endloop
  endfacet
  facet normal -0.9700312531945434 0.24298017990326629 0
    outer loop
      vertex 13.96157056080646 -0.3901806440322565 0
      vertex 13.913880671464417 -0.5805693545089247 1.6
      vertex 13.96157056080646 -0.3901806440322565 1.6
    endloop
  endfacet
  facet normal -0.9891765099647806 0.1467304744553646 0
    outer loop
      vertex 13.990369453344394 -0.1960342806591212 0
      vertex 13.96157056080646 -0.3901806440322565 1.6
      vertex 13.990369453344394 -0.1960342806591212 1.6
    endloop
  endfacet
  facet normal -0.9987954562051726 0.04906767432741532 0
    outer loop
      vertex 14 0 0
      vertex 13.990369453344394 -0.1960342806591212 1.6
      vertex 14 0 1.6
    endloop
  endfacet
  facet normal 0.9987954562051726 -0.04906767432741532 0
    outer loop
      vertex 10 0 0
      vertex 10.009630546655606 0.1960342806591212 0
      vertex 10.009630546655606 0.1960342806591212 1.6
    endloop
  endfacet
  facet normal 0.9891765099647806 -0.1467304744553646 0
    outer loop
      vertex 10.009630546655606 0.1960342806591212 0
      vertex 10.03842943919354 0.3901806440322565 0
      vertex 10.03842943919354 0.3901806440322565 1.6
    endloop
  endfacet
  facet normal 0.9700312531945434 -0.24298017990326629 0
    outer loop
      vertex 10.03842943919354 0.3901806440322565 0
      vertex 10.086119328535583 0.5805693545089247 0
      vertex 10.086119328535583 0.5805693545089247 1.6
    endloop
  endfacet
  facet normal 0.9415440651830224 -0.3368898533922157 0
    outer loop
      vertex 10.086119328535583 0.5805693545089247 0
      vertex 10.152240934977426 0.7653668647301796 0
      vertex 10.152240934977426 0.7653668647301796 1.6
    endloop
  endfacet
  facet normal 0.9039892931234421 -0.4275550934302846 0
    outer loop
      vertex 10.152240934977426 0.7653668647301796 0
      vertex 10.23615747130329 0.9427934736519953 0
      vertex 10.23615747130329 0.9427934736519953 1.6
    endloop
  endfacet
  facet normal 0.8577286100002709 -0.5141027441932238 0
    outer loop
      vertex 10.23615747130329 0.9427934736519953 0
      vertex 10.33706077539491 1.1111404660392044 0
      vertex 10.33706077539491 1.1111404660392044 1.6
    endloop
  endfacet
  facet normal 0.8032075314806463 -0.5956993044924316 0
    outer loop
      vertex 10.33706077539491 1.1111404660392044 0
      vertex 10.453979093274526 1.268786568327291 0
      vertex 10.453979093274526 1.268786568327291 1.6
    endloop
  endfacet
  facet normal 0.7409511253549618 -0.6715589548470157 0
    outer loop
      vertex 10.453979093274526 1.268786568327291 0
      vertex 10.585786437626904 1.4142135623730951 0
      vertex 10.585786437626904 1.4142135623730951 1.6
    endloop
  endfacet
  facet normal 0.6715589548470176 -0.74095112535496 0
    outer loop
      vertex 10.731213431672709 1.546020906725474 0
      vertex 10.731213431672709 1.546020906725474 1.6
      vertex 10.585786437626904 1.4142135623730951 0
    endloop
  endfacet
  facet normal 0.5956993044924319 -0.803207531480646 0
    outer loop
      vertex 10.888859533960796 1.6629392246050905 0
      vertex 10.888859533960796 1.6629392246050905 1.6
      vertex 10.731213431672709 1.546020906725474 0
    endloop
  endfacet
  facet normal 0.5141027441932232 -0.8577286100002711 0
    outer loop
      vertex 11.057206526348004 1.76384252869671 0
      vertex 11.057206526348004 1.76384252869671 1.6
      vertex 10.888859533960796 1.6629392246050905 0
    endloop
  endfacet
  facet normal 0.42755509343028003 -0.9039892931234441 0
    outer loop
      vertex 11.23463313526982 1.8477590650225735 0
      vertex 11.23463313526982 1.8477590650225735 1.6
      vertex 11.057206526348004 1.76384252869671 0
    endloop
  endfacet
  facet normal 0.33688985339221933 -0.941544065183021 0
    outer loop
      vertex 11.419430645491076 1.9138806714644176 0
      vertex 11.419430645491076 1.9138806714644176 1.6
      vertex 11.23463313526982 1.8477590650225735 0
    endloop
  endfacet
  facet normal 0.24298017990326415 -0.970031253194544 0
    outer loop
      vertex 11.609819355967744 1.9615705608064609 0
      vertex 11.609819355967744 1.9615705608064609 1.6
      vertex 11.419430645491076 1.9138806714644176 0
    endloop
  endfacet
  facet normal 0.1467304744553632 -0.9891765099647807 0
    outer loop
      vertex 11.803965719340878 1.9903694533443939 0
      vertex 11.803965719340878 1.9903694533443939 1.6
      vertex 11.609819355967744 1.9615705608064609 0
    endloop
  endfacet
  facet normal 0.04906767432741744 -0.9987954562051724 0
    outer loop
      vertex 12 2 0
      vertex 12 2 1.6
      vertex 11.803965719340878 1.9903694533443939 0
    endloop
  endfacet
  facet normal -0.04906767432741744 -0.9987954562051724 0
    outer loop
      vertex 12.196034280659122 1.9903694533443939 0
      vertex 12.196034280659122 1.9903694533443939 1.6
      vertex 12 2 0
    endloop
  endfacet
  facet normal -0.9039892931234421 -0.4275550934302846 0
    outer loop
      vertex 13.76384252869671 0.9427934736519953 0
      vertex 13.847759065022574 0.7653668647301796 0
      vertex 13.847759065022574 0.7653668647301796 1.6
    endloop
  endfacet
  facet normal -0.5141027441932232 -0.8577286100002711 0
    outer loop
      vertex 13.111140466039204 1.6629392246050905 0
      vertex 13.111140466039204 1.6629392246050905 1.6
      vertex 12.942793473651996 1.76384252869671 0
    endloop
  endfacet
  facet normal -0.5956993044924319 -0.803207531480646 0
    outer loop
      vertex 13.268786568327291 1.546020906725474 0
      vertex 13.268786568327291 1.546020906725474 1.6
      vertex 13.111140466039204 1.6629392246050905 0
    endloop
  endfacet
  facet normal -0.6715589548470176 -0.74095112535496 0
    outer loop
      vertex 13.268786568327291 1.546020906725474 0
      vertex 13.414213562373096 1.4142135623730951 0
      vertex 13.414213562373096 1.4142135623730951 1.6
    endloop
  endfacet
  facet normal -0.8032075314806463 -0.5956993044924316 0
    outer loop
      vertex 13.546020906725474 1.268786568327291 0
      vertex 13.66293922460509 1.1111404660392044 0
      vertex 13.66293922460509 1.1111404660392044 1.6
    endloop
  endfacet
  facet normal -0.8577286100002709 -0.5141027441932238 0
    outer loop
      vertex 13.66293922460509 1.1111404660392044 0
      vertex 13.76384252869671 0.9427934736519953 0
      vertex 13.76384252869671 0.9427934736519953 1.6
    endloop
  endfacet
  facet normal -0.7409511253549618 -0.6715589548470157 0
    outer loop
      vertex 13.414213562373096 1.4142135623730951 0
      vertex 13.546020906725474 1.268786568327291 0
      vertex 13.546020906725474 1.268786568327291 1.6
    endloop
  endfacet
  facet normal -0.1467304744553632 -0.9891765099647807 0
    outer loop
      vertex 12.390180644032256 1.9615705608064609 0
      vertex 12.390180644032256 1.9615705608064609 1.6
      vertex 12.196034280659122 1.9903694533443939 0
    endloop
  endfacet
  facet normal -0.24298017990326415 -0.970031253194544 0
    outer loop
      vertex 12.580569354508924 1.9138806714644176 0
      vertex 12.580569354508924 1.9138806714644176 1.6
      vertex 12.390180644032256 1.9615705608064609 0
    endloop
  endfacet
  facet normal -0.33688985339221933 -0.941544065183021 0
    outer loop
      vertex 12.76536686473018 1.8477590650225735 0
      vertex 12.76536686473018 1.8477590650225735 1.6
      vertex 12.580569354508924 1.9138806714644176 0
    endloop
  endfacet
  facet normal -0.42755509343028003 -0.9039892931234441 0
    outer loop
      vertex 12.942793473651996 1.76384252869671 0
      vertex 12.942793473651996 1.76384252869671 1.6
      vertex 12.76536686473018 1.8477590650225735 0
    endloop
  endfacet
  facet normal 0.9987954562051726 -0.04906767432741532 0
    outer loop
      vertex 10 0 0
      vertex 10.009630546655606 0.1960342806591212 1.6
      vertex 10 0 1.6
    endloop
  endfacet
  facet normal 0.9891765099647806 -0.1467304744553646 0
    outer loop
      vertex 10.009630546655606 0.1960342806591212 0
      vertex 10.03842943919354 0.3901806440322565 1.6
      vertex 10.009630546655606 0.1960342806591212 1.6
    endloop
  endfacet
  facet normal 0.9700312531945434 -0.24298017990326629 0
    outer loop
      vertex 10.03842943919354 0.3901806440322565 0
      vertex 10.086119328535583 0.5805693545089247 1.6
      vertex 10.03842943919354 0.3901806440322565 1.6
    endloop
  endfacet
  facet normal 0.9415440651830224 -0.3368898533922157 0
    outer loop
      vertex 10.086119328535583 0.5805693545089247 0
      vertex 10.152240934977426 0.7653668647301796 1.6
      vertex 10.086119328535583 0.5805693545089247 1.6
    endloop
  endfacet
  facet normal 0.9039892931234421 -0.4275550934302846 0
    outer loop
      vertex 10.152240934977426 0.7653668647301796 0
      vertex 10.23615747130329 0.9427934736519953 1.6
      vertex 10.152240934977426 0.7653668647301796 1.6
    endloop
  endfacet
  facet normal 0.8577286100002709 -0.5141027441932238 0
    outer loop
      vertex 10.23615747130329 0.9427934736519953 0
      vertex 10.33706077539491 1.1111404660392044 1.6
      vertex 10.23615747130329 0.9427934736519953 1.6
    endloop
  endfacet
  facet normal 0.8032075314806463 -0.5956993044924316 0
    outer loop
      vertex 10.33706077539491 1.1111404660392044 0
      vertex 10.453979093274526 1.268786568327291 1.6
      vertex 10.33706077539491 1.1111404660392044 1.6
    endloop
  endfacet
  facet normal 0.7409511253549618 -0.6715589548470157 0
    outer loop
      vertex 10.453979093274526 1.268786568327291 0
      vertex 10.585786437626904 1.4142135623730951 1.6
      vertex 10.453979093274526 1.268786568327291 1.6
    endloop
  endfacet
  facet normal 0.6715589548470176 -0.74095112535496 0
    outer loop
      vertex 10.585786437626904 1.4142135623730951 0
      vertex 10.731213431672709 1.546020906725474 1.6
      vertex 10.585786437626904 1.4142135623730951 1.6
    endloop
  endfacet
  facet normal 0.5956993044924319 -0.803207531480646 0
    outer loop
      vertex 10.731213431672709 1.546020906725474 0
      vertex 10.888859533960796 1.6629392246050905 1.6
      vertex 10.731213431672709 1.546020906725474 1.6
    endloop
  endfacet
  facet normal 0.5141027441932232 -0.8577286100002711 0
    outer loop
      vertex 10.888859533960796 1.6629392246050905 0
      vertex 11.057206526348004 1.76384252869671 1.6
      vertex 10.888859533960796 1.6629392246050905 1.6
    endloop
  endfacet
  facet normal 0.42755509343028003 -0.9039892931234441 0
    outer loop
      vertex 11.057206526348004 1.76384252869671 0
      vertex 11.23463313526982 1.8477590650225735 1.6
      vertex 11.057206526348004 1.76384252869671 1.6
    endloop
  endfacet
  facet normal 0.33688985339221933 -0.941544065183021 0
    outer loop
      vertex 11.23463313526982 1.8477590650225735 0
      vertex 11.419430645491076 1.9138806714644176 1.6
      vertex 11.23463313526982 1.8477590650225735 1.6
    endloop
  endfacet
  facet normal 0.24298017990326415 -0.970031253194544 0
    outer loop
      vertex 11.419430645491076 1.9138806714644176 0
      vertex 11.609819355967744 1.9615705608064609 1.6
      vertex 11.419430645491076 1.9138806714644176 1.6
    endloop
  endfacet
  facet normal 0.1467304744553632 -0.9891765099647807 0
    outer loop
      vertex 11.609819355967744 1.9615705608064609 0
      vertex 11.803965719340878 1.9903694533443939 1.6
      vertex 11.609819355967744 1.9615705608064609 1.6
    endloop
  endfacet
  facet normal 0.04906767432741744 -0.9987954562051724 0
    outer loop
      vertex 11.803965719340878 1.9903694533443939 0
      vertex 12 2 1.6
      vertex 11.803965719340878 1.9903694533443939 1.6
    endloop
  endfacet
  facet normal -0.04906767432741744 -0.9987954562051724 0
    outer loop
      vertex 12 2 0
      vertex 12.196034280659122 1.9903694533443939 1.6
      vertex 12 2 1.6
    endloop
  endfacet
  facet normal -0.5141027441932232 -0.8577286100002711 0
    outer loop
      vertex 12.942793473651996 1.76384252869671 0
      vertex 13.111140466039204 1.6629392246050905 1.6
      vertex 12.942793473651996 1.76384252869671 1.6
    endloop
  endfacet
  facet normal -0.9415440651830224 -0.3368898533922157 0
    outer loop
      vertex 13.847759065022574 0.7653668647301796 0
      vertex 13.913880671464417 0.5805693545089247 1.6
      vertex 13.847759065022574 0.7653668647301796 1.6
    endloop
  endfacet
  facet normal -0.5956993044924319 -0.803207531480646 0
    outer loop
      vertex 13.111140466039204 1.6629392246050905 0
      vertex 13.268786568327291 1.546020906725474 1.6
      vertex 13.111140466039204 1.6629392246050905 1.6
    endloop
  endfacet
  facet normal -0.6715589548470176 -0.74095112535496 0
    outer loop
      vertex 13.268786568327291 1.546020906725474 0
      vertex 13.414213562373096 1.4142135623730951 1.6
      vertex 13.268786568327291 1.546020906725474 1.6
    endloop
  endfacet
  facet normal -0.8032075314806463 -0.5956993044924316 0
    outer loop
      vertex 13.546020906725474 1.268786568327291 0
      vertex 13.66293922460509 1.1111404660392044 1.6
      vertex 13.546020906725474 1.268786568327291 1.6
    endloop
  endfacet
  facet normal -0.8577286100002709 -0.5141027441932238 0
    outer loop
      vertex 13.66293922460509 1.1111404660392044 0
      vertex 13.76384252869671 0.9427934736519953 1.6
      vertex 13.66293922460509 1.1111404660392044 1.6
    endloop
  endfacet
  facet normal -0.9039892931234421 -0.4275550934302846 0
    outer loop
      vertex 13.76384252869671 0.9427934736519953 0
      vertex 13.847759065022574 0.7653668647301796 1.6
      vertex 13.76384252869671 0.9427934736519953 1.6
    endloop
  endfacet
  facet normal -0.7409511253549618 -0.6715589548470157 0
    outer loop
      vertex 13.414213562373096 1.4142135623730951 0
      vertex 13.546020906725474 1.268786568327291 1.6
      vertex 13.414213562373096 1.4142135623730951 1.6
    endloop
  endfacet
  facet normal -0.1467304744553632 -0.9891765099647807 0
    outer loop
      vertex 12.196034280659122 1.9903694533443939 0
      vertex 12.390180644032256 1.9615705608064609 1.6
      vertex 12.196034280659122 1.9903694533443939 1.6
    endloop
  endfacet
  facet normal -0.24298017990326415 -0.970031253194544 0
    outer loop
      vertex 12.390180644032256 1.9615705608064609 0
      vertex 12.580569354508924 1.9138806714644176 1.6
      vertex 12.390180644032256 1.9615705608064609 1.6
    endloop
  endfacet
  facet normal -0.33688985339221933 -0.941544065183021 0
    outer loop
      vertex 12.580569354508924 1.9138806714644176 0
      vertex 12.76536686473018 1.8477590650225735 1.6
      vertex 12.580569354508924 1.9138806714644176 1.6
    endloop
  endfacet
  facet normal -0.42755509343028003 -0.9039892931234441 0
    outer loop
      vertex 12.76536686473018 1.8477590650225735 0
      vertex 12.942793473651996 1.76384252869671 1.6
      vertex 12.76536686473018 1.8477590650225735 1.6
    endloop
  endfacet
  facet normal -0.9987954562051726 -0.04906767432741532 0
    outer loop
      vertex 14 0 0
      vertex 14 0 1.6
      vertex 13.990369453344394 0.1960342806591212 0
    endloop
  endfacet
  facet normal -0.9891765099647806 -0.1467304744553646 0
    outer loop
      vertex 13.96157056080646 0.3901806440322565 0
      vertex 13.990369453344394 0.1960342806591212 0
      vertex 13.990369453344394 0.1960342806591212 1.6
    endloop
  endfacet
  facet normal -0.9700312531945434 -0.24298017990326629 0
    outer loop
      vertex 13.913880671464417 0.5805693545089247 0
      vertex 13.96157056080646 0.3901806440322565 0
      vertex 13.96157056080646 0.3901806440322565 1.6
    endloop
  endfacet
  facet normal -0.9415440651830224 -0.3368898533922157 0
    outer loop
      vertex 13.847759065022574 0.7653668647301796 0
      vertex 13.913880671464417 0.5805693545089247 0
      vertex 13.913880671464417 0.5805693545089247 1.6
    endloop
  endfacet
  facet normal -0.9987954562051726 -0.04906767432741532 0
    outer loop
      vertex 13.990369453344394 0.1960342806591212 0
      vertex 14 0 1.6
      vertex 13.990369453344394 0.1960342806591212 1.6
    endloop
  endfacet
  facet normal -0.9891765099647806 -0.1467304744553646 0
    outer loop
      vertex 13.96157056080646 0.3901806440322565 0
      vertex 13.990369453344394 0.1960342806591212 1.6
      vertex 13.96157056080646 0.3901806440322565 1.6
    endloop
  endfacet
  facet normal -0.9700312531945434 -0.24298017990326629 0
    outer loop
      vertex 13.913880671464417 0.5805693545089247 0
      vertex 13.96157056080646 0.3901806440322565 1.6
      vertex 13.913880671464417 0.5805693545089247 1.6
    endloop
  endfacet
  facet normal 0.803207531480647 0.5956993044924305 0
    outer loop
      vertex 10.453979093274526 10.731213431672709 0
      vertex 10.33706077539491 10.888859533960796 0
      vertex 10.33706077539491 10.888859533960796 1.6
    endloop
  endfacet
  facet normal 0.903989293123443 0.42755509343028286 0
    outer loop
      vertex 10.23615747130329 11.057206526348004 0
      vertex 10.152240934977426 11.23463313526982 0
      vertex 10.152240934977426 11.23463313526982 1.6
    endloop
  endfacet
  facet normal 0.8577286100002701 0.5141027441932249 0
    outer loop
      vertex 10.33706077539491 10.888859533960796 0
      vertex 10.23615747130329 11.057206526348004 0
      vertex 10.23615747130329 11.057206526348004 1.6
    endloop
  endfacet
  facet normal 0.9415440651830225 0.33688985339221533 0
    outer loop
      vertex 10.152240934977426 11.23463313526982 0
      vertex 10.086119328535583 11.419430645491076 0
      vertex 10.086119328535583 11.419430645491076 1.6
    endloop
  endfacet
  facet normal 0.9700312531945434 0.24298017990326629 0
    outer loop
      vertex 10.086119328535583 11.419430645491076 0
      vertex 10.03842943919354 11.609819355967744 0
      vertex 10.03842943919354 11.609819355967744 1.6
    endloop
  endfacet
  facet normal 0.9891765099647805 0.14673047445536544 0
    outer loop
      vertex 10.03842943919354 11.609819355967744 0
      vertex 10.009630546655606 11.803965719340878 0
      vertex 10.009630546655606 11.803965719340878 1.6
    endloop
  endfacet
  facet normal 0.9987954562051726 0.049067674327415184 0
    outer loop
      vertex 10.009630546655606 11.803965719340878 0
      vertex 10 12 0
      vertex 10 12 1.6
    endloop
  endfacet
  facet normal 0.9987954562051726 -0.049067674327415184 0
    outer loop
      vertex 10 12 0
      vertex 10.009630546655606 12.196034280659122 0
      vertex 10.009630546655606 12.196034280659122 1.6
    endloop
  endfacet
  facet normal 0.9891765099647805 -0.14673047445536544 0
    outer loop
      vertex 10.009630546655606 12.196034280659122 0
      vertex 10.03842943919354 12.390180644032256 0
      vertex 10.03842943919354 12.390180644032256 1.6
    endloop
  endfacet
  facet normal 0.9700312531945434 -0.24298017990326629 0
    outer loop
      vertex 10.03842943919354 12.390180644032256 0
      vertex 10.086119328535583 12.580569354508924 0
      vertex 10.086119328535583 12.580569354508924 1.6
    endloop
  endfacet
  facet normal 0.9415440651830225 -0.33688985339221533 0
    outer loop
      vertex 10.086119328535583 12.580569354508924 0
      vertex 10.152240934977426 12.76536686473018 0
      vertex 10.152240934977426 12.76536686473018 1.6
    endloop
  endfacet
  facet normal 0.903989293123443 -0.42755509343028286 0
    outer loop
      vertex 10.152240934977426 12.76536686473018 0
      vertex 10.23615747130329 12.942793473651996 0
      vertex 10.23615747130329 12.942793473651996 1.6
    endloop
  endfacet
  facet normal 0.8577286100002701 -0.5141027441932249 0
    outer loop
      vertex 10.23615747130329 12.942793473651996 0
      vertex 10.33706077539491 13.111140466039204 0
      vertex 10.33706077539491 13.111140466039204 1.6
    endloop
  endfacet
  facet normal 0.5141027441932249 0.8577286100002701 0
    outer loop
      vertex 10.888859533960796 10.33706077539491 0
      vertex 10.888859533960796 10.33706077539491 1.6
      vertex 11.057206526348004 10.23615747130329 0
    endloop
  endfacet
  facet normal 0.42755509343028286 0.903989293123443 0
    outer loop
      vertex 11.057206526348004 10.23615747130329 0
      vertex 11.057206526348004 10.23615747130329 1.6
      vertex 11.23463313526982 10.152240934977426 0
    endloop
  endfacet
  facet normal 0.33688985339221533 0.9415440651830225 0
    outer loop
      vertex 11.23463313526982 10.152240934977426 0
      vertex 11.23463313526982 10.152240934977426 1.6
      vertex 11.419430645491076 10.086119328535583 0
    endloop
  endfacet
  facet normal 0.24298017990326629 0.9700312531945434 0
    outer loop
      vertex 11.419430645491076 10.086119328535583 0
      vertex 11.419430645491076 10.086119328535583 1.6
      vertex 11.609819355967744 10.03842943919354 0
    endloop
  endfacet
  facet normal 0.14673047445536544 0.9891765099647805 0
    outer loop
      vertex 11.609819355967744 10.03842943919354 0
      vertex 11.609819355967744 10.03842943919354 1.6
      vertex 11.803965719340878 10.009630546655606 0
    endloop
  endfacet
  facet normal 0.049067674327415184 0.9987954562051726 0
    outer loop
      vertex 11.803965719340878 10.009630546655606 0
      vertex 11.803965719340878 10.009630546655606 1.6
      vertex 12 10 0
    endloop
  endfacet
  facet normal -0.049067674327415184 0.9987954562051726 0
    outer loop
      vertex 12 10 0
      vertex 12 10 1.6
      vertex 12.196034280659122 10.009630546655606 0
    endloop
  endfacet
  facet normal -0.14673047445536544 0.9891765099647805 0
    outer loop
      vertex 12.196034280659122 10.009630546655606 0
      vertex 12.196034280659122 10.009630546655606 1.6
      vertex 12.390180644032256 10.03842943919354 0
    endloop
  endfacet
  facet normal -0.24298017990326629 0.9700312531945434 0
    outer loop
      vertex 12.390180644032256 10.03842943919354 0
      vertex 12.390180644032256 10.03842943919354 1.6
      vertex 12.580569354508924 10.086119328535583 0
    endloop
  endfacet
  facet normal -0.33688985339221533 0.9415440651830225 0
    outer loop
      vertex 12.580569354508924 10.086119328535583 0
      vertex 12.580569354508924 10.086119328535583 1.6
      vertex 12.76536686473018 10.152240934977426 0
    endloop
  endfacet
  facet normal -0.42755509343028286 0.903989293123443 0
    outer loop
      vertex 12.76536686473018 10.152240934977426 0
      vertex 12.76536686473018 10.152240934977426 1.6
      vertex 12.942793473651996 10.23615747130329 0
    endloop
  endfacet
  facet normal -0.5141027441932249 0.8577286100002701 0
    outer loop
      vertex 12.942793473651996 10.23615747130329 0
      vertex 12.942793473651996 10.23615747130329 1.6
      vertex 13.111140466039204 10.33706077539491 0
    endloop
  endfacet
  facet normal -0.5956993044924305 0.803207531480647 0
    outer loop
      vertex 13.111140466039204 10.33706077539491 0
      vertex 13.111140466039204 10.33706077539491 1.6
      vertex 13.268786568327291 10.453979093274526 0
    endloop
  endfacet
  facet normal 0.7409511253549622 0.671558954847015 0
    outer loop
      vertex 10.585786437626904 10.585786437626904 0
      vertex 10.453979093274526 10.731213431672709 0
      vertex 10.453979093274526 10.731213431672709 1.6
    endloop
  endfacet
  facet normal 0.671558954847015 0.7409511253549622 0
    outer loop
      vertex 10.585786437626904 10.585786437626904 0
      vertex 10.585786437626904 10.585786437626904 1.6
      vertex 10.731213431672709 10.453979093274526 0
    endloop
  endfacet
  facet normal 0.5956993044924305 0.803207531480647 0
    outer loop
      vertex 10.731213431672709 10.453979093274526 0
      vertex 10.731213431672709 10.453979093274526 1.6
      vertex 10.888859533960796 10.33706077539491 0
    endloop
  endfacet
  facet normal 0.803207531480647 -0.5956993044924305 0
    outer loop
      vertex 10.33706077539491 13.111140466039204 0
      vertex 10.453979093274526 13.268786568327291 0
      vertex 10.453979093274526 13.268786568327291 1.6
    endloop
  endfacet
  facet normal 0.7409511253549622 -0.671558954847015 0
    outer loop
      vertex 10.453979093274526 13.268786568327291 0
      vertex 10.585786437626904 13.414213562373096 0
      vertex 10.585786437626904 13.414213562373096 1.6
    endloop
  endfacet
  facet normal 0.671558954847015 -0.7409511253549622 0
    outer loop
      vertex 10.731213431672709 13.546020906725474 0
      vertex 10.731213431672709 13.546020906725474 1.6
      vertex 10.585786437626904 13.414213562373096 0
    endloop
  endfacet
  facet normal 0.5956993044924305 -0.803207531480647 0
    outer loop
      vertex 10.888859533960796 13.66293922460509 0
      vertex 10.888859533960796 13.66293922460509 1.6
      vertex 10.731213431672709 13.546020906725474 0
    endloop
  endfacet
  facet normal 0.5141027441932249 -0.8577286100002701 0
    outer loop
      vertex 11.057206526348004 13.76384252869671 0
      vertex 11.057206526348004 13.76384252869671 1.6
      vertex 10.888859533960796 13.66293922460509 0
    endloop
  endfacet
  facet normal 0.42755509343028286 -0.903989293123443 0
    outer loop
      vertex 11.23463313526982 13.847759065022574 0
      vertex 11.23463313526982 13.847759065022574 1.6
      vertex 11.057206526348004 13.76384252869671 0
    endloop
  endfacet
  facet normal -0.671558954847015 0.7409511253549622 0
    outer loop
      vertex 13.268786568327291 10.453979093274526 0
      vertex 13.268786568327291 10.453979093274526 1.6
      vertex 13.414213562373096 10.585786437626904 0
    endloop
  endfacet
  facet normal -0.7409511253549622 0.671558954847015 0
    outer loop
      vertex 13.414213562373096 10.585786437626904 0
      vertex 13.414213562373096 10.585786437626904 1.6
      vertex 13.546020906725474 10.731213431672709 0
    endloop
  endfacet
  facet normal -0.803207531480647 0.5956993044924305 0
    outer loop
      vertex 13.66293922460509 10.888859533960796 0
      vertex 13.546020906725474 10.731213431672709 0
      vertex 13.546020906725474 10.731213431672709 1.6
    endloop
  endfacet
  facet normal -0.8577286100002701 0.5141027441932249 0
    outer loop
      vertex 13.76384252869671 11.057206526348004 0
      vertex 13.66293922460509 10.888859533960796 0
      vertex 13.66293922460509 10.888859533960796 1.6
    endloop
  endfacet
  facet normal -0.903989293123443 0.42755509343028286 0
    outer loop
      vertex 13.847759065022574 11.23463313526982 0
      vertex 13.76384252869671 11.057206526348004 0
      vertex 13.76384252869671 11.057206526348004 1.6
    endloop
  endfacet
  facet normal -0.9415440651830225 0.33688985339221533 0
    outer loop
      vertex 13.913880671464417 11.419430645491076 0
      vertex 13.847759065022574 11.23463313526982 0
      vertex 13.847759065022574 11.23463313526982 1.6
    endloop
  endfacet
  facet normal -0.33688985339221533 -0.9415440651830225 0
    outer loop
      vertex 12.76536686473018 13.847759065022574 0
      vertex 12.76536686473018 13.847759065022574 1.6
      vertex 12.580569354508924 13.913880671464417 0
    endloop
  endfacet
  facet normal -0.42755509343028286 -0.903989293123443 0
    outer loop
      vertex 12.942793473651996 13.76384252869671 0
      vertex 12.942793473651996 13.76384252869671 1.6
      vertex 12.76536686473018 13.847759065022574 0
    endloop
  endfacet
  facet normal -0.8577286100002701 -0.5141027441932249 0
    outer loop
      vertex 13.66293922460509 13.111140466039204 0
      vertex 13.76384252869671 12.942793473651996 0
      vertex 13.76384252869671 12.942793473651996 1.6
    endloop
  endfacet
  facet normal -0.903989293123443 -0.42755509343028286 0
    outer loop
      vertex 13.76384252869671 12.942793473651996 0
      vertex 13.847759065022574 12.76536686473018 0
      vertex 13.847759065022574 12.76536686473018 1.6
    endloop
  endfacet
  facet normal -0.5956993044924305 -0.803207531480647 0
    outer loop
      vertex 13.268786568327291 13.546020906725474 0
      vertex 13.268786568327291 13.546020906725474 1.6
      vertex 13.111140466039204 13.66293922460509 0
    endloop
  endfacet
  facet normal -0.5141027441932249 -0.8577286100002701 0
    outer loop
      vertex 13.111140466039204 13.66293922460509 0
      vertex 13.111140466039204 13.66293922460509 1.6
      vertex 12.942793473651996 13.76384252869671 0
    endloop
  endfacet
  facet normal -0.671558954847015 -0.7409511253549622 0
    outer loop
      vertex 13.268786568327291 13.546020906725474 0
      vertex 13.414213562373096 13.414213562373096 0
      vertex 13.414213562373096 13.414213562373096 1.6
    endloop
  endfacet
  facet normal -0.803207531480647 -0.5956993044924305 0
    outer loop
      vertex 13.546020906725474 13.268786568327291 0
      vertex 13.66293922460509 13.111140466039204 0
      vertex 13.66293922460509 13.111140466039204 1.6
    endloop
  endfacet
  facet normal -0.7409511253549622 -0.671558954847015 0
    outer loop
      vertex 13.414213562373096 13.414213562373096 0
      vertex 13.546020906725474 13.268786568327291 0
      vertex 13.546020906725474 13.268786568327291 1.6
    endloop
  endfacet
  facet normal 0.8577286100002701 0.5141027441932249 0
    outer loop
      vertex 10.33706077539491 10.888859533960796 0
      vertex 10.23615747130329 11.057206526348004 1.6
      vertex 10.33706077539491 10.888859533960796 1.6
    endloop
  endfacet
  facet normal 0.903989293123443 0.42755509343028286 0
    outer loop
      vertex 10.23615747130329 11.057206526348004 0
      vertex 10.152240934977426 11.23463313526982 1.6
      vertex 10.23615747130329 11.057206526348004 1.6
    endloop
  endfacet
  facet normal 0.9700312531945434 0.24298017990326629 0
    outer loop
      vertex 10.086119328535583 11.419430645491076 0
      vertex 10.03842943919354 11.609819355967744 1.6
      vertex 10.086119328535583 11.419430645491076 1.6
    endloop
  endfacet
  facet normal 0.9415440651830225 0.33688985339221533 0
    outer loop
      vertex 10.152240934977426 11.23463313526982 0
      vertex 10.086119328535583 11.419430645491076 1.6
      vertex 10.152240934977426 11.23463313526982 1.6
    endloop
  endfacet
  facet normal 0.9891765099647805 0.14673047445536544 0
    outer loop
      vertex 10.03842943919354 11.609819355967744 0
      vertex 10.009630546655606 11.803965719340878 1.6
      vertex 10.03842943919354 11.609819355967744 1.6
    endloop
  endfacet
  facet normal 0.9987954562051726 0.049067674327415184 0
    outer loop
      vertex 10.009630546655606 11.803965719340878 0
      vertex 10 12 1.6
      vertex 10.009630546655606 11.803965719340878 1.6
    endloop
  endfacet
  facet normal 0.9987954562051726 -0.049067674327415184 0
    outer loop
      vertex 10 12 0
      vertex 10.009630546655606 12.196034280659122 1.6
      vertex 10 12 1.6
    endloop
  endfacet
  facet normal 0.9891765099647805 -0.14673047445536544 0
    outer loop
      vertex 10.009630546655606 12.196034280659122 0
      vertex 10.03842943919354 12.390180644032256 1.6
      vertex 10.009630546655606 12.196034280659122 1.6
    endloop
  endfacet
  facet normal 0.9700312531945434 -0.24298017990326629 0
    outer loop
      vertex 10.03842943919354 12.390180644032256 0
      vertex 10.086119328535583 12.580569354508924 1.6
      vertex 10.03842943919354 12.390180644032256 1.6
    endloop
  endfacet
  facet normal 0.9415440651830225 -0.33688985339221533 0
    outer loop
      vertex 10.086119328535583 12.580569354508924 0
      vertex 10.152240934977426 12.76536686473018 1.6
      vertex 10.086119328535583 12.580569354508924 1.6
    endloop
  endfacet
  facet normal 0.903989293123443 -0.42755509343028286 0
    outer loop
      vertex 10.152240934977426 12.76536686473018 0
      vertex 10.23615747130329 12.942793473651996 1.6
      vertex 10.152240934977426 12.76536686473018 1.6
    endloop
  endfacet
  facet normal 0.8577286100002701 -0.5141027441932249 0
    outer loop
      vertex 10.23615747130329 12.942793473651996 0
      vertex 10.33706077539491 13.111140466039204 1.6
      vertex 10.23615747130329 12.942793473651996 1.6
    endloop
  endfacet
  facet normal 0.803207531480647 -0.5956993044924305 0
    outer loop
      vertex 10.33706077539491 13.111140466039204 0
      vertex 10.453979093274526 13.268786568327291 1.6
      vertex 10.33706077539491 13.111140466039204 1.6
    endloop
  endfacet
  facet normal 0.5956993044924305 0.803207531480647 0
    outer loop
      vertex 10.888859533960796 10.33706077539491 0
      vertex 10.731213431672709 10.453979093274526 1.6
      vertex 10.888859533960796 10.33706077539491 1.6
    endloop
  endfacet
  facet normal 0.5141027441932249 0.8577286100002701 0
    outer loop
      vertex 11.057206526348004 10.23615747130329 0
      vertex 10.888859533960796 10.33706077539491 1.6
      vertex 11.057206526348004 10.23615747130329 1.6
    endloop
  endfacet
  facet normal 0.42755509343028286 0.903989293123443 0
    outer loop
      vertex 11.23463313526982 10.152240934977426 0
      vertex 11.057206526348004 10.23615747130329 1.6
      vertex 11.23463313526982 10.152240934977426 1.6
    endloop
  endfacet
  facet normal 0.33688985339221533 0.9415440651830225 0
    outer loop
      vertex 11.419430645491076 10.086119328535583 0
      vertex 11.23463313526982 10.152240934977426 1.6
      vertex 11.419430645491076 10.086119328535583 1.6
    endloop
  endfacet
  facet normal 0.24298017990326629 0.9700312531945434 0
    outer loop
      vertex 11.609819355967744 10.03842943919354 0
      vertex 11.419430645491076 10.086119328535583 1.6
      vertex 11.609819355967744 10.03842943919354 1.6
    endloop
  endfacet
  facet normal 0.14673047445536544 0.9891765099647805 0
    outer loop
      vertex 11.803965719340878 10.009630546655606 0
      vertex 11.609819355967744 10.03842943919354 1.6
      vertex 11.803965719340878 10.009630546655606 1.6
    endloop
  endfacet
  facet normal 0.049067674327415184 0.9987954562051726 0
    outer loop
      vertex 12 10 0
      vertex 11.803965719340878 10.009630546655606 1.6
      vertex 12 10 1.6
    endloop
  endfacet
  facet normal -0.049067674327415184 0.9987954562051726 0
    outer loop
      vertex 12.196034280659122 10.009630546655606 0
      vertex 12 10 1.6
      vertex 12.196034280659122 10.009630546655606 1.6
    endloop
  endfacet
  facet normal -0.14673047445536544 0.9891765099647805 0
    outer loop
      vertex 12.390180644032256 10.03842943919354 0
      vertex 12.196034280659122 10.009630546655606 1.6
      vertex 12.390180644032256 10.03842943919354 1.6
    endloop
  endfacet
  facet normal -0.24298017990326629 0.9700312531945434 0
    outer loop
      vertex 12.580569354508924 10.086119328535583 0
      vertex 12.390180644032256 10.03842943919354 1.6
      vertex 12.580569354508924 10.086119328535583 1.6
    endloop
  endfacet
  facet normal -0.33688985339221533 0.9415440651830225 0
    outer loop
      vertex 12.76536686473018 10.152240934977426 0
      vertex 12.580569354508924 10.086119328535583 1.6
      vertex 12.76536686473018 10.152240934977426 1.6
    endloop
  endfacet
  facet normal -0.42755509343028286 0.903989293123443 0
    outer loop
      vertex 12.942793473651996 10.23615747130329 0
      vertex 12.76536686473018 10.152240934977426 1.6
      vertex 12.942793473651996 10.23615747130329 1.6
    endloop
  endfacet
  facet normal -0.5141027441932249 0.8577286100002701 0
    outer loop
      vertex 13.111140466039204 10.33706077539491 0
      vertex 12.942793473651996 10.23615747130329 1.6
      vertex 13.111140466039204 10.33706077539491 1.6
    endloop
  endfacet
  facet normal 0.803207531480647 0.5956993044924305 0
    outer loop
      vertex 10.453979093274526 10.731213431672709 0
      vertex 10.33706077539491 10.888859533960796 1.6
      vertex 10.453979093274526 10.731213431672709 1.6
    endloop
  endfacet
  facet normal 0.7409511253549622 0.671558954847015 0
    outer loop
      vertex 10.585786437626904 10.585786437626904 0
      vertex 10.453979093274526 10.731213431672709 1.6
      vertex 10.585786437626904 10.585786437626904 1.6
    endloop
  endfacet
  facet normal 0.671558954847015 0.7409511253549622 0
    outer loop
      vertex 10.731213431672709 10.453979093274526 0
      vertex 10.585786437626904 10.585786437626904 1.6
      vertex 10.731213431672709 10.453979093274526 1.6
    endloop
  endfacet
  facet normal 0.7409511253549622 -0.671558954847015 0
    outer loop
      vertex 10.453979093274526 13.268786568327291 0
      vertex 10.585786437626904 13.414213562373096 1.6
      vertex 10.453979093274526 13.268786568327291 1.6
    endloop
  endfacet
  facet normal 0.671558954847015 -0.7409511253549622 0
    outer loop
      vertex 10.585786437626904 13.414213562373096 0
      vertex 10.731213431672709 13.546020906725474 1.6
      vertex 10.585786437626904 13.414213562373096 1.6
    endloop
  endfacet
  facet normal 0.5956993044924305 -0.803207531480647 0
    outer loop
      vertex 10.731213431672709 13.546020906725474 0
      vertex 10.888859533960796 13.66293922460509 1.6
      vertex 10.731213431672709 13.546020906725474 1.6
    endloop
  endfacet
  facet normal 0.5141027441932249 -0.8577286100002701 0
    outer loop
      vertex 10.888859533960796 13.66293922460509 0
      vertex 11.057206526348004 13.76384252869671 1.6
      vertex 10.888859533960796 13.66293922460509 1.6
    endloop
  endfacet
  facet normal 0.42755509343028286 -0.903989293123443 0
    outer loop
      vertex 11.057206526348004 13.76384252869671 0
      vertex 11.23463313526982 13.847759065022574 1.6
      vertex 11.057206526348004 13.76384252869671 1.6
    endloop
  endfacet
  facet normal 0.33688985339221533 -0.9415440651830225 0
    outer loop
      vertex 11.23463313526982 13.847759065022574 0
      vertex 11.419430645491076 13.913880671464417 1.6
      vertex 11.23463313526982 13.847759065022574 1.6
    endloop
  endfacet
  facet normal -0.5956993044924305 0.803207531480647 0
    outer loop
      vertex 13.268786568327291 10.453979093274526 0
      vertex 13.111140466039204 10.33706077539491 1.6
      vertex 13.268786568327291 10.453979093274526 1.6
    endloop
  endfacet
  facet normal -0.671558954847015 0.7409511253549622 0
    outer loop
      vertex 13.414213562373096 10.585786437626904 0
      vertex 13.268786568327291 10.453979093274526 1.6
      vertex 13.414213562373096 10.585786437626904 1.6
    endloop
  endfacet
  facet normal -0.7409511253549622 0.671558954847015 0
    outer loop
      vertex 13.546020906725474 10.731213431672709 0
      vertex 13.414213562373096 10.585786437626904 1.6
      vertex 13.546020906725474 10.731213431672709 1.6
    endloop
  endfacet
  facet normal -0.803207531480647 0.5956993044924305 0
    outer loop
      vertex 13.66293922460509 10.888859533960796 0
      vertex 13.546020906725474 10.731213431672709 1.6
      vertex 13.66293922460509 10.888859533960796 1.6
    endloop
  endfacet
  facet normal -0.8577286100002701 0.5141027441932249 0
    outer loop
      vertex 13.76384252869671 11.057206526348004 0
      vertex 13.66293922460509 10.888859533960796 1.6
      vertex 13.76384252869671 11.057206526348004 1.6
    endloop
  endfacet
  facet normal -0.903989293123443 0.42755509343028286 0
    outer loop
      vertex 13.847759065022574 11.23463313526982 0
      vertex 13.76384252869671 11.057206526348004 1.6
      vertex 13.847759065022574 11.23463313526982 1.6
    endloop
  endfacet
  facet normal -0.42755509343028286 -0.903989293123443 0
    outer loop
      vertex 12.76536686473018 13.847759065022574 0
      vertex 12.942793473651996 13.76384252869671 1.6
      vertex 12.76536686473018 13.847759065022574 1.6
    endloop
  endfacet
  facet normal -0.5141027441932249 -0.8577286100002701 0
    outer loop
      vertex 12.942793473651996 13.76384252869671 0
      vertex 13.111140466039204 13.66293922460509 1.6
      vertex 12.942793473651996 13.76384252869671 1.6
    endloop
  endfacet
  facet normal -0.9415440651830225 -0.33688985339221533 0
    outer loop
      vertex 13.847759065022574 12.76536686473018 0
      vertex 13.913880671464417 12.580569354508924 1.6
      vertex 13.847759065022574 12.76536686473018 1.6
    endloop
  endfacet
  facet normal -0.903989293123443 -0.42755509343028286 0
    outer loop
      vertex 13.76384252869671 12.942793473651996 0
      vertex 13.847759065022574 12.76536686473018 1.6
      vertex 13.76384252869671 12.942793473651996 1.6
    endloop
  endfacet
  facet normal -0.5956993044924305 -0.803207531480647 0
    outer loop
      vertex 13.111140466039204 13.66293922460509 0
      vertex 13.268786568327291 13.546020906725474 1.6
      vertex 13.111140466039204 13.66293922460509 1.6
    endloop
  endfacet
  facet normal -0.671558954847015 -0.7409511253549622 0
    outer loop
      vertex 13.268786568327291 13.546020906725474 0
      vertex 13.414213562373096 13.414213562373096 1.6
      vertex 13.268786568327291 13.546020906725474 1.6
    endloop
  endfacet
  facet normal -0.803207531480647 -0.5956993044924305 0
    outer loop
      vertex 13.546020906725474 13.268786568327291 0
      vertex 13.66293922460509 13.111140466039204 1.6
      vertex 13.546020906725474 13.268786568327291 1.6
    endloop
  endfacet
  facet normal -0.7409511253549622 -0.671558954847015 0
    outer loop
      vertex 13.414213562373096 13.414213562373096 0
      vertex 13.546020906725474 13.268786568327291 1.6
      vertex 13.414213562373096 13.414213562373096 1.6
    endloop
  endfacet
  facet normal -0.8577286100002701 -0.5141027441932249 0
    outer loop
      vertex 13.66293922460509 13.111140466039204 0
      vertex 13.76384252869671 12.942793473651996 1.6
      vertex 13.66293922460509 13.111140466039204 1.6
    endloop
  endfacet
  facet normal 0.33688985339221533 -0.9415440651830225 0
    outer loop
      vertex 11.419430645491076 13.913880671464417 0
      vertex 11.419430645491076 13.913880671464417 1.6
      vertex 11.23463313526982 13.847759065022574 0
    endloop
  endfacet
  facet normal 0.24298017990326629 -0.9700312531945434 0
    outer loop
      vertex 11.609819355967744 13.96157056080646 0
      vertex 11.609819355967744 13.96157056080646 1.6
      vertex 11.419430645491076 13.913880671464417 0
    endloop
  endfacet
  facet normal 0.14673047445536544 -0.9891765099647805 0
    outer loop
      vertex 11.803965719340878 13.990369453344394 0
      vertex 11.803965719340878 13.990369453344394 1.6
      vertex 11.609819355967744 13.96157056080646 0
    endloop
  endfacet
  facet normal 0.049067674327415184 -0.9987954562051726 0
    outer loop
      vertex 12 14 0
      vertex 12 14 1.6
      vertex 11.803965719340878 13.990369453344394 0
    endloop
  endfacet
  facet normal -0.049067674327415184 -0.9987954562051726 0
    outer loop
      vertex 12.196034280659122 13.990369453344394 0
      vertex 12.196034280659122 13.990369453344394 1.6
      vertex 12 14 0
    endloop
  endfacet
  facet normal -0.14673047445536544 -0.9891765099647805 0
    outer loop
      vertex 12.390180644032256 13.96157056080646 0
      vertex 12.390180644032256 13.96157056080646 1.6
      vertex 12.196034280659122 13.990369453344394 0
    endloop
  endfacet
  facet normal -0.24298017990326629 -0.9700312531945434 0
    outer loop
      vertex 12.580569354508924 13.913880671464417 0
      vertex 12.580569354508924 13.913880671464417 1.6
      vertex 12.390180644032256 13.96157056080646 0
    endloop
  endfacet
  facet normal 0.24298017990326629 -0.9700312531945434 0
    outer loop
      vertex 11.419430645491076 13.913880671464417 0
      vertex 11.609819355967744 13.96157056080646 1.6
      vertex 11.419430645491076 13.913880671464417 1.6
    endloop
  endfacet
  facet normal 0.14673047445536544 -0.9891765099647805 0
    outer loop
      vertex 11.609819355967744 13.96157056080646 0
      vertex 11.803965719340878 13.990369453344394 1.6
      vertex 11.609819355967744 13.96157056080646 1.6
    endloop
  endfacet
  facet normal 0.049067674327415184 -0.9987954562051726 0
    outer loop
      vertex 11.803965719340878 13.990369453344394 0
      vertex 12 14 1.6
      vertex 11.803965719340878 13.990369453344394 1.6
    endloop
  endfacet
  facet normal -0.049067674327415184 -0.9987954562051726 0
    outer loop
      vertex 12 14 0
      vertex 12.196034280659122 13.990369453344394 1.6
      vertex 12 14 1.6
    endloop
  endfacet
  facet normal -0.14673047445536544 -0.9891765099647805 0
    outer loop
      vertex 12.196034280659122 13.990369453344394 0
      vertex 12.390180644032256 13.96157056080646 1.6
      vertex 12.196034280659122 13.990369453344394 1.6
    endloop
  endfacet
  facet normal -0.24298017990326629 -0.9700312531945434 0
    outer loop
      vertex 12.390180644032256 13.96157056080646 0
      vertex 12.580569354508924 13.913880671464417 1.6
      vertex 12.390180644032256 13.96157056080646 1.6
    endloop
  endfacet
  facet normal -0.33688985339221533 -0.9415440651830225 0
    outer loop
      vertex 12.580569354508924 13.913880671464417 0
      vertex 12.76536686473018 13.847759065022574 1.6
      vertex 12.580569354508924 13.913880671464417 1.6
    endloop
  endfacet
  facet normal -0.9700312531945434 0.24298017990326629 0
    outer loop
      vertex 13.96157056080646 11.609819355967744 0
      vertex 13.913880671464417 11.419430645491076 0
      vertex 13.913880671464417 11.419430645491076 1.6
    endloop
  endfacet
  facet normal -0.9891765099647805 0.14673047445536544 0
    outer loop
      vertex 13.990369453344394 11.803965719340878 0
      vertex 13.96157056080646 11.609819355967744 0
      vertex 13.96157056080646 11.609819355967744 1.6
    endloop
  endfacet
  facet normal -0.9987954562051726 0.049067674327415184 0
    outer loop
      vertex 14 12 0
      vertex 13.990369453344394 11.803965719340878 0
      vertex 13.990369453344394 11.803965719340878 1.6
    endloop
  endfacet
  facet normal -0.9987954562051726 -0.049067674327415184 0
    outer loop
      vertex 13.990369453344394 12.196034280659122 0
      vertex 14 12 0
      vertex 14 12 1.6
    endloop
  endfacet
  facet normal -0.9891765099647805 -0.14673047445536544 0
    outer loop
      vertex 13.96157056080646 12.390180644032256 0
      vertex 13.990369453344394 12.196034280659122 0
      vertex 13.990369453344394 12.196034280659122 1.6
    endloop
  endfacet
  facet normal -0.9700312531945434 -0.24298017990326629 0
    outer loop
      vertex 13.913880671464417 12.580569354508924 0
      vertex 13.96157056080646 12.390180644032256 0
      vertex 13.96157056080646 12.390180644032256 1.6
    endloop
  endfacet
  facet normal -0.9415440651830225 -0.33688985339221533 0
    outer loop
      vertex 13.847759065022574 12.76536686473018 0
      vertex 13.913880671464417 12.580569354508924 0
      vertex 13.913880671464417 12.580569354508924 1.6
    endloop
  endfacet
  facet normal -0.9415440651830225 0.33688985339221533 0
    outer loop
      vertex 13.913880671464417 11.419430645491076 0
      vertex 13.847759065022574 11.23463313526982 1.6
      vertex 13.913880671464417 11.419430645491076 1.6
    endloop
  endfacet
  facet normal -0.9700312531945434 0.24298017990326629 0
    outer loop
      vertex 13.96157056080646 11.609819355967744 0
      vertex 13.913880671464417 11.419430645491076 1.6
      vertex 13.96157056080646 11.609819355967744 1.6
    endloop
  endfacet
  facet normal -0.9891765099647805 0.14673047445536544 0
    outer loop
      vertex 13.990369453344394 11.803965719340878 0
      vertex 13.96157056080646 11.609819355967744 1.6
      vertex 13.990369453344394 11.803965719340878 1.6
    endloop
  endfacet
  facet normal -0.9987954562051726 0.049067674327415184 0
    outer loop
      vertex 14 12 0
      vertex 13.990369453344394 11.803965719340878 1.6
      vertex 14 12 1.6
    endloop
  endfacet
  facet normal -0.9987954562051726 -0.049067674327415184 0
    outer loop
      vertex 13.990369453344394 12.196034280659122 0
      vertex 14 12 1.6
      vertex 13.990369453344394 12.196034280659122 1.6
    endloop
  endfacet
  facet normal -0.9891765099647805 -0.14673047445536544 0
    outer loop
      vertex 13.96157056080646 12.390180644032256 0
      vertex 13.990369453344394 12.196034280659122 1.6
      vertex 13.96157056080646 12.390180644032256 1.6
    endloop
  endfacet
  facet normal -0.9700312531945434 -0.24298017990326629 0
    outer loop
      vertex 13.913880671464417 12.580569354508924 0
      vertex 13.96157056080646 12.390180644032256 1.6
      vertex 13.913880671464417 12.580569354508924 1.6
    endloop
  endfacet
endsolid OpenSCAD_Model
